session_id,vehicle_number,vehicle_type,slot_number,entry_time,exit_time,duration_minutes,status,hour,minute,day_of_week,is_weekend,is_morning_rush,is_lunch,is_evening_rush,month,day,vehicle_type_num
1,UP80FJ9849,bike,B1,2024-01-01 07:17:12,2024-01-01 11:51:12,274,completed,7,17,0,0,1,0,0,1,1,1
2,UP80LN2982,bike,B2,2024-01-01 07:40:38,2024-01-01 12:02:38,262,completed,7,40,0,0,1,0,0,1,1,1
3,UP80SJ3547,car,C1,2024-01-01 07:50:21,2024-01-01 13:59:21,369,completed,7,50,0,0,1,0,0,1,1,0
4,UP80AT5315,car,C2,2024-01-01 07:53:48,2024-01-01 13:13:48,320,completed,7,53,0,0,1,0,0,1,1,0
5,UP80CX4114,bike,B3,2024-01-01 08:13:52,2024-01-01 12:29:52,256,completed,8,13,0,0,1,0,0,1,1,1
6,UP80FU2674,car,C3,2024-01-01 08:38:00,2024-01-01 12:53:00,255,completed,8,38,0,0,1,0,0,1,1,0
7,UP80QV8527,car,C4,2024-01-01 08:08:34,2024-01-01 15:40:34,452,completed,8,8,0,0,1,0,0,1,1,0
8,UP80RU2307,car,C5,2024-01-01 08:08:00,2024-01-01 15:24:00,436,completed,8,8,0,0,1,0,0,1,1,0
9,UP80WW7227,car,C6,2024-01-01 09:37:20,2024-01-01 17:10:20,453,completed,9,37,0,0,1,0,0,1,1,0
10,UP80KU1320,car,C7,2024-01-01 09:33:07,2024-01-01 16:04:07,391,completed,9,33,0,0,1,0,0,1,1,0
11,UP80AT5315,car,C8,2024-01-01 09:28:49,2024-01-01 16:23:49,415,completed,9,28,0,0,1,0,0,1,1,0
12,UP80HP8753,bike,B4,2024-01-01 09:39:02,2024-01-01 14:23:02,284,completed,9,39,0,0,1,0,0,1,1,1
13,UP80FD2679,bike,B5,2024-01-01 10:33:19,2024-01-01 12:14:19,101,completed,10,33,0,0,0,0,0,1,1,1
14,UP80VL2040,car,C9,2024-01-01 10:25:27,2024-01-01 12:42:27,137,completed,10,25,0,0,0,0,0,1,1,0
15,UP80PT9928,car,C10,2024-01-01 10:45:58,2024-01-01 12:35:58,110,completed,10,45,0,0,0,0,0,1,1,0
16,UP80AT5315,car,C11,2024-01-01 11:08:17,2024-01-01 13:28:17,140,completed,11,8,0,0,0,0,0,1,1,0
17,UP80ZU9317,car,C12,2024-01-01 12:35:45,2024-01-01 13:13:45,38,completed,12,35,0,0,0,1,0,1,1,0
18,UP80VA3615,car,C10,2024-01-01 12:38:27,2024-01-01 13:33:27,55,completed,12,38,0,0,0,1,0,1,1,0
19,UP80UU6573,car,C3,2024-01-01 12:54:41,2024-01-01 13:51:41,57,completed,12,54,0,0,0,1,0,1,1,0
20,UP80DK4598,car,C9,2024-01-01 12:28:56,2024-01-01 13:14:56,46,completed,12,28,0,0,0,1,0,1,1,0
21,UP80LL5557,car,C13,2024-01-01 12:52:29,2024-01-01 13:45:29,53,completed,12,52,0,0,0,1,0,1,1,0
22,UP80QZ4180,bike,B1,2024-01-01 12:16:23,2024-01-01 13:12:23,56,completed,12,16,0,0,0,1,0,1,1,1
23,UP80PT9928,car,C14,2024-01-01 12:59:30,2024-01-01 14:06:30,67,completed,12,59,0,0,0,1,0,1,1,0
24,UP80EQ2876,car,C15,2024-01-01 12:47:23,2024-01-01 13:51:23,64,completed,12,47,0,0,0,1,0,1,1,0
25,UP80UD6096,car,C16,2024-01-01 12:03:37,2024-01-01 12:58:37,55,completed,12,3,0,0,0,1,0,1,1,0
26,UP80GQ7543,car,C2,2024-01-01 13:22:55,2024-01-01 14:30:55,68,completed,13,22,0,0,0,1,0,1,1,0
27,UP80GU2771,car,C3,2024-01-01 13:55:58,2024-01-01 14:39:58,44,completed,13,55,0,0,0,1,0,1,1,0
28,UP80WD3621,bike,B1,2024-01-01 13:36:32,2024-01-01 14:12:32,36,completed,13,36,0,0,0,1,0,1,1,1
29,UP80UU6573,car,C1,2024-01-01 14:14:54,2024-01-01 15:28:54,74,completed,14,14,0,0,0,0,0,1,1,0
30,UP80UD6096,car,C1,2024-01-01 15:36:14,2024-01-01 18:26:14,170,completed,15,36,0,0,0,0,0,1,1,0
31,UP80UU6573,car,C2,2024-01-01 15:49:52,2024-01-01 19:19:52,210,completed,15,49,0,0,0,0,0,1,1,0
32,UP80QV8527,car,C3,2024-01-01 16:53:44,2024-01-01 19:08:44,135,completed,16,53,0,0,0,0,0,1,1,0
33,UP80NV4228,car,C4,2024-01-01 16:17:44,2024-01-01 18:01:44,104,completed,16,17,0,0,0,0,0,1,1,0
34,UP80FN1434,bike,B1,2024-01-01 17:09:36,2024-01-01 18:36:36,87,completed,17,9,0,0,0,0,1,1,1,1
35,UP80FD2679,bike,B2,2024-01-01 17:09:47,2024-01-01 18:49:47,100,completed,17,9,0,0,0,0,1,1,1,1
36,UP80CC6635,car,C5,2024-01-01 17:24:26,2024-01-01 19:14:26,110,completed,17,24,0,0,0,0,1,1,1,0
37,UP80LP3441,bike,B3,2024-01-01 17:23:19,2024-01-01 19:09:19,106,completed,17,23,0,0,0,0,1,1,1,1
38,UP80XW5889,car,C6,2024-01-01 17:56:03,2024-01-01 19:11:03,75,completed,17,56,0,0,0,0,1,1,1,0
39,UP80JZ3266,car,C7,2024-01-01 17:03:43,2024-01-01 18:14:43,71,completed,17,3,0,0,0,0,1,1,1,0
40,UP80KQ8668,bike,B4,2024-01-01 17:28:26,2024-01-01 18:18:26,50,completed,17,28,0,0,0,0,1,1,1,1
41,UP80DJ5374,bike,B5,2024-01-01 17:07:22,2024-01-01 18:07:22,60,completed,17,7,0,0,0,0,1,1,1,1
42,UP80PS1750,bike,B6,2024-01-01 17:33:42,2024-01-01 18:17:42,44,completed,17,33,0,0,0,0,1,1,1,1
43,UP80BH6925,bike,B7,2024-01-01 17:25:38,2024-01-01 18:34:38,69,completed,17,25,0,0,0,0,1,1,1,1
44,UP80QE5010,car,C8,2024-01-01 17:08:48,2024-01-01 18:57:48,109,completed,17,8,0,0,0,0,1,1,1,0
45,UP80GQ7543,car,C9,2024-01-01 17:07:00,2024-01-01 18:50:00,103,completed,17,7,0,0,0,0,1,1,1,0
46,UP80SW1916,bike,B8,2024-01-01 17:45:14,2024-01-01 19:21:14,96,completed,17,45,0,0,0,0,1,1,1,1
47,UP80ZY4295,bike,B9,2024-01-01 17:04:25,2024-01-01 17:53:25,49,completed,17,4,0,0,0,0,1,1,1,1
48,UP80GQ7543,car,C10,2024-01-01 17:04:55,2024-01-01 18:46:55,102,completed,17,4,0,0,0,0,1,1,1,0
49,UP80UF9486,car,C1,2024-01-01 18:36:25,2024-01-01 19:58:25,82,completed,18,36,0,0,0,0,1,1,1,0
50,UP80GL8613,car,C4,2024-01-01 18:20:10,2024-01-01 20:19:10,119,completed,18,20,0,0,0,0,1,1,1,0
51,UP80FA6168,bike,B4,2024-01-01 18:29:53,2024-01-01 20:25:53,116,completed,18,29,0,0,0,0,1,1,1,1
52,UP80NZ1188,bike,B5,2024-01-01 18:15:27,2024-01-01 19:55:27,100,completed,18,15,0,0,0,0,1,1,1,1
53,UP80HQ2625,bike,B1,2024-01-01 19:05:25,2024-01-01 20:08:25,63,completed,19,5,0,0,0,0,1,1,1,1
54,UP80VA3615,car,C3,2024-01-01 19:10:04,2024-01-01 21:02:04,112,completed,19,10,0,0,0,0,1,1,1,0
55,UP80SW1916,bike,B2,2024-01-01 19:33:32,2024-01-01 20:10:32,37,completed,19,33,0,0,0,0,1,1,1,1
56,UP80LL5557,car,C1,2024-01-01 20:41:52,2024-01-02 00:02:52,201,completed,20,41,0,0,0,0,0,1,1,0
57,UP80ZU9317,car,C2,2024-01-01 20:09:16,2024-01-01 22:47:16,158,completed,20,9,0,0,0,0,0,1,1,0
58,UP80AW3979,car,C4,2024-01-01 20:04:11,2024-01-01 22:59:11,175,completed,20,4,0,0,0,0,0,1,1,0
59,UP80KS8699,car,C5,2024-01-01 20:31:29,2024-01-01 21:37:29,66,completed,20,31,0,0,0,0,0,1,1,0
60,UP80XW5889,car,C2,2024-01-01 22:56:36,2024-01-02 00:27:36,91,completed,22,56,0,0,0,0,0,1,1,0
61,UP80HA5279,bike,B1,2024-01-01 23:20:55,2024-01-02 00:40:55,80,completed,23,20,0,0,0,0,0,1,1,1
62,UP80KQ8668,bike,B1,2024-01-02 07:05:41,2024-01-02 11:23:41,258,completed,7,5,1,0,1,0,0,1,2,1
63,UP80QV8527,car,C1,2024-01-02 07:23:01,2024-01-02 14:15:01,412,completed,7,23,1,0,1,0,0,1,2,0
64,UP80SJ3547,car,C2,2024-01-02 07:49:31,2024-01-02 13:32:31,343,completed,7,49,1,0,1,0,0,1,2,0
65,UP80LL5557,car,C3,2024-01-02 07:09:04,2024-01-02 11:54:04,285,completed,7,9,1,0,1,0,0,1,2,0
66,UP80DK4598,car,C4,2024-01-02 07:47:56,2024-01-02 13:43:56,356,completed,7,47,1,0,1,0,0,1,2,0
67,UP80ZU9317,car,C5,2024-01-02 08:56:49,2024-01-02 14:30:49,334,completed,8,56,1,0,1,0,0,1,2,0
68,UP80PA2343,car,C6,2024-01-02 08:53:44,2024-01-02 15:17:44,384,completed,8,53,1,0,1,0,0,1,2,0
69,UP80FA6168,bike,B2,2024-01-02 08:46:28,2024-01-02 12:26:28,220,completed,8,46,1,0,1,0,0,1,2,1
70,UP80JZ3266,car,C7,2024-01-02 08:28:39,2024-01-02 13:48:39,320,completed,8,28,1,0,1,0,0,1,2,0
71,UP80WD3621,bike,B3,2024-01-02 08:14:34,2024-01-02 12:46:34,272,completed,8,14,1,0,1,0,0,1,2,1
72,UP80SS2052,car,C8,2024-01-02 08:43:36,2024-01-02 14:20:36,337,completed,8,43,1,0,1,0,0,1,2,0
73,UP80TW3091,car,C9,2024-01-02 08:49:18,2024-01-02 12:15:18,206,completed,8,49,1,0,1,0,0,1,2,0
74,UP80DH1958,bike,B4,2024-01-02 09:52:12,2024-01-02 13:25:12,213,completed,9,52,1,0,1,0,0,1,2,1
75,UP80WD3621,bike,B5,2024-01-02 09:55:16,2024-01-02 14:48:16,293,completed,9,55,1,0,1,0,0,1,2,1
76,UP80WX3697,car,C10,2024-01-02 10:06:45,2024-01-02 11:29:45,83,completed,10,6,1,0,0,0,0,1,2,0
77,UP80ZT4878,bike,B6,2024-01-02 11:18:05,2024-01-02 12:04:05,46,completed,11,18,1,0,0,0,0,1,2,1
78,UP80PS1750,bike,B1,2024-01-02 11:53:27,2024-01-02 13:17:27,84,completed,11,53,1,0,0,0,0,1,2,1
79,UP80CM2133,car,C10,2024-01-02 11:52:28,2024-01-02 13:17:28,85,completed,11,52,1,0,0,0,0,1,2,0
80,UP80PT9928,car,C11,2024-01-02 11:23:15,2024-01-02 13:43:15,140,completed,11,23,1,0,0,0,0,1,2,0
81,UP80LL5557,car,C3,2024-01-02 12:23:14,2024-01-02 13:38:14,75,completed,12,23,1,0,0,1,0,1,2,0
82,UP80DJ5374,bike,B2,2024-01-02 12:50:09,2024-01-02 13:16:09,26,completed,12,50,1,0,0,1,0,1,2,1
83,UP80SJ3547,car,C9,2024-01-02 12:58:53,2024-01-02 13:59:53,61,completed,12,58,1,0,0,1,0,1,2,0
84,UP80YX6038,car,C12,2024-01-02 12:39:00,2024-01-02 13:16:00,37,completed,12,39,1,0,0,1,0,1,2,0
85,UP80DS4571,car,C13,2024-01-02 12:16:13,2024-01-02 13:41:13,85,completed,12,16,1,0,0,1,0,1,2,0
86,UP80BJ3143,bike,B3,2024-01-02 12:27:07,2024-01-02 13:04:07,37,completed,12,27,1,0,0,1,0,1,2,1
87,UP80DD9830,car,C10,2024-01-02 13:19:07,2024-01-02 14:01:07,42,completed,13,19,1,0,0,1,0,1,2,0
88,UP80AJ7624,bike,B1,2024-01-02 13:04:07,2024-01-02 13:32:07,28,completed,13,4,1,0,0,1,0,1,2,1
89,UP80KQ8668,bike,B1,2024-01-02 14:38:34,2024-01-02 15:17:34,39,completed,14,38,1,0,0,0,0,1,2,1
90,UP80SW1916,bike,B1,2024-01-02 15:18:27,2024-01-02 16:14:27,56,completed,15,18,1,0,0,0,0,1,2,1
91,UP80PT9928,car,C1,2024-01-02 16:15:36,2024-01-02 17:37:36,82,completed,16,15,1,0,0,0,0,1,2,0
92,UP80KQ8668,bike,B1,2024-01-02 16:33:34,2024-01-02 17:44:34,71,completed,16,33,1,0,0,0,0,1,2,1
93,UP80WD3621,bike,B2,2024-01-02 16:35:01,2024-01-02 18:13:01,98,completed,16,35,1,0,0,0,0,1,2,1
94,UP80PE7211,car,C2,2024-01-02 16:23:16,2024-01-02 18:33:16,130,completed,16,23,1,0,0,0,0,1,2,0
95,UP80LL5557,car,C3,2024-01-02 16:50:04,2024-01-02 18:58:04,128,completed,16,50,1,0,0,0,0,1,2,0
96,UP80SC9797,car,C4,2024-01-02 16:21:08,2024-01-02 17:16:08,55,completed,16,21,1,0,0,0,0,1,2,0
97,UP80NC1771,car,C4,2024-01-02 17:21:52,2024-01-02 19:24:52,123,completed,17,21,1,0,0,0,1,1,2,0
98,UP80NC1771,car,C5,2024-01-02 17:11:51,2024-01-02 18:36:51,85,completed,17,11,1,0,0,0,1,1,2,0
99,UP80NZ7201,car,C6,2024-01-02 17:02:18,2024-01-02 18:51:18,109,completed,17,2,1,0,0,0,1,1,2,0
100,UP80SC9797,car,C7,2024-01-02 17:19:32,2024-01-02 18:31:32,72,completed,17,19,1,0,0,0,1,1,2,0
101,UP80NZ7201,car,C8,2024-01-02 17:30:16,2024-01-02 18:46:16,76,completed,17,30,1,0,0,0,1,1,2,0
102,UP80GR6977,car,C9,2024-01-02 17:03:55,2024-01-02 19:31:55,148,completed,17,3,1,0,0,0,1,1,2,0
103,UP80FM8517,bike,B3,2024-01-02 17:07:51,2024-01-02 18:19:51,72,completed,17,7,1,0,0,0,1,1,2,1
104,UP80AJ7624,bike,B4,2024-01-02 17:24:21,2024-01-02 17:46:21,22,completed,17,24,1,0,0,0,1,1,2,1
105,UP80NZ1188,bike,B5,2024-01-02 17:44:31,2024-01-02 18:57:31,73,completed,17,44,1,0,0,0,1,1,2,1
106,UP80QV8527,car,C1,2024-01-02 17:27:05,2024-01-02 19:09:05,102,completed,17,27,1,0,0,0,1,1,2,0
107,UP80PT9928,car,C10,2024-01-02 17:34:18,2024-01-02 18:52:18,78,completed,17,34,1,0,0,0,1,1,2,0
108,UP80PA2343,car,C11,2024-01-02 17:28:38,2024-01-02 19:20:38,112,completed,17,28,1,0,0,0,1,1,2,0
109,UP80SX2424,car,C12,2024-01-02 17:44:28,2024-01-02 19:04:28,80,completed,17,44,1,0,0,0,1,1,2,0
110,UP80QA2535,bike,B1,2024-01-02 18:39:27,2024-01-02 18:59:27,20,completed,18,39,1,0,0,0,1,1,2,1
111,UP80FA6168,bike,B2,2024-01-02 18:04:42,2024-01-02 18:37:42,33,completed,18,4,1,0,0,0,1,1,2,1
112,UP80ZU9317,car,C2,2024-01-02 18:10:01,2024-01-02 19:35:01,85,completed,18,10,1,0,0,0,1,1,2,0
113,UP80SJ3547,car,C5,2024-01-02 18:43:50,2024-01-02 21:00:50,137,completed,18,43,1,0,0,0,1,1,2,0
114,UP80CL8433,car,C7,2024-01-02 18:23:23,2024-01-02 20:14:23,111,completed,18,23,1,0,0,0,1,1,2,0
115,UP80JZ3266,car,C13,2024-01-02 18:02:38,2024-01-02 19:59:38,117,completed,18,2,1,0,0,0,1,1,2,0
116,UP80NZ1188,bike,B1,2024-01-02 19:48:04,2024-01-02 20:55:04,67,completed,19,48,1,0,0,0,1,1,2,1
117,UP80GR6977,car,C1,2024-01-02 19:23:25,2024-01-02 20:53:25,90,completed,19,23,1,0,0,0,1,1,2,0
118,UP80KB6155,car,C2,2024-01-02 20:47:11,2024-01-02 23:06:11,139,completed,20,47,1,0,0,0,0,1,2,0
119,UP80WW7227,car,C1,2024-01-02 20:58:35,2024-01-02 22:50:35,112,completed,20,58,1,0,0,0,0,1,2,0
120,UP80VL2040,car,C3,2024-01-02 20:39:18,2024-01-02 22:12:18,93,completed,20,39,1,0,0,0,0,1,2,0
121,UP80FN1434,bike,B1,2024-01-02 20:12:07,2024-01-02 20:35:07,23,completed,20,12,1,0,0,0,0,1,2,1
122,UP80EZ5349,car,C4,2024-01-02 20:28:05,2024-01-02 22:53:05,145,completed,20,28,1,0,0,0,0,1,2,0
123,UP80DS4571,car,C5,2024-01-02 21:42:22,2024-01-02 22:20:22,38,completed,21,42,1,0,0,0,0,1,2,0
124,UP80SD9042,car,C6,2024-01-02 21:54:10,2024-01-02 23:31:10,97,completed,21,54,1,0,0,0,0,1,2,0
125,UP80QR2375,bike,B1,2024-01-02 21:40:11,2024-01-02 23:06:11,86,completed,21,40,1,0,0,0,0,1,2,1
126,UP80VL2040,car,C3,2024-01-02 22:50:08,2024-01-03 02:44:08,234,completed,22,50,1,0,0,0,0,1,2,0
127,UP80FA6168,bike,B2,2024-01-02 22:01:23,2024-01-02 22:06:23,5,completed,22,1,1,0,0,0,0,1,2,1
128,UP80FX6413,bike,B2,2024-01-02 22:08:39,2024-01-02 23:37:39,89,completed,22,8,1,0,0,0,0,1,2,1
129,UP80BR1878,car,C1,2024-01-02 23:19:25,2024-01-03 00:38:25,79,completed,23,19,1,0,0,0,0,1,2,0
130,UP80RD8564,car,C1,2024-01-03 06:25:08,2024-01-03 08:30:08,125,completed,6,25,2,0,0,0,0,1,3,0
131,UP80NC1771,car,C2,2024-01-03 07:35:06,2024-01-03 14:22:06,407,completed,7,35,2,0,1,0,0,1,3,0
132,UP80KB6155,car,C3,2024-01-03 07:09:06,2024-01-03 13:54:06,405,completed,7,9,2,0,1,0,0,1,3,0
133,UP80CC6635,car,C4,2024-01-03 07:55:39,2024-01-03 14:49:39,414,completed,7,55,2,0,1,0,0,1,3,0
134,UP80CC6635,car,C5,2024-01-03 07:46:20,2024-01-03 11:37:20,231,completed,7,46,2,0,1,0,0,1,3,0
135,UP80SS2169,bike,B1,2024-01-03 07:31:32,2024-01-03 11:04:32,213,completed,7,31,2,0,1,0,0,1,3,1
136,UP80RU2307,car,C6,2024-01-03 08:25:32,2024-01-03 14:25:32,360,completed,8,25,2,0,1,0,0,1,3,0
137,UP80QA2535,bike,B2,2024-01-03 08:13:37,2024-01-03 11:57:37,224,completed,8,13,2,0,1,0,0,1,3,1
138,UP80DJ5374,bike,B3,2024-01-03 08:53:41,2024-01-03 14:12:41,319,completed,8,53,2,0,1,0,0,1,3,1
139,UP80QT9270,bike,B4,2024-01-03 08:34:00,2024-01-03 13:05:00,271,completed,8,34,2,0,1,0,0,1,3,1
140,UP80SX2424,car,C1,2024-01-03 08:23:48,2024-01-03 14:58:48,395,completed,8,23,2,0,1,0,0,1,3,0
141,UP80NZ7201,car,C7,2024-01-03 08:25:03,2024-01-03 13:52:03,327,completed,8,25,2,0,1,0,0,1,3,0
142,UP80UU6573,car,C8,2024-01-03 09:24:32,2024-01-03 16:01:32,397,completed,9,24,2,0,1,0,0,1,3,0
143,UP80TZ9595,car,C9,2024-01-03 09:17:52,2024-01-03 14:52:52,335,completed,9,17,2,0,1,0,0,1,3,0
144,UP80DK4598,car,C10,2024-01-03 09:06:25,2024-01-03 14:45:25,339,completed,9,6,2,0,1,0,0,1,3,0
145,UP80XJ3584,car,C11,2024-01-03 10:35:23,2024-01-03 12:02:23,87,completed,10,35,2,0,0,0,0,1,3,0
146,UP80DK4598,car,C12,2024-01-03 10:02:02,2024-01-03 11:37:02,95,completed,10,2,2,0,0,0,0,1,3,0
147,UP80FU2674,car,C5,2024-01-03 11:51:30,2024-01-03 13:13:30,82,completed,11,51,2,0,0,0,0,1,3,0
148,UP80CC6635,car,C12,2024-01-03 11:20:59,2024-01-03 12:50:59,90,completed,11,20,2,0,0,0,0,1,3,0
149,UP80JV4728,bike,B1,2024-01-03 11:25:39,2024-01-03 12:15:39,50,completed,11,25,2,0,0,0,0,1,3,1
150,UP80CL8433,car,C11,2024-01-03 12:32:34,2024-01-03 13:18:34,46,completed,12,32,2,0,0,1,0,1,3,0
151,UP80GL6279,car,C13,2024-01-03 12:19:30,2024-01-03 13:14:30,55,completed,12,19,2,0,0,1,0,1,3,0
152,UP80FD2679,bike,B1,2024-01-03 13:26:37,2024-01-03 14:17:37,51,completed,13,26,2,0,0,1,0,1,3,1
153,UP80AT5315,car,C5,2024-01-03 13:38:30,2024-01-03 14:09:30,31,completed,13,38,2,0,0,1,0,1,3,0
154,UP80XW5889,car,C11,2024-01-03 13:37:30,2024-01-03 14:22:30,45,completed,13,37,2,0,0,1,0,1,3,0
155,UP80RU2307,car,C12,2024-01-03 13:49:53,2024-01-03 15:36:53,107,completed,13,49,2,0,0,1,0,1,3,0
156,UP80QE5010,car,C3,2024-01-03 14:07:12,2024-01-03 16:26:12,139,completed,14,7,2,0,0,0,0,1,3,0
157,UP80BH6925,bike,B1,2024-01-03 14:26:09,2024-01-03 15:04:09,38,completed,14,26,2,0,0,0,0,1,3,1
158,UP80UK8253,car,C2,2024-01-03 14:58:30,2024-01-03 17:34:30,156,completed,14,58,2,0,0,0,0,1,3,0
159,UP80EG6363,bike,B2,2024-01-03 14:46:03,2024-01-03 16:06:03,80,completed,14,46,2,0,0,0,0,1,3,1
160,UP80QE5010,car,C1,2024-01-03 15:42:30,2024-01-03 18:16:30,154,completed,15,42,2,0,0,0,0,1,3,0
161,UP80JB6409,bike,B1,2024-01-03 16:11:29,2024-01-03 16:50:29,39,completed,16,11,2,0,0,0,0,1,3,1
162,UP80WW7227,car,C3,2024-01-03 16:55:46,2024-01-03 18:37:46,102,completed,16,55,2,0,0,0,0,1,3,0
163,UP80RU2307,car,C4,2024-01-03 16:39:30,2024-01-03 18:32:30,113,completed,16,39,2,0,0,0,0,1,3,0
164,UP80BH6925,bike,B1,2024-01-03 17:19:49,2024-01-03 18:54:49,95,completed,17,19,2,0,0,0,1,1,3,1
165,UP80WD3621,bike,B2,2024-01-03 17:44:45,2024-01-03 18:25:45,41,completed,17,44,2,0,0,0,1,1,3,1
166,UP80VA3615,car,C2,2024-01-03 17:50:46,2024-01-03 20:16:46,146,completed,17,50,2,0,0,0,1,1,3,0
167,UP80FM8517,bike,B3,2024-01-03 17:36:43,2024-01-03 19:16:43,100,completed,17,36,2,0,0,0,1,1,3,1
168,UP80DJ5374,bike,B4,2024-01-03 17:51:09,2024-01-03 18:09:09,18,completed,17,51,2,0,0,0,1,1,3,1
169,UP80JZ3266,car,C5,2024-01-03 17:45:05,2024-01-03 18:47:05,62,completed,17,45,2,0,0,0,1,1,3,0
170,UP80ZT4878,bike,B5,2024-01-03 17:13:12,2024-01-03 17:53:12,40,completed,17,13,2,0,0,0,1,1,3,1
171,UP80SJ3547,car,C6,2024-01-03 17:59:35,2024-01-03 20:07:35,128,completed,17,59,2,0,0,0,1,1,3,0
172,UP80NZ1188,bike,B5,2024-01-03 17:15:15,2024-01-03 18:56:15,101,completed,17,15,2,0,0,0,1,1,3,1
173,UP80LL5557,car,C7,2024-01-03 17:14:40,2024-01-03 18:03:40,49,completed,17,14,2,0,0,0,1,1,3,0
174,UP80DU9837,bike,B6,2024-01-03 17:06:43,2024-01-03 18:41:43,95,completed,17,6,2,0,0,0,1,1,3,1
175,UP80WD3621,bike,B7,2024-01-03 17:35:59,2024-01-03 18:33:59,58,completed,17,35,2,0,0,0,1,1,3,1
176,UP80QA2535,bike,B4,2024-01-03 18:18:20,2024-01-03 19:35:20,77,completed,18,18,2,0,0,0,1,1,3,1
177,UP80CL8433,car,C1,2024-01-03 18:58:49,2024-01-03 20:33:49,95,completed,18,58,2,0,0,0,1,1,3,0
178,UP80QV8527,car,C3,2024-01-03 18:54:59,2024-01-03 21:12:59,138,completed,18,54,2,0,0,0,1,1,3,0
179,UP80GW7932,bike,B1,2024-01-03 18:26:56,2024-01-03 20:06:56,100,completed,18,26,2,0,0,0,1,1,3,1
180,UP80KA8711,car,C4,2024-01-03 18:31:11,2024-01-03 20:00:11,89,completed,18,31,2,0,0,0,1,1,3,0
181,UP80CL8433,car,C5,2024-01-03 18:56:02,2024-01-03 19:30:02,34,completed,18,56,2,0,0,0,1,1,3,0
182,UP80SC9797,car,C7,2024-01-03 18:21:18,2024-01-03 19:09:18,48,completed,18,21,2,0,0,0,1,1,3,0
183,UP80LY8973,car,C5,2024-01-03 19:33:31,2024-01-03 21:22:31,109,completed,19,33,2,0,0,0,1,1,3,0
184,UP80CC6635,car,C7,2024-01-03 19:12:51,2024-01-03 20:14:51,62,completed,19,12,2,0,0,0,1,1,3,0
185,UP80QV8527,car,C8,2024-01-03 19:46:29,2024-01-03 21:43:29,117,completed,19,46,2,0,0,0,1,1,3,0
186,UP80NZ7201,car,C9,2024-01-03 19:18:36,2024-01-03 20:50:36,92,completed,19,18,2,0,0,0,1,1,3,0
187,UP80TK7547,bike,B2,2024-01-03 19:11:39,2024-01-03 20:39:39,88,completed,19,11,2,0,0,0,1,1,3,1
188,UP80QV8527,car,C10,2024-01-03 19:05:25,2024-01-03 20:03:25,58,completed,19,5,2,0,0,0,1,1,3,0
189,UP80RU2307,car,C11,2024-01-03 19:08:30,2024-01-03 21:07:30,119,completed,19,8,2,0,0,0,1,1,3,0
190,UP80DK4598,car,C2,2024-01-03 20:28:48,2024-01-03 22:29:48,121,completed,20,28,2,0,0,0,0,1,3,0
191,UP80YY1009,car,C4,2024-01-03 20:19:37,2024-01-03 22:16:37,117,completed,20,19,2,0,0,0,0,1,3,0
192,UP80NC1771,car,C6,2024-01-03 20:15:03,2024-01-03 22:52:03,157,completed,20,15,2,0,0,0,0,1,3,0
193,UP80KQ8668,bike,B1,2024-01-03 21:19:10,2024-01-03 23:20:10,121,completed,21,19,2,0,0,0,0,1,3,1
194,UP80DJ5374,bike,B2,2024-01-03 21:49:19,2024-01-03 22:39:19,50,completed,21,49,2,0,0,0,0,1,3,1
195,UP80SJ3547,car,C1,2024-01-03 21:23:39,2024-01-03 22:39:39,76,completed,21,23,2,0,0,0,0,1,3,0
196,UP80DM3705,bike,B1,2024-01-04 00:56:46,2024-01-04 02:14:46,78,completed,0,56,3,0,0,0,0,1,4,1
197,UP80FD2679,bike,B1,2024-01-04 06:51:42,2024-01-04 08:06:42,75,completed,6,51,3,0,0,0,0,1,4,1
198,UP80QA2535,bike,B2,2024-01-04 07:38:02,2024-01-04 12:00:02,262,completed,7,38,3,0,1,0,0,1,4,1
199,UP80JZ3266,car,C1,2024-01-04 07:15:47,2024-01-04 13:19:47,364,completed,7,15,3,0,1,0,0,1,4,0
200,UP80KQ8668,bike,B3,2024-01-04 07:55:49,2024-01-04 12:36:49,281,completed,7,55,3,0,1,0,0,1,4,1
201,UP80QU4697,car,C2,2024-01-04 08:18:14,2024-01-04 13:08:14,290,completed,8,18,3,0,1,0,0,1,4,0
202,UP80BJ3143,bike,B1,2024-01-04 08:49:43,2024-01-04 12:12:43,203,completed,8,49,3,0,1,0,0,1,4,1
203,UP80NZ1188,bike,B4,2024-01-04 08:19:56,2024-01-04 12:28:56,249,completed,8,19,3,0,1,0,0,1,4,1
204,UP80UK8253,car,C3,2024-01-04 08:03:35,2024-01-04 14:52:35,409,completed,8,3,3,0,1,0,0,1,4,0
205,UP80GQ7543,car,C4,2024-01-04 08:58:11,2024-01-04 14:40:11,342,completed,8,58,3,0,1,0,0,1,4,0
206,UP80NZ1188,bike,B5,2024-01-04 08:22:41,2024-01-04 12:15:41,233,completed,8,22,3,0,1,0,0,1,4,1
207,UP80FU2674,car,C5,2024-01-04 08:20:44,2024-01-04 14:08:44,348,completed,8,20,3,0,1,0,0,1,4,0
208,UP80PS1750,bike,B6,2024-01-04 08:34:30,2024-01-04 13:10:30,276,completed,8,34,3,0,1,0,0,1,4,1
209,UP80SS2052,car,C6,2024-01-04 08:19:54,2024-01-04 15:25:54,426,completed,8,19,3,0,1,0,0,1,4,0
210,UP80KB6155,car,C7,2024-01-04 09:26:35,2024-01-04 14:46:35,320,completed,9,26,3,0,1,0,0,1,4,0
211,UP80PT9928,car,C8,2024-01-04 09:15:16,2024-01-04 16:57:16,462,completed,9,15,3,0,1,0,0,1,4,0
212,UP80BF5345,bike,B7,2024-01-04 09:05:34,2024-01-04 12:10:34,185,completed,9,5,3,0,1,0,0,1,4,1
213,UP80ZU9317,car,C9,2024-01-04 09:03:17,2024-01-04 13:25:17,262,completed,9,3,3,0,1,0,0,1,4,0
214,UP80DV5978,car,C10,2024-01-04 09:12:51,2024-01-04 13:58:51,286,completed,9,12,3,0,1,0,0,1,4,0
215,UP80BH6925,bike,B8,2024-01-04 10:42:35,2024-01-04 12:12:35,90,completed,10,42,3,0,0,0,0,1,4,1
216,UP80NZ7201,car,C11,2024-01-04 10:58:00,2024-01-04 12:31:00,93,completed,10,58,3,0,0,0,0,1,4,0
217,UP80EB1043,car,C12,2024-01-04 11:47:07,2024-01-04 13:17:07,90,completed,11,47,3,0,0,0,0,1,4,0
218,UP80RU2307,car,C11,2024-01-04 12:38:45,2024-01-04 13:39:45,61,completed,12,38,3,0,0,1,0,1,4,0
219,UP80RG6491,bike,B1,2024-01-04 12:35:20,2024-01-04 12:58:20,23,completed,12,35,3,0,0,1,0,1,4,1
220,UP80VL2040,car,C13,2024-01-04 12:19:16,2024-01-04 13:25:16,66,completed,12,19,3,0,0,1,0,1,4,0
221,UP80BR1878,car,C14,2024-01-04 12:29:06,2024-01-04 12:51:06,22,completed,12,29,3,0,0,1,0,1,4,0
222,UP80DD9830,car,C14,2024-01-04 12:58:13,2024-01-04 14:05:13,67,completed,12,58,3,0,0,1,0,1,4,0
223,UP80HQ8025,car,C15,2024-01-04 12:02:36,2024-01-04 13:11:36,69,completed,12,2,3,0,0,1,0,1,4,0
224,UP80DD9830,car,C1,2024-01-04 13:59:37,2024-01-04 15:11:37,72,completed,13,59,3,0,0,1,0,1,4,0
225,UP80PS1750,bike,B1,2024-01-04 13:18:09,2024-01-04 13:42:09,24,completed,13,18,3,0,0,1,0,1,4,1
226,UP80DK4598,car,C2,2024-01-04 13:31:35,2024-01-04 14:56:35,85,completed,13,31,3,0,0,1,0,1,4,0
227,UP80DV5978,car,C9,2024-01-04 13:16:48,2024-01-04 14:01:48,45,completed,13,16,3,0,0,1,0,1,4,0
228,UP80LQ9565,car,C10,2024-01-04 13:10:46,2024-01-04 13:51:46,41,completed,13,10,3,0,0,1,0,1,4,0
229,UP80QV8527,car,C11,2024-01-04 13:08:46,2024-01-04 14:29:46,81,completed,13,8,3,0,0,1,0,1,4,0
230,UP80FN1434,bike,B2,2024-01-04 13:41:03,2024-01-04 14:16:03,35,completed,13,41,3,0,0,1,0,1,4,1
231,UP80RA5506,car,C10,2024-01-04 13:52:42,2024-01-04 14:19:42,27,completed,13,52,3,0,0,1,0,1,4,0
232,UP80YY1009,car,C5,2024-01-04 14:14:04,2024-01-04 16:54:04,160,completed,14,14,3,0,0,0,0,1,4,0
233,UP80QA2535,bike,B1,2024-01-04 14:13:32,2024-01-04 15:00:32,47,completed,14,13,3,0,0,0,0,1,4,1
234,UP80VL2040,car,C1,2024-01-04 15:39:58,2024-01-04 16:58:58,79,completed,15,39,3,0,0,0,0,1,4,0
235,UP80DD9830,car,C2,2024-01-04 15:01:00,2024-01-04 17:49:00,168,completed,15,1,3,0,0,0,0,1,4,0
236,UP80YX6038,car,C3,2024-01-04 15:17:34,2024-01-04 17:20:34,123,completed,15,17,3,0,0,0,0,1,4,0
237,UP80GQ7543,car,C4,2024-01-04 15:32:52,2024-01-04 18:02:52,150,completed,15,32,3,0,0,0,0,1,4,0
238,UP80FU2674,car,C6,2024-01-04 16:06:58,2024-01-04 16:43:58,37,completed,16,6,3,0,0,0,0,1,4,0
239,UP80WW7227,car,C7,2024-01-04 16:15:12,2024-01-04 18:27:12,132,completed,16,15,3,0,0,0,0,1,4,0
240,UP80FM8517,bike,B1,2024-01-04 16:25:05,2024-01-04 17:21:05,56,completed,16,25,3,0,0,0,0,1,4,1
241,UP80PS1750,bike,B1,2024-01-04 17:29:36,2024-01-04 18:29:36,60,completed,17,29,3,0,0,0,1,1,4,1
242,UP80RM1282,bike,B2,2024-01-04 17:05:41,2024-01-04 19:04:41,119,completed,17,5,3,0,0,0,1,1,4,1
243,UP80KB6155,car,C1,2024-01-04 17:48:02,2024-01-04 18:53:02,65,completed,17,48,3,0,0,0,1,1,4,0
244,UP80JK1887,car,C3,2024-01-04 17:40:00,2024-01-04 19:33:00,113,completed,17,40,3,0,0,0,1,1,4,0
245,UP80DK4598,car,C5,2024-01-04 17:31:54,2024-01-04 18:06:54,35,completed,17,31,3,0,0,0,1,1,4,0
246,UP80SX2424,car,C6,2024-01-04 17:06:57,2024-01-04 18:12:57,66,completed,17,6,3,0,0,0,1,1,4,0
247,UP80AN5494,bike,B3,2024-01-04 18:14:13,2024-01-04 19:50:13,96,completed,18,14,3,0,0,0,1,1,4,1
248,UP80GR6977,car,C2,2024-01-04 18:02:59,2024-01-04 19:09:59,67,completed,18,2,3,0,0,0,1,1,4,0
249,UP80SX2424,car,C1,2024-01-04 18:57:34,2024-01-04 20:52:34,115,completed,18,57,3,0,0,0,1,1,4,0
250,UP80FM8517,bike,B1,2024-01-04 18:01:13,2024-01-04 20:00:13,119,completed,18,1,3,0,0,0,1,1,4,1
251,UP80CL8433,car,C4,2024-01-04 18:59:04,2024-01-04 20:32:04,93,completed,18,59,3,0,0,0,1,1,4,0
252,UP80CX4114,bike,B4,2024-01-04 18:24:43,2024-01-04 20:26:43,122,completed,18,24,3,0,0,0,1,1,4,1
253,UP80HJ5952,bike,B5,2024-01-04 18:24:48,2024-01-04 19:34:48,70,completed,18,24,3,0,0,0,1,1,4,1
254,UP80PS1750,bike,B6,2024-01-04 18:22:03,2024-01-04 19:07:03,45,completed,18,22,3,0,0,0,1,1,4,1
255,UP80XW5889,car,C2,2024-01-04 19:53:04,2024-01-04 21:51:04,118,completed,19,53,3,0,0,0,1,1,4,0
256,UP80GR6977,car,C3,2024-01-04 19:49:20,2024-01-04 21:10:20,81,completed,19,49,3,0,0,0,1,1,4,0
257,UP80SW1916,bike,B2,2024-01-04 19:50:28,2024-01-04 20:42:28,52,completed,19,50,3,0,0,0,1,1,4,1
258,UP80KB6155,car,C5,2024-01-04 19:11:43,2024-01-04 20:31:43,80,completed,19,11,3,0,0,0,1,1,4,0
259,UP80RU2307,car,C6,2024-01-04 19:05:49,2024-01-04 20:32:49,87,completed,19,5,3,0,0,0,1,1,4,0
260,UP80JX5526,bike,B3,2024-01-04 19:09:24,2024-01-04 20:13:24,64,completed,19,9,3,0,0,0,1,1,4,1
261,UP80FA6168,bike,B5,2024-01-04 19:09:47,2024-01-04 20:26:47,77,completed,19,9,3,0,0,0,1,1,4,1
262,UP80GR6977,car,C7,2024-01-04 19:19:28,2024-01-04 20:50:28,91,completed,19,19,3,0,0,0,1,1,4,0
263,UP80GQ7543,car,C8,2024-01-04 19:06:08,2024-01-04 19:59:08,53,completed,19,6,3,0,0,0,1,1,4,0
264,UP80SW1916,bike,B1,2024-01-04 20:26:06,2024-01-04 21:51:06,85,completed,20,26,3,0,0,0,0,1,4,1
265,UP80QE5010,car,C4,2024-01-04 20:35:05,2024-01-04 22:39:05,124,completed,20,35,3,0,0,0,0,1,4,0
266,UP80DV5978,car,C5,2024-01-04 20:26:24,2024-01-04 22:21:24,115,completed,20,26,3,0,0,0,0,1,4,0
267,UP80PL1158,car,C1,2024-01-04 20:57:35,2024-01-04 22:35:35,98,completed,20,57,3,0,0,0,0,1,4,0
268,UP80SS2169,bike,B2,2024-01-04 21:24:10,2024-01-04 22:32:10,68,completed,21,24,3,0,0,0,0,1,4,1
269,UP80CC6635,car,C3,2024-01-04 21:17:31,2024-01-04 22:38:31,81,completed,21,17,3,0,0,0,0,1,4,0
270,UP80WW7227,car,C2,2024-01-04 22:30:50,2024-01-05 00:46:50,136,completed,22,30,3,0,0,0,0,1,4,0
271,UP80ZU9317,car,C5,2024-01-04 22:15:46,2024-01-04 23:42:46,87,completed,22,15,3,0,0,0,0,1,4,0
272,UP80FM8517,bike,B1,2024-01-04 22:08:19,2024-01-04 23:04:19,56,completed,22,8,3,0,0,0,0,1,4,1
273,UP80DK4598,car,C1,2024-01-04 23:21:53,2024-01-05 00:41:53,80,completed,23,21,3,0,0,0,0,1,4,0
274,UP80BH6925,bike,B1,2024-01-05 04:19:21,2024-01-05 05:43:21,84,completed,4,19,4,0,0,0,0,1,5,1
275,UP80LL5557,car,C1,2024-01-05 06:33:30,2024-01-05 07:35:30,62,completed,6,33,4,0,0,0,0,1,5,0
276,UP80VA3615,car,C2,2024-01-05 07:20:04,2024-01-05 13:55:04,395,completed,7,20,4,0,1,0,0,1,5,0
277,UP80LL5557,car,C3,2024-01-05 07:01:54,2024-01-05 12:45:54,344,completed,7,1,4,0,1,0,0,1,5,0
278,UP80UU6573,car,C1,2024-01-05 08:47:15,2024-01-05 14:14:15,327,completed,8,47,4,0,1,0,0,1,5,0
279,UP80NC1771,car,C4,2024-01-05 08:10:21,2024-01-05 14:16:21,366,completed,8,10,4,0,1,0,0,1,5,0
280,UP80GQ7543,car,C5,2024-01-05 08:11:11,2024-01-05 15:11:11,420,completed,8,11,4,0,1,0,0,1,5,0
281,UP80XJ3584,car,C6,2024-01-05 08:25:01,2024-01-05 13:24:01,299,completed,8,25,4,0,1,0,0,1,5,0
282,UP80GR6977,car,C7,2024-01-05 08:00:45,2024-01-05 14:19:45,379,completed,8,0,4,0,1,0,0,1,5,0
283,UP80FX6413,bike,B1,2024-01-05 08:48:45,2024-01-05 11:12:45,144,completed,8,48,4,0,1,0,0,1,5,1
284,UP80NZ7201,car,C8,2024-01-05 09:34:11,2024-01-05 14:43:11,309,completed,9,34,4,0,1,0,0,1,5,0
285,UP80VL2040,car,C9,2024-01-05 09:29:07,2024-01-05 14:04:07,275,completed,9,29,4,0,1,0,0,1,5,0
286,UP80AT5315,car,C10,2024-01-05 09:38:24,2024-01-05 15:23:24,345,completed,9,38,4,0,1,0,0,1,5,0
287,UP80NC1771,car,C11,2024-01-05 10:07:22,2024-01-05 11:12:22,65,completed,10,7,4,0,0,0,0,1,5,0
288,UP80XW5889,car,C12,2024-01-05 10:45:51,2024-01-05 11:55:51,70,completed,10,45,4,0,0,0,0,1,5,0
289,UP80QE5010,car,C13,2024-01-05 10:37:05,2024-01-05 13:02:05,145,completed,10,37,4,0,0,0,0,1,5,0
290,UP80KQ8668,bike,B2,2024-01-05 11:11:23,2024-01-05 12:40:23,89,completed,11,11,4,0,0,0,0,1,5,1
291,UP80CL8433,car,C11,2024-01-05 11:24:26,2024-01-05 13:04:26,100,completed,11,24,4,0,0,0,0,1,5,0
292,UP80QV8527,car,C12,2024-01-05 12:40:34,2024-01-05 13:48:34,68,completed,12,40,4,0,0,1,0,1,5,0
293,UP80SJ3547,car,C14,2024-01-05 12:35:10,2024-01-05 13:49:10,74,completed,12,35,4,0,0,1,0,1,5,0
294,UP80YY1009,car,C15,2024-01-05 12:39:03,2024-01-05 14:14:03,95,completed,12,39,4,0,0,1,0,1,5,0
295,UP80KB6155,car,C16,2024-01-05 12:31:08,2024-01-05 13:54:08,83,completed,12,31,4,0,0,1,0,1,5,0
296,UP80PS1750,bike,B1,2024-01-05 12:05:36,2024-01-05 12:45:36,40,completed,12,5,4,0,0,1,0,1,5,1
297,UP80CA6111,bike,B1,2024-01-05 13:18:10,2024-01-05 14:01:10,43,completed,13,18,4,0,0,1,0,1,5,1
298,UP80VA3615,car,C3,2024-01-05 13:35:32,2024-01-05 14:00:32,25,completed,13,35,4,0,0,1,0,1,5,0
299,UP80FA6168,bike,B2,2024-01-05 13:17:49,2024-01-05 13:37:49,20,completed,13,17,4,0,0,1,0,1,5,1
300,UP80BH6925,bike,B2,2024-01-05 13:48:46,2024-01-05 14:26:46,38,completed,13,48,4,0,0,1,0,1,5,1
301,UP80CF4986,bike,B3,2024-01-05 13:27:06,2024-01-05 14:12:06,45,completed,13,27,4,0,0,1,0,1,5,1
302,UP80PT9928,car,C6,2024-01-05 13:02:28,2024-01-05 13:45:28,43,completed,13,2,4,0,0,1,0,1,5,0
303,UP80LP3441,bike,B1,2024-01-05 14:28:55,2024-01-05 15:49:55,81,completed,14,28,4,0,0,0,0,1,5,1
304,UP80XW5889,car,C1,2024-01-05 14:47:37,2024-01-05 16:21:37,94,completed,14,47,4,0,0,0,0,1,5,0
305,UP80SJ3547,car,C2,2024-01-05 14:40:27,2024-01-05 16:55:27,135,completed,14,40,4,0,0,0,0,1,5,0
306,UP80SC9797,car,C3,2024-01-05 14:51:03,2024-01-05 15:39:03,48,completed,14,51,4,0,0,0,0,1,5,0
307,UP80QE5010,car,C4,2024-01-05 14:17:38,2024-01-05 16:49:38,152,completed,14,17,4,0,0,0,0,1,5,0
308,UP80RD8564,car,C6,2024-01-05 14:36:17,2024-01-05 16:31:17,115,completed,14,36,4,0,0,0,0,1,5,0
309,UP80LY8973,car,C3,2024-01-05 15:57:43,2024-01-05 19:05:43,188,completed,15,57,4,0,0,0,0,1,5,0
310,UP80CF4986,bike,B1,2024-01-05 15:58:03,2024-01-05 17:02:03,64,completed,15,58,4,0,0,0,0,1,5,1
311,UP80CY3442,car,C5,2024-01-05 15:08:44,2024-01-05 17:29:44,141,completed,15,8,4,0,0,0,0,1,5,0
312,UP80DB8784,car,C7,2024-01-05 15:15:48,2024-01-05 17:43:48,148,completed,15,15,4,0,0,0,0,1,5,0
313,UP80GR6977,car,C8,2024-01-05 15:31:09,2024-01-05 17:04:09,93,completed,15,31,4,0,0,0,0,1,5,0
314,UP80SL4824,bike,B2,2024-01-05 16:04:40,2024-01-05 17:01:40,57,completed,16,4,4,0,0,0,0,1,5,1
315,UP80GR6977,car,C9,2024-01-05 16:05:25,2024-01-05 17:37:25,92,completed,16,5,4,0,0,0,0,1,5,0
316,UP80RA5506,car,C1,2024-01-05 16:29:31,2024-01-05 17:11:31,42,completed,16,29,4,0,0,0,0,1,5,0
317,UP80BT2790,bike,B3,2024-01-05 16:55:49,2024-01-05 18:06:49,71,completed,16,55,4,0,0,0,0,1,5,1
318,UP80FN1434,bike,B4,2024-01-05 16:42:44,2024-01-05 17:29:44,47,completed,16,42,4,0,0,0,0,1,5,1
319,UP80GQ7543,car,C2,2024-01-05 16:50:34,2024-01-05 19:11:34,141,completed,16,50,4,0,0,0,0,1,5,0
320,UP80UU6573,car,C1,2024-01-05 17:20:53,2024-01-05 18:18:53,58,completed,17,20,4,0,0,0,1,1,5,0
321,UP80VL2040,car,C4,2024-01-05 17:36:08,2024-01-05 19:21:08,105,completed,17,36,4,0,0,0,1,1,5,0
322,UP80NC1771,car,C5,2024-01-05 17:48:03,2024-01-05 18:16:03,28,completed,17,48,4,0,0,0,1,1,5,0
323,UP80BB4853,bike,B1,2024-01-05 17:01:07,2024-01-05 18:15:07,74,completed,17,1,4,0,0,0,1,1,5,1
324,UP80YU5673,bike,B2,2024-01-05 17:27:12,2024-01-05 18:42:12,75,completed,17,27,4,0,0,0,1,1,5,1
325,UP80GR6977,car,C6,2024-01-05 17:56:41,2024-01-05 19:49:41,113,completed,17,56,4,0,0,0,1,1,5,0
326,UP80CC6635,car,C7,2024-01-05 17:05:23,2024-01-05 18:50:23,105,completed,17,5,4,0,0,0,1,1,5,0
327,UP80PS1750,bike,B4,2024-01-05 17:03:25,2024-01-05 18:08:25,65,completed,17,3,4,0,0,0,1,1,5,1
328,UP80FN1434,bike,B5,2024-01-05 17:06:00,2024-01-05 18:25:00,79,completed,17,6,4,0,0,0,1,1,5,1
329,UP80JZ3266,car,C8,2024-01-05 17:08:37,2024-01-05 19:24:37,136,completed,17,8,4,0,0,0,1,1,5,0
330,UP80LV9702,bike,B1,2024-01-05 18:52:07,2024-01-05 20:09:07,77,completed,18,52,4,0,0,0,1,1,5,1
331,UP80PS1750,bike,B2,2024-01-05 18:44:08,2024-01-05 19:28:08,44,completed,18,44,4,0,0,0,1,1,5,1
332,UP80SS2169,bike,B3,2024-01-05 18:06:06,2024-01-05 19:48:06,102,completed,18,6,4,0,0,0,1,1,5,1
333,UP80GB4929,car,C1,2024-01-05 18:08:24,2024-01-05 20:08:24,120,completed,18,8,4,0,0,0,1,1,5,0
334,UP80CL8433,car,C5,2024-01-05 18:43:09,2024-01-05 19:42:09,59,completed,18,43,4,0,0,0,1,1,5,0
335,UP80JZ3266,car,C7,2024-01-05 18:00:39,2024-01-05 19:17:39,77,completed,18,0,4,0,0,0,1,1,5,0
336,UP80HF2419,bike,B4,2024-01-05 18:47:09,2024-01-05 20:15:09,88,completed,18,47,4,0,0,0,1,1,5,1
337,UP80SZ2612,car,C9,2024-01-05 18:43:28,2024-01-05 20:26:28,103,completed,18,43,4,0,0,0,1,1,5,0
338,UP80TH6067,bike,B5,2024-01-05 18:07:37,2024-01-05 19:13:37,66,completed,18,7,4,0,0,0,1,1,5,1
339,UP80CY3442,car,C10,2024-01-05 18:27:20,2024-01-05 19:54:20,87,completed,18,27,4,0,0,0,1,1,5,0
340,UP80ZU9317,car,C2,2024-01-05 19:35:38,2024-01-05 21:17:38,102,completed,19,35,4,0,0,0,1,1,5,0
341,UP80CM2133,car,C1,2024-01-05 20:18:49,2024-01-05 22:51:49,153,completed,20,18,4,0,0,0,0,1,5,0
342,UP80KQ8668,bike,B1,2024-01-05 20:19:13,2024-01-05 21:04:13,45,completed,20,19,4,0,0,0,0,1,5,1
343,UP80QA2535,bike,B2,2024-01-05 20:12:47,2024-01-05 21:36:47,84,completed,20,12,4,0,0,0,0,1,5,1
344,UP80RU2307,car,C3,2024-01-05 21:15:31,2024-01-05 22:05:31,50,completed,21,15,4,0,0,0,0,1,5,0
345,UP80NZ1188,bike,B1,2024-01-05 21:31:40,2024-01-05 22:48:40,77,completed,21,31,4,0,0,0,0,1,5,1
346,UP80KB6155,car,C2,2024-01-05 21:23:59,2024-01-05 23:18:59,115,completed,21,23,4,0,0,0,0,1,5,0
347,UP80FA6168,bike,B2,2024-01-05 21:55:53,2024-01-05 22:55:53,60,completed,21,55,4,0,0,0,0,1,5,1
348,UP80AT5315,car,C4,2024-01-05 21:30:49,2024-01-05 23:22:49,112,completed,21,30,4,0,0,0,0,1,5,0
349,UP80SX2424,car,C5,2024-01-05 21:04:00,2024-01-06 00:30:00,206,completed,21,4,4,0,0,0,0,1,5,0
350,UP80KQ8668,bike,B3,2024-01-05 22:25:32,2024-01-05 23:11:32,46,completed,22,25,4,0,0,0,0,1,5,1
351,UP80FM8517,bike,B1,2024-01-05 22:49:26,2024-01-06 00:30:26,101,completed,22,49,4,0,0,0,0,1,5,1
352,UP80ZN3060,car,C1,2024-01-06 08:56:07,2024-01-06 14:26:07,330,completed,8,56,5,1,1,0,0,1,6,0
353,UP80WW7227,car,C2,2024-01-06 09:27:17,2024-01-06 13:36:17,249,completed,9,27,5,1,1,0,0,1,6,0
354,UP80VL2040,car,C3,2024-01-06 09:29:32,2024-01-06 14:24:32,295,completed,9,29,5,1,1,0,0,1,6,0
355,UP80LL5557,car,C4,2024-01-06 10:10:23,2024-01-06 12:14:23,124,completed,10,10,5,1,0,0,0,1,6,0
356,UP80RA5506,car,C5,2024-01-06 10:47:32,2024-01-06 11:53:32,66,completed,10,47,5,1,0,0,0,1,6,0
357,UP80FU2674,car,C6,2024-01-06 10:30:23,2024-01-06 12:27:23,117,completed,10,30,5,1,0,0,0,1,6,0
358,UP80CF4986,bike,B1,2024-01-06 10:51:58,2024-01-06 12:45:58,114,completed,10,51,5,1,0,0,0,1,6,1
359,UP80QE5010,car,C7,2024-01-06 11:20:15,2024-01-06 13:00:15,100,completed,11,20,5,1,0,0,0,1,6,0
360,UP80FK5915,car,C4,2024-01-06 12:32:43,2024-01-06 13:25:43,53,completed,12,32,5,1,0,1,0,1,6,0
361,UP80BF8953,car,C5,2024-01-06 12:33:02,2024-01-06 14:02:02,89,completed,12,33,5,1,0,1,0,1,6,0
362,UP80NC1771,car,C6,2024-01-06 13:19:20,2024-01-06 13:41:20,22,completed,13,19,5,1,0,1,0,1,6,0
363,UP80SS2169,bike,B1,2024-01-06 13:12:18,2024-01-06 13:49:18,37,completed,13,12,5,1,0,1,0,1,6,1
364,UP80QU4697,car,C1,2024-01-06 14:31:49,2024-01-06 16:06:49,95,completed,14,31,5,1,0,0,0,1,6,0
365,UP80RA5506,car,C2,2024-01-06 14:48:50,2024-01-06 16:45:50,117,completed,14,48,5,1,0,0,0,1,6,0
366,UP80RA5506,car,C3,2024-01-06 15:40:53,2024-01-06 17:45:53,125,completed,15,40,5,1,0,0,0,1,6,0
367,UP80SS2169,bike,B1,2024-01-06 15:00:48,2024-01-06 16:19:48,79,completed,15,0,5,1,0,0,0,1,6,1
368,UP80PP6138,bike,B1,2024-01-06 16:31:03,2024-01-06 18:03:03,92,completed,16,31,5,1,0,0,0,1,6,1
369,UP80FH7211,car,C1,2024-01-06 16:05:02,2024-01-06 16:46:02,41,completed,16,5,5,1,0,0,0,1,6,0
370,UP80KQ8668,bike,B2,2024-01-06 17:47:05,2024-01-06 19:04:05,77,completed,17,47,5,1,0,0,1,1,6,1
371,UP80CL8433,car,C1,2024-01-06 17:52:25,2024-01-06 19:30:25,98,completed,17,52,5,1,0,0,1,1,6,0
372,UP80DB8784,car,C2,2024-01-06 18:18:16,2024-01-06 20:02:16,104,completed,18,18,5,1,0,0,1,1,6,0
373,UP80GR6977,car,C3,2024-01-06 18:47:20,2024-01-06 20:00:20,73,completed,18,47,5,1,0,0,1,1,6,0
374,UP80LL5557,car,C4,2024-01-06 18:49:37,2024-01-06 20:52:37,123,completed,18,49,5,1,0,0,1,1,6,0
375,UP80SC9797,car,C5,2024-01-06 18:29:20,2024-01-06 19:19:20,50,completed,18,29,5,1,0,0,1,1,6,0
376,UP80BT2790,bike,B1,2024-01-06 18:29:16,2024-01-06 19:51:16,82,completed,18,29,5,1,0,0,1,1,6,1
377,UP80BB5786,car,C6,2024-01-06 18:43:19,2024-01-06 19:59:19,76,completed,18,43,5,1,0,0,1,1,6,0
378,UP80PE7211,car,C7,2024-01-06 18:09:05,2024-01-06 19:15:05,66,completed,18,9,5,1,0,0,1,1,6,0
379,UP80QV8527,car,C8,2024-01-06 18:03:43,2024-01-06 19:48:43,105,completed,18,3,5,1,0,0,1,1,6,0
380,UP80NC1771,car,C1,2024-01-06 19:47:35,2024-01-06 20:58:35,71,completed,19,47,5,1,0,0,1,1,6,0
381,UP80QA2535,bike,B2,2024-01-06 19:50:08,2024-01-06 21:12:08,82,completed,19,50,5,1,0,0,1,1,6,1
382,UP80PT9928,car,C5,2024-01-06 19:52:25,2024-01-06 20:06:25,14,completed,19,52,5,1,0,0,1,1,6,0
383,UP80FF2290,car,C7,2024-01-06 19:16:58,2024-01-06 21:01:58,105,completed,19,16,5,1,0,0,1,1,6,0
384,UP80DK4598,car,C8,2024-01-06 19:51:08,2024-01-06 20:58:08,67,completed,19,51,5,1,0,0,1,1,6,0
385,UP80CL8433,car,C1,2024-01-06 21:29:03,2024-01-06 22:24:03,55,completed,21,29,5,1,0,0,0,1,6,0
386,UP80QV8527,car,C1,2024-01-07 08:51:24,2024-01-07 13:58:24,307,completed,8,51,6,1,1,0,0,1,7,0
387,UP80BB5786,car,C2,2024-01-07 08:37:20,2024-01-07 13:40:20,303,completed,8,37,6,1,1,0,0,1,7,0
388,UP80CL8433,car,C3,2024-01-07 08:22:36,2024-01-07 15:57:36,455,completed,8,22,6,1,1,0,0,1,7,0
389,UP80MG8956,car,C4,2024-01-07 08:53:51,2024-01-07 12:44:51,231,completed,8,53,6,1,1,0,0,1,7,0
390,UP80FD2679,bike,B1,2024-01-07 09:03:14,2024-01-07 12:32:14,209,completed,9,3,6,1,1,0,0,1,7,1
391,UP80LP5956,bike,B2,2024-01-07 10:00:21,2024-01-07 11:03:21,63,completed,10,0,6,1,0,0,0,1,7,1
392,UP80AS1964,car,C5,2024-01-07 10:51:54,2024-01-07 11:51:54,60,completed,10,51,6,1,0,0,0,1,7,0
393,UP80LP3441,bike,B2,2024-01-07 11:37:45,2024-01-07 13:00:45,83,completed,11,37,6,1,0,0,0,1,7,1
394,UP80PJ6419,bike,B3,2024-01-07 11:04:23,2024-01-07 12:25:23,81,completed,11,4,6,1,0,0,0,1,7,1
395,UP80SJ3547,car,C6,2024-01-07 11:06:21,2024-01-07 13:47:21,161,completed,11,6,6,1,0,0,0,1,7,0
396,UP80QV8527,car,C7,2024-01-07 11:40:31,2024-01-07 13:28:31,108,completed,11,40,6,1,0,0,0,1,7,0
397,UP80HF2419,bike,B4,2024-01-07 11:35:44,2024-01-07 12:48:44,73,completed,11,35,6,1,0,0,0,1,7,1
398,UP80DJ5374,bike,B5,2024-01-07 11:11:24,2024-01-07 11:54:24,43,completed,11,11,6,1,0,0,0,1,7,1
399,UP80KT2245,car,C4,2024-01-07 12:46:00,2024-01-07 12:56:00,10,completed,12,46,6,1,0,1,0,1,7,0
400,UP80XW5889,car,C5,2024-01-07 12:02:11,2024-01-07 13:21:11,79,completed,12,2,6,1,0,1,0,1,7,0
401,UP80PP6138,bike,B1,2024-01-07 12:36:06,2024-01-07 13:11:06,35,completed,12,36,6,1,0,1,0,1,7,1
402,UP80PT9928,car,C8,2024-01-07 12:20:10,2024-01-07 13:28:10,68,completed,12,20,6,1,0,1,0,1,7,0
403,UP80GT1027,car,C9,2024-01-07 12:42:40,2024-01-07 13:18:40,36,completed,12,42,6,1,0,1,0,1,7,0
404,UP80LL5557,car,C4,2024-01-07 13:04:22,2024-01-07 14:08:22,64,completed,13,4,6,1,0,1,0,1,7,0
405,UP80DD9830,car,C10,2024-01-07 13:03:24,2024-01-07 14:33:24,90,completed,13,3,6,1,0,1,0,1,7,0
406,UP80LL5557,car,C1,2024-01-07 14:24:22,2024-01-07 16:11:22,107,completed,14,24,6,1,0,0,0,1,7,0
407,UP80PS1750,bike,B1,2024-01-07 14:50:55,2024-01-07 16:13:55,83,completed,14,50,6,1,0,0,0,1,7,1
408,UP80LL5557,car,C2,2024-01-07 15:18:01,2024-01-07 16:55:01,97,completed,15,18,6,1,0,0,0,1,7,0
409,UP80FN1434,bike,B2,2024-01-07 15:10:56,2024-01-07 15:27:56,17,completed,15,10,6,1,0,0,0,1,7,1
410,UP80CA5658,bike,B1,2024-01-07 16:38:39,2024-01-07 17:20:39,42,completed,16,38,6,1,0,0,0,1,7,1
411,UP80GQ7543,car,C1,2024-01-07 16:41:10,2024-01-07 18:22:10,101,completed,16,41,6,1,0,0,0,1,7,0
412,UP80SC9797,car,C3,2024-01-07 16:12:26,2024-01-07 18:01:26,109,completed,16,12,6,1,0,0,0,1,7,0
413,UP80QA2535,bike,B2,2024-01-07 16:18:19,2024-01-07 17:03:19,45,completed,16,18,6,1,0,0,0,1,7,1
414,UP80PT9928,car,C2,2024-01-07 17:03:23,2024-01-07 18:35:23,92,completed,17,3,6,1,0,0,1,1,7,0
415,UP80NZ7201,car,C4,2024-01-07 17:42:40,2024-01-07 19:23:40,101,completed,17,42,6,1,0,0,1,1,7,0
416,UP80HW5573,bike,B1,2024-01-07 17:05:30,2024-01-07 18:30:30,85,completed,17,5,6,1,0,0,1,1,7,1
417,UP80XF5088,bike,B1,2024-01-07 18:30:31,2024-01-07 19:48:31,78,completed,18,30,6,1,0,0,1,1,7,1
418,UP80JZ3266,car,C1,2024-01-07 18:56:24,2024-01-07 20:15:24,79,completed,18,56,6,1,0,0,1,1,7,0
419,UP80GR6977,car,C2,2024-01-07 19:28:29,2024-01-07 20:40:29,72,completed,19,28,6,1,0,0,1,1,7,0
420,UP80SC9797,car,C3,2024-01-07 19:06:05,2024-01-07 20:18:05,72,completed,19,6,6,1,0,0,1,1,7,0
421,UP80QA2535,bike,B1,2024-01-07 19:48:37,2024-01-07 21:14:37,86,completed,19,48,6,1,0,0,1,1,7,1
422,UP80KU1320,car,C4,2024-01-07 19:34:43,2024-01-07 20:14:43,40,completed,19,34,6,1,0,0,1,1,7,0
423,UP80FM8517,bike,B2,2024-01-07 19:15:30,2024-01-07 20:51:30,96,completed,19,15,6,1,0,0,1,1,7,1
424,UP80ET5530,car,C5,2024-01-07 19:57:33,2024-01-07 21:05:33,68,completed,19,57,6,1,0,0,1,1,7,0
425,UP80UN4919,bike,B3,2024-01-07 20:09:07,2024-01-07 22:07:07,118,completed,20,9,6,1,0,0,0,1,7,1
426,UP80GQ7543,car,C1,2024-01-07 20:51:12,2024-01-07 23:33:12,162,completed,20,51,6,1,0,0,0,1,7,0
427,UP80FU2674,car,C2,2024-01-07 20:43:27,2024-01-07 23:07:27,144,completed,20,43,6,1,0,0,0,1,7,0
428,UP80KB6155,car,C3,2024-01-07 20:58:51,2024-01-07 22:24:51,86,completed,20,58,6,1,0,0,0,1,7,0
429,UP80FH7211,car,C4,2024-01-07 20:35:20,2024-01-07 21:17:20,42,completed,20,35,6,1,0,0,0,1,7,0
430,UP80DD9830,car,C3,2024-01-07 22:39:37,2024-01-08 00:24:37,105,completed,22,39,6,1,0,0,0,1,7,0
431,UP80AT5315,car,C4,2024-01-07 22:09:09,2024-01-08 00:22:09,133,completed,22,9,6,1,0,0,0,1,7,0
432,UP80DJ5374,bike,B1,2024-01-07 23:36:49,2024-01-07 23:52:49,16,completed,23,36,6,1,0,0,0,1,7,1
433,UP80XF5088,bike,B1,2024-01-07 23:56:22,2024-01-08 00:46:22,50,completed,23,56,6,1,0,0,0,1,7,1
434,UP80FU2674,car,C1,2024-01-07 23:02:11,2024-01-08 01:24:11,142,completed,23,2,6,1,0,0,0,1,7,0
435,UP80KB6155,car,C1,2024-01-08 02:41:17,2024-01-08 05:07:17,146,completed,2,41,0,0,0,0,0,1,8,0
436,UP80NZ1188,bike,B1,2024-01-08 02:13:29,2024-01-08 03:05:29,52,completed,2,13,0,0,0,0,0,1,8,1
437,UP80LL5557,car,C1,2024-01-08 06:52:39,2024-01-08 11:26:39,274,completed,6,52,0,0,0,0,0,1,8,0
438,UP80ZU9317,car,C2,2024-01-08 06:53:53,2024-01-08 09:00:53,127,completed,6,53,0,0,0,0,0,1,8,0
439,UP80LL5557,car,C3,2024-01-08 06:38:18,2024-01-08 08:02:18,84,completed,6,38,0,0,0,0,0,1,8,0
440,UP80GR6977,car,C4,2024-01-08 07:17:40,2024-01-08 13:23:40,366,completed,7,17,0,0,1,0,0,1,8,0
441,UP80RM1282,bike,B1,2024-01-08 07:16:41,2024-01-08 11:05:41,229,completed,7,16,0,0,1,0,0,1,8,1
442,UP80LJ8532,car,C3,2024-01-08 08:48:15,2024-01-08 15:20:15,392,completed,8,48,0,0,1,0,0,1,8,0
443,UP80SJ3547,car,C5,2024-01-08 08:25:42,2024-01-08 14:09:42,344,completed,8,25,0,0,1,0,0,1,8,0
444,UP80TK7547,bike,B2,2024-01-08 08:18:16,2024-01-08 10:51:16,153,completed,8,18,0,0,1,0,0,1,8,1
445,UP80CL8433,car,C6,2024-01-08 08:24:47,2024-01-08 14:46:47,382,completed,8,24,0,0,1,0,0,1,8,0
446,UP80WD3621,bike,B3,2024-01-08 08:45:14,2024-01-08 11:54:14,189,completed,8,45,0,0,1,0,0,1,8,1
447,UP80SS2169,bike,B4,2024-01-08 08:58:42,2024-01-08 14:02:42,304,completed,8,58,0,0,1,0,0,1,8,1
448,UP80LL5557,car,C7,2024-01-08 08:56:35,2024-01-08 13:21:35,265,completed,8,56,0,0,1,0,0,1,8,0
449,UP80DV5978,car,C2,2024-01-08 09:30:08,2024-01-08 16:06:08,396,completed,9,30,0,0,1,0,0,1,8,0
450,UP80CF4986,bike,B5,2024-01-08 09:11:43,2024-01-08 11:35:43,144,completed,9,11,0,0,1,0,0,1,8,1
451,UP80SS2169,bike,B6,2024-01-08 09:05:14,2024-01-08 11:15:14,130,completed,9,5,0,0,1,0,0,1,8,1
452,UP80NC1771,car,C8,2024-01-08 09:23:16,2024-01-08 16:23:16,420,completed,9,23,0,0,1,0,0,1,8,0
453,UP80AT5315,car,C9,2024-01-08 09:54:07,2024-01-08 14:40:07,286,completed,9,54,0,0,1,0,0,1,8,0
454,UP80VA3615,car,C10,2024-01-08 09:30:56,2024-01-08 14:49:56,319,completed,9,30,0,0,1,0,0,1,8,0
455,UP80SS2169,bike,B7,2024-01-08 09:55:43,2024-01-08 12:11:43,136,completed,9,55,0,0,1,0,0,1,8,1
456,UP80JB6409,bike,B8,2024-01-08 10:09:08,2024-01-08 11:50:08,101,completed,10,9,0,0,0,0,0,1,8,1
457,UP80BD7275,car,C11,2024-01-08 10:26:36,2024-01-08 13:15:36,169,completed,10,26,0,0,0,0,0,1,8,0
458,UP80DK4598,car,C12,2024-01-08 10:11:49,2024-01-08 13:13:49,182,completed,10,11,0,0,0,0,0,1,8,0
459,UP80QA2535,bike,B9,2024-01-08 10:40:11,2024-01-08 12:14:11,94,completed,10,40,0,0,0,0,0,1,8,1
460,UP80CC6635,car,C13,2024-01-08 10:48:49,2024-01-08 12:48:49,120,completed,10,48,0,0,0,0,0,1,8,0
461,UP80SZ2612,car,C1,2024-01-08 11:31:50,2024-01-08 14:00:50,149,completed,11,31,0,0,0,0,0,1,8,0
462,UP80WD3621,bike,B1,2024-01-08 11:27:25,2024-01-08 13:01:25,94,completed,11,27,0,0,0,0,0,1,8,1
463,UP80NZ7201,car,C14,2024-01-08 11:24:00,2024-01-08 13:12:00,108,completed,11,24,0,0,0,0,0,1,8,0
464,UP80GB1317,car,C15,2024-01-08 11:57:20,2024-01-08 12:19:20,22,completed,11,57,0,0,0,0,0,1,8,0
465,UP80RU2307,car,C16,2024-01-08 12:12:01,2024-01-08 13:18:01,66,completed,12,12,0,0,0,1,0,1,8,0
466,UP80KQ8668,bike,B2,2024-01-08 12:19:08,2024-01-08 13:34:08,75,completed,12,19,0,0,0,1,0,1,8,1
467,UP80SX2424,car,C15,2024-01-08 12:37:19,2024-01-08 13:32:19,55,completed,12,37,0,0,0,1,0,1,8,0
468,UP80DK4598,car,C4,2024-01-08 13:46:33,2024-01-08 15:01:33,75,completed,13,46,0,0,0,1,0,1,8,0
469,UP80SJ3547,car,C7,2024-01-08 13:27:56,2024-01-08 14:03:56,36,completed,13,27,0,0,0,1,0,1,8,0
470,UP80FM8517,bike,B1,2024-01-08 13:22:48,2024-01-08 14:33:48,71,completed,13,22,0,0,0,1,0,1,8,1
471,UP80SJ3547,car,C11,2024-01-08 13:01:14,2024-01-08 14:02:14,61,completed,13,1,0,0,0,1,0,1,8,0
472,UP80SX2424,car,C1,2024-01-08 14:32:10,2024-01-08 16:40:10,128,completed,14,32,0,0,0,0,0,1,8,0
473,UP80SC9797,car,C5,2024-01-08 14:24:56,2024-01-08 15:45:56,81,completed,14,24,0,0,0,0,0,1,8,0
474,UP80FD2679,bike,B2,2024-01-08 14:03:42,2024-01-08 14:54:42,51,completed,14,3,0,0,0,0,0,1,8,1
475,UP80JZ3266,car,C4,2024-01-08 15:03:44,2024-01-08 16:26:44,83,completed,15,3,0,0,0,0,0,1,8,0
476,UP80RA5506,car,C2,2024-01-08 16:30:44,2024-01-08 19:04:44,154,completed,16,30,0,0,0,0,0,1,8,0
477,UP80NZ1188,bike,B1,2024-01-08 16:19:26,2024-01-08 17:29:26,70,completed,16,19,0,0,0,0,0,1,8,1
478,UP80FY8260,bike,B2,2024-01-08 16:08:26,2024-01-08 17:56:26,108,completed,16,8,0,0,0,0,0,1,8,1
479,UP80DJ5374,bike,B1,2024-01-08 17:32:46,2024-01-08 18:55:46,83,completed,17,32,0,0,0,0,1,1,8,1
480,UP80WW7227,car,C1,2024-01-08 17:12:38,2024-01-08 18:51:38,99,completed,17,12,0,0,0,0,1,1,8,0
481,UP80PE7211,car,C3,2024-01-08 17:53:33,2024-01-08 19:15:33,82,completed,17,53,0,0,0,0,1,1,8,0
482,UP80BH6925,bike,B3,2024-01-08 17:02:35,2024-01-08 17:56:35,54,completed,17,2,0,0,0,0,1,1,8,1
483,UP80RU2307,car,C4,2024-01-08 17:44:59,2024-01-08 19:58:59,134,completed,17,44,0,0,0,0,1,1,8,0
484,UP80GC4155,bike,B2,2024-01-08 17:58:07,2024-01-08 19:13:07,75,completed,17,58,0,0,0,0,1,1,8,1
485,UP80XV2169,car,C5,2024-01-08 17:31:09,2024-01-08 18:13:09,42,completed,17,31,0,0,0,0,1,1,8,0
486,UP80PS1750,bike,B3,2024-01-08 17:06:57,2024-01-08 18:18:57,72,completed,17,6,0,0,0,0,1,1,8,1
487,UP80QA2535,bike,B4,2024-01-08 17:29:18,2024-01-08 18:56:18,87,completed,17,29,0,0,0,0,1,1,8,1
488,UP80QE5010,car,C6,2024-01-08 17:02:54,2024-01-08 18:42:54,100,completed,17,2,0,0,0,0,1,1,8,0
489,UP80SX2424,car,C5,2024-01-08 18:27:47,2024-01-08 20:13:47,106,completed,18,27,0,0,0,0,1,1,8,0
490,UP80JZ3266,car,C7,2024-01-08 18:41:10,2024-01-08 20:11:10,90,completed,18,41,0,0,0,0,1,1,8,0
491,UP80BT2790,bike,B3,2024-01-08 18:39:17,2024-01-08 19:38:17,59,completed,18,39,0,0,0,0,1,1,8,1
492,UP80NC1771,car,C8,2024-01-08 18:07:25,2024-01-08 19:56:25,109,completed,18,7,0,0,0,0,1,1,8,0
493,UP80WD3621,bike,B5,2024-01-08 18:17:53,2024-01-08 19:43:53,86,completed,18,17,0,0,0,0,1,1,8,1
494,UP80QA2535,bike,B6,2024-01-08 18:51:10,2024-01-08 19:31:10,40,completed,18,51,0,0,0,0,1,1,8,1
495,UP80AT5315,car,C1,2024-01-08 18:54:10,2024-01-08 19:45:10,51,completed,18,54,0,0,0,0,1,1,8,0
496,UP80SW1916,bike,B7,2024-01-08 18:28:11,2024-01-08 19:46:11,78,completed,18,28,0,0,0,0,1,1,8,1
497,UP80CF7818,bike,B8,2024-01-08 18:39:01,2024-01-08 20:07:01,88,completed,18,39,0,0,0,0,1,1,8,1
498,UP80DD9830,car,C1,2024-01-08 19:58:31,2024-01-08 21:25:31,87,completed,19,58,0,0,0,0,1,1,8,0
499,UP80QE5010,car,C2,2024-01-08 19:28:02,2024-01-08 21:58:02,150,completed,19,28,0,0,0,0,1,1,8,0
500,UP80DV5978,car,C3,2024-01-08 19:33:49,2024-01-08 21:07:49,94,completed,19,33,0,0,0,0,1,1,8,0
501,UP80GC4155,bike,B1,2024-01-08 19:36:14,2024-01-08 21:12:14,96,completed,19,36,0,0,0,0,1,1,8,1
502,UP80GQ7543,car,C6,2024-01-08 19:44:44,2024-01-08 20:48:44,64,completed,19,44,0,0,0,0,1,1,8,0
503,UP80SW1916,bike,B2,2024-01-08 19:42:46,2024-01-08 20:38:46,56,completed,19,42,0,0,0,0,1,1,8,1
504,UP80UM5397,car,C8,2024-01-08 19:09:53,2024-01-08 20:02:53,53,completed,19,9,0,0,0,0,1,1,8,0
505,UP80CC6635,car,C9,2024-01-08 19:03:00,2024-01-08 19:59:00,56,completed,19,3,0,0,0,0,1,1,8,0
506,UP80VL2040,car,C10,2024-01-08 19:31:55,2024-01-08 20:59:55,88,completed,19,31,0,0,0,0,1,1,8,0
507,UP80GR6977,car,C11,2024-01-08 19:20:15,2024-01-08 21:10:15,110,completed,19,20,0,0,0,0,1,1,8,0
508,UP80RU2307,car,C12,2024-01-08 19:41:24,2024-01-08 21:17:24,96,completed,19,41,0,0,0,0,1,1,8,0
509,UP80CL8433,car,C13,2024-01-08 19:05:29,2024-01-08 19:38:29,33,completed,19,5,0,0,0,0,1,1,8,0
510,UP80VL2040,car,C14,2024-01-08 19:28:20,2024-01-08 21:16:20,108,completed,19,28,0,0,0,0,1,1,8,0
511,UP80FM8517,bike,B3,2024-01-08 19:47:41,2024-01-08 20:34:41,47,completed,19,47,0,0,0,0,1,1,8,1
512,UP80ZU9317,car,C4,2024-01-08 20:00:52,2024-01-08 22:26:52,146,completed,20,0,0,0,0,0,0,1,8,0
513,UP80KQ8668,bike,B2,2024-01-08 20:39:40,2024-01-08 21:20:40,41,completed,20,39,0,0,0,0,0,1,8,1
514,UP80QA2535,bike,B3,2024-01-08 20:29:21,2024-01-08 21:30:21,61,completed,20,29,0,0,0,0,0,1,8,1
515,UP80CX4114,bike,B1,2024-01-08 21:52:14,2024-01-08 22:34:14,42,completed,21,52,0,0,0,0,0,1,8,1
516,UP80JZ3266,car,C1,2024-01-08 21:30:45,2024-01-08 23:09:45,99,completed,21,30,0,0,0,0,0,1,8,0
517,UP80GQ6617,car,C3,2024-01-08 21:07:06,2024-01-08 23:44:06,157,completed,21,7,0,0,0,0,0,1,8,0
518,UP80QM2832,bike,B1,2024-01-09 07:18:56,2024-01-09 11:18:56,240,completed,7,18,1,0,1,0,0,1,9,1
519,UP80FU2674,car,C1,2024-01-09 07:33:06,2024-01-09 13:52:06,379,completed,7,33,1,0,1,0,0,1,9,0
520,UP80GU2771,car,C2,2024-01-09 08:17:48,2024-01-09 14:23:48,366,completed,8,17,1,0,1,0,0,1,9,0
521,UP80QA2535,bike,B2,2024-01-09 08:43:16,2024-01-09 12:24:16,221,completed,8,43,1,0,1,0,0,1,9,1
522,UP80JZ3266,car,C3,2024-01-09 08:48:34,2024-01-09 14:01:34,313,completed,8,48,1,0,1,0,0,1,9,0
523,UP80HQ8025,car,C4,2024-01-09 08:06:39,2024-01-09 13:26:39,320,completed,8,6,1,0,1,0,0,1,9,0
524,UP80KQ8668,bike,B3,2024-01-09 08:41:35,2024-01-09 12:24:35,223,completed,8,41,1,0,1,0,0,1,9,1
525,UP80GU2771,car,C5,2024-01-09 08:50:50,2024-01-09 14:43:50,353,completed,8,50,1,0,1,0,0,1,9,0
526,UP80QE5010,car,C6,2024-01-09 08:24:24,2024-01-09 14:06:24,342,completed,8,24,1,0,1,0,0,1,9,0
527,UP80WW7227,car,C7,2024-01-09 08:35:03,2024-01-09 15:10:03,395,completed,8,35,1,0,1,0,0,1,9,0
528,UP80PS1750,bike,B4,2024-01-09 09:55:55,2024-01-09 15:50:55,355,completed,9,55,1,0,1,0,0,1,9,1
529,UP80PF8800,bike,B5,2024-01-09 09:58:40,2024-01-09 13:04:40,186,completed,9,58,1,0,1,0,0,1,9,1
530,UP80NZ7201,car,C8,2024-01-09 09:47:38,2024-01-09 16:46:38,419,completed,9,47,1,0,1,0,0,1,9,0
531,UP80FN1434,bike,B6,2024-01-09 10:18:28,2024-01-09 11:38:28,80,completed,10,18,1,0,0,0,0,1,9,1
532,UP80GQ7543,car,C9,2024-01-09 10:32:07,2024-01-09 12:54:07,142,completed,10,32,1,0,0,0,0,1,9,0
533,UP80CC6635,car,C10,2024-01-09 10:17:35,2024-01-09 11:50:35,93,completed,10,17,1,0,0,0,0,1,9,0
534,UP80ZB4044,car,C11,2024-01-09 10:21:29,2024-01-09 12:05:29,104,completed,10,21,1,0,0,0,0,1,9,0
535,UP80WV2729,bike,B7,2024-01-09 11:02:09,2024-01-09 13:12:09,130,completed,11,2,1,0,0,0,0,1,9,1
536,UP80VL2040,car,C10,2024-01-09 12:39:53,2024-01-09 13:53:53,74,completed,12,39,1,0,0,1,0,1,9,0
537,UP80FN1434,bike,B1,2024-01-09 12:50:36,2024-01-09 13:37:36,47,completed,12,50,1,0,0,1,0,1,9,1
538,UP80KQ8668,bike,B2,2024-01-09 12:14:11,2024-01-09 12:46:11,32,completed,12,14,1,0,0,1,0,1,9,1
539,UP80FM8517,bike,B3,2024-01-09 12:10:26,2024-01-09 13:03:26,53,completed,12,10,1,0,0,1,0,1,9,1
540,UP80FA6168,bike,B6,2024-01-09 12:13:42,2024-01-09 13:03:42,50,completed,12,13,1,0,0,1,0,1,9,1
541,UP80GL8613,car,C9,2024-01-09 13:18:13,2024-01-09 13:23:13,5,completed,13,18,1,0,0,1,0,1,9,0
542,UP80YY1009,car,C1,2024-01-09 13:52:48,2024-01-09 14:39:48,47,completed,13,52,1,0,0,1,0,1,9,0
543,UP80RU2307,car,C4,2024-01-09 13:07:42,2024-01-09 14:29:42,82,completed,13,7,1,0,0,1,0,1,9,0
544,UP80TZ9595,car,C9,2024-01-09 13:39:15,2024-01-09 14:23:15,44,completed,13,39,1,0,0,1,0,1,9,0
545,UP80VA3615,car,C10,2024-01-09 13:56:20,2024-01-09 14:37:20,41,completed,13,56,1,0,0,1,0,1,9,0
546,UP80YU4241,bike,B1,2024-01-09 13:18:01,2024-01-09 14:15:01,57,completed,13,18,1,0,0,1,0,1,9,1
547,UP80UN4919,bike,B1,2024-01-09 14:23:32,2024-01-09 15:17:32,54,completed,14,23,1,0,0,0,0,1,9,1
548,UP80PT9928,car,C1,2024-01-09 14:41:12,2024-01-09 16:43:12,122,completed,14,41,1,0,0,0,0,1,9,0
549,UP80YU4241,bike,B2,2024-01-09 14:06:10,2024-01-09 15:18:10,72,completed,14,6,1,0,0,0,0,1,9,1
550,UP80BH6925,bike,B3,2024-01-09 14:04:13,2024-01-09 15:18:13,74,completed,14,4,1,0,0,0,0,1,9,1
551,UP80LL5557,car,C2,2024-01-09 14:55:43,2024-01-09 17:15:43,140,completed,14,55,1,0,0,0,0,1,9,0
552,UP80PF8800,bike,B5,2024-01-09 14:56:47,2024-01-09 16:56:47,120,completed,14,56,1,0,0,0,0,1,9,1
553,UP80ZB4044,car,C3,2024-01-09 15:52:04,2024-01-09 18:54:04,182,completed,15,52,1,0,0,0,0,1,9,0
554,UP80QV8527,car,C4,2024-01-09 15:02:05,2024-01-09 17:11:05,129,completed,15,2,1,0,0,0,0,1,9,0
555,UP80CL8433,car,C1,2024-01-09 16:50:16,2024-01-09 19:28:16,158,completed,16,50,1,0,0,0,0,1,9,0
556,UP80FM8517,bike,B1,2024-01-09 16:26:24,2024-01-09 16:51:24,25,completed,16,26,1,0,0,0,0,1,9,1
557,UP80VA3615,car,C5,2024-01-09 16:27:20,2024-01-09 17:31:20,64,completed,16,27,1,0,0,0,0,1,9,0
558,UP80VP1672,car,C2,2024-01-09 17:39:04,2024-01-09 18:59:04,80,completed,17,39,1,0,0,0,1,1,9,0
559,UP80PE7211,car,C4,2024-01-09 17:02:44,2024-01-09 18:44:44,102,completed,17,2,1,0,0,0,1,1,9,0
560,UP80PT9928,car,C5,2024-01-09 17:50:43,2024-01-09 19:13:43,83,completed,17,50,1,0,0,0,1,1,9,0
561,UP80RG6491,bike,B1,2024-01-09 17:18:48,2024-01-09 18:03:48,45,completed,17,18,1,0,0,0,1,1,9,1
562,UP80SJ3547,car,C6,2024-01-09 17:30:10,2024-01-09 19:27:10,117,completed,17,30,1,0,0,0,1,1,9,0
563,UP80WQ4908,bike,B2,2024-01-09 17:47:25,2024-01-09 18:52:25,65,completed,17,47,1,0,0,0,1,1,9,1
564,UP80CF7818,bike,B3,2024-01-09 17:19:43,2024-01-09 19:08:43,109,completed,17,19,1,0,0,0,1,1,9,1
565,UP80YY1009,car,C7,2024-01-09 17:41:23,2024-01-09 18:34:23,53,completed,17,41,1,0,0,0,1,1,9,0
566,UP80ZU9317,car,C8,2024-01-09 17:07:02,2024-01-09 18:24:02,77,completed,17,7,1,0,0,0,1,1,9,0
567,UP80PT9928,car,C9,2024-01-09 17:25:34,2024-01-09 18:38:34,73,completed,17,25,1,0,0,0,1,1,9,0
568,UP80DD9830,car,C10,2024-01-09 17:57:46,2024-01-09 20:13:46,136,completed,17,57,1,0,0,0,1,1,9,0
569,UP80PP6138,bike,B4,2024-01-09 17:57:41,2024-01-09 19:21:41,84,completed,17,57,1,0,0,0,1,1,9,1
570,UP80QV8527,car,C4,2024-01-09 18:53:16,2024-01-09 20:40:16,107,completed,18,53,1,0,0,0,1,1,9,0
571,UP80QA2535,bike,B1,2024-01-09 18:42:51,2024-01-09 20:31:51,109,completed,18,42,1,0,0,0,1,1,9,1
572,UP80FN1434,bike,B2,2024-01-09 18:35:29,2024-01-09 19:03:29,28,completed,18,35,1,0,0,0,1,1,9,1
573,UP80LL5557,car,C7,2024-01-09 18:18:42,2024-01-09 20:00:42,102,completed,18,18,1,0,0,0,1,1,9,0
574,UP80RU2307,car,C8,2024-01-09 18:21:22,2024-01-09 20:28:22,127,completed,18,21,1,0,0,0,1,1,9,0
575,UP80NZ7201,car,C9,2024-01-09 18:06:18,2024-01-09 19:22:18,76,completed,18,6,1,0,0,0,1,1,9,0
576,UP80AT5315,car,C11,2024-01-09 18:39:42,2024-01-09 20:38:42,119,completed,18,39,1,0,0,0,1,1,9,0
577,UP80QE5010,car,C12,2024-01-09 18:09:36,2024-01-09 19:56:36,107,completed,18,9,1,0,0,0,1,1,9,0
578,UP80ZG8827,bike,B5,2024-01-09 18:20:15,2024-01-09 19:31:15,71,completed,18,20,1,0,0,0,1,1,9,1
579,UP80FA6168,bike,B6,2024-01-09 18:47:41,2024-01-09 20:28:41,101,completed,18,47,1,0,0,0,1,1,9,1
580,UP80SW1916,bike,B2,2024-01-09 19:56:30,2024-01-09 21:41:30,105,completed,19,56,1,0,0,0,1,1,9,1
581,UP80LL5557,car,C1,2024-01-09 19:49:19,2024-01-09 21:37:19,108,completed,19,49,1,0,0,0,1,1,9,0
582,UP80DH1958,bike,B3,2024-01-09 19:53:17,2024-01-09 21:38:17,105,completed,19,53,1,0,0,0,1,1,9,1
583,UP80FN1434,bike,B4,2024-01-09 19:57:34,2024-01-09 21:04:34,67,completed,19,57,1,0,0,0,1,1,9,1
584,UP80AT5315,car,C2,2024-01-09 19:54:32,2024-01-09 20:21:32,27,completed,19,54,1,0,0,0,1,1,9,0
585,UP80YC3200,bike,B1,2024-01-09 20:37:25,2024-01-09 22:18:25,101,completed,20,37,1,0,0,0,0,1,9,1
586,UP80KE7883,car,C2,2024-01-09 20:34:57,2024-01-09 22:05:57,91,completed,20,34,1,0,0,0,0,1,9,0
587,UP80FM8517,bike,B5,2024-01-09 20:41:49,2024-01-09 22:03:49,82,completed,20,41,1,0,0,0,0,1,9,1
588,UP80NC1771,car,C3,2024-01-09 20:46:54,2024-01-09 23:53:54,187,completed,20,46,1,0,0,0,0,1,9,0
589,UP80FA6168,bike,B6,2024-01-09 20:32:32,2024-01-09 21:10:32,38,completed,20,32,1,0,0,0,0,1,9,1
590,UP80QZ4180,bike,B7,2024-01-09 20:54:51,2024-01-09 22:08:51,74,completed,20,54,1,0,0,0,0,1,9,1
591,UP80JZ3266,car,C4,2024-01-09 21:10:48,2024-01-09 23:37:48,147,completed,21,10,1,0,0,0,0,1,9,0
592,UP80BQ9238,car,C5,2024-01-09 21:36:42,2024-01-10 00:19:42,163,completed,21,36,1,0,0,0,0,1,9,0
593,UP80SW1916,bike,B2,2024-01-09 21:47:46,2024-01-09 23:42:46,115,completed,21,47,1,0,0,0,0,1,9,1
594,UP80PS1750,bike,B3,2024-01-09 21:14:04,2024-01-09 22:39:04,85,completed,21,14,1,0,0,0,0,1,9,1
595,UP80FA6168,bike,B4,2024-01-09 21:02:42,2024-01-09 21:34:42,32,completed,21,2,1,0,0,0,0,1,9,1
596,UP80QE5010,car,C1,2024-01-09 22:56:02,2024-01-10 01:53:02,177,completed,22,56,1,0,0,0,0,1,9,0
597,UP80JX5526,bike,B1,2024-01-09 22:06:45,2024-01-09 23:43:45,97,completed,22,6,1,0,0,0,0,1,9,1
598,UP80AT5315,car,C1,2024-01-10 01:26:38,2024-01-10 02:19:38,53,completed,1,26,2,0,0,0,0,1,10,0
599,UP80KQ8668,bike,B1,2024-01-10 08:52:49,2024-01-10 12:43:49,231,completed,8,52,2,0,1,0,0,1,10,1
600,UP80AT5315,car,C1,2024-01-10 08:21:59,2024-01-10 15:56:59,455,completed,8,21,2,0,1,0,0,1,10,0
601,UP80SJ3547,car,C2,2024-01-10 08:04:14,2024-01-10 14:35:14,391,completed,8,4,2,0,1,0,0,1,10,0
602,UP80DD9830,car,C3,2024-01-10 08:55:58,2024-01-10 15:20:58,385,completed,8,55,2,0,1,0,0,1,10,0
603,UP80QV8527,car,C4,2024-01-10 08:52:09,2024-01-10 13:30:09,278,completed,8,52,2,0,1,0,0,1,10,0
604,UP80TW3091,car,C5,2024-01-10 08:02:56,2024-01-10 14:14:56,372,completed,8,2,2,0,1,0,0,1,10,0
605,UP80SJ3547,car,C6,2024-01-10 08:48:07,2024-01-10 15:48:07,420,completed,8,48,2,0,1,0,0,1,10,0
606,UP80ET5530,car,C7,2024-01-10 08:00:57,2024-01-10 13:16:57,316,completed,8,0,2,0,1,0,0,1,10,0
607,UP80FA6168,bike,B2,2024-01-10 09:41:27,2024-01-10 14:46:27,305,completed,9,41,2,0,1,0,0,1,10,1
608,UP80MY5892,car,C8,2024-01-10 09:27:14,2024-01-10 14:21:14,294,completed,9,27,2,0,1,0,0,1,10,0
609,UP80AT5315,car,C9,2024-01-10 09:50:49,2024-01-10 16:34:49,404,completed,9,50,2,0,1,0,0,1,10,0
610,UP80GQ7543,car,C10,2024-01-10 09:53:44,2024-01-10 13:49:44,236,completed,9,53,2,0,1,0,0,1,10,0
611,UP80PS1750,bike,B3,2024-01-10 09:08:16,2024-01-10 13:29:16,261,completed,9,8,2,0,1,0,0,1,10,1
612,UP80WW7227,car,C11,2024-01-10 09:38:56,2024-01-10 15:24:56,346,completed,9,38,2,0,1,0,0,1,10,0
613,UP80DU9837,bike,B4,2024-01-10 10:12:00,2024-01-10 11:15:00,63,completed,10,12,2,0,0,0,0,1,10,1
614,UP80QE5010,car,C12,2024-01-10 11:00:24,2024-01-10 12:50:24,110,completed,11,0,2,0,0,0,0,1,10,0
615,UP80GQ7543,car,C13,2024-01-10 12:26:23,2024-01-10 13:17:23,51,completed,12,26,2,0,0,1,0,1,10,0
616,UP80FA6168,bike,B1,2024-01-10 12:54:34,2024-01-10 13:29:34,35,completed,12,54,2,0,0,1,0,1,10,1
617,UP80QU8461,bike,B4,2024-01-10 12:39:17,2024-01-10 13:24:17,45,completed,12,39,2,0,0,1,0,1,10,1
618,UP80FA6168,bike,B5,2024-01-10 12:50:35,2024-01-10 13:19:35,29,completed,12,50,2,0,0,1,0,1,10,1
619,UP80SS2169,bike,B6,2024-01-10 12:35:35,2024-01-10 12:57:35,22,completed,12,35,2,0,0,1,0,1,10,1
620,UP80VA3615,car,C7,2024-01-10 13:25:47,2024-01-10 14:08:47,43,completed,13,25,2,0,0,1,0,1,10,0
621,UP80CC6635,car,C4,2024-01-10 13:47:14,2024-01-10 15:06:14,79,completed,13,47,2,0,0,1,0,1,10,0
622,UP80HF2419,bike,B1,2024-01-10 13:50:21,2024-01-10 14:45:21,55,completed,13,50,2,0,0,1,0,1,10,1
623,UP80KY5033,car,C2,2024-01-10 14:44:43,2024-01-10 16:00:43,76,completed,14,44,2,0,0,0,0,1,10,0
624,UP80KE7883,car,C5,2024-01-10 14:51:05,2024-01-10 17:27:05,156,completed,14,51,2,0,0,0,0,1,10,0
625,UP80FN1434,bike,B1,2024-01-10 14:59:38,2024-01-10 16:12:38,73,completed,14,59,2,0,0,0,0,1,10,1
626,UP80KR4185,car,C7,2024-01-10 14:38:02,2024-01-10 17:16:02,158,completed,14,38,2,0,0,0,0,1,10,0
627,UP80ZU9317,car,C3,2024-01-10 15:39:41,2024-01-10 18:43:41,184,completed,15,39,2,0,0,0,0,1,10,0
628,UP80RA5506,car,C4,2024-01-10 15:11:40,2024-01-10 17:35:40,144,completed,15,11,2,0,0,0,0,1,10,0
629,UP80NZ1188,bike,B1,2024-01-10 16:12:54,2024-01-10 17:25:54,73,completed,16,12,2,0,0,0,0,1,10,1
630,UP80PS1750,bike,B2,2024-01-10 16:38:32,2024-01-10 17:59:32,81,completed,16,38,2,0,0,0,0,1,10,1
631,UP80FA6168,bike,B3,2024-01-10 16:39:10,2024-01-10 17:54:10,75,completed,16,39,2,0,0,0,0,1,10,1
632,UP80XV2169,car,C1,2024-01-10 16:10:05,2024-01-10 18:10:05,120,completed,16,10,2,0,0,0,0,1,10,0
633,UP80FM8517,bike,B4,2024-01-10 16:25:22,2024-01-10 17:14:22,49,completed,16,25,2,0,0,0,0,1,10,1
634,UP80PT9928,car,C2,2024-01-10 17:47:45,2024-01-10 18:58:45,71,completed,17,47,2,0,0,0,1,1,10,0
635,UP80UD6096,car,C4,2024-01-10 17:35:18,2024-01-10 19:28:18,113,completed,17,35,2,0,0,0,1,1,10,0
636,UP80NZ7201,car,C5,2024-01-10 17:52:17,2024-01-10 19:07:17,75,completed,17,52,2,0,0,0,1,1,10,0
637,UP80RA5506,car,C6,2024-01-10 17:29:59,2024-01-10 18:56:59,87,completed,17,29,2,0,0,0,1,1,10,0
638,UP80DJ5374,bike,B1,2024-01-10 17:06:35,2024-01-10 18:46:35,100,completed,17,6,2,0,0,0,1,1,10,1
639,UP80LB6974,bike,B4,2024-01-10 17:21:07,2024-01-10 19:08:07,107,completed,17,21,2,0,0,0,1,1,10,1
640,UP80KB6155,car,C1,2024-01-10 18:36:16,2024-01-10 19:27:16,51,completed,18,36,2,0,0,0,1,1,10,0
641,UP80EB1043,car,C7,2024-01-10 18:36:30,2024-01-10 19:38:30,62,completed,18,36,2,0,0,0,1,1,10,0
642,UP80ZN3060,car,C8,2024-01-10 18:43:29,2024-01-10 20:56:29,133,completed,18,43,2,0,0,0,1,1,10,0
643,UP80KB6155,car,C9,2024-01-10 18:30:07,2024-01-10 18:55:07,25,completed,18,30,2,0,0,0,1,1,10,0
644,UP80QE5010,car,C3,2024-01-10 18:43:44,2024-01-10 19:01:44,18,completed,18,43,2,0,0,0,1,1,10,0
645,UP80RA5506,car,C2,2024-01-10 19:26:22,2024-01-10 20:48:22,82,completed,19,26,2,0,0,0,1,1,10,0
646,UP80DK4598,car,C3,2024-01-10 19:18:05,2024-01-10 20:25:05,67,completed,19,18,2,0,0,0,1,1,10,0
647,UP80KU1320,car,C5,2024-01-10 19:04:35,2024-01-10 20:25:35,81,completed,19,4,2,0,0,0,1,1,10,0
648,UP80NZ7201,car,C1,2024-01-10 19:36:17,2024-01-10 21:25:17,109,completed,19,36,2,0,0,0,1,1,10,0
649,UP80RU2307,car,C4,2024-01-10 19:31:47,2024-01-10 21:15:47,104,completed,19,31,2,0,0,0,1,1,10,0
650,UP80XW5889,car,C6,2024-01-10 20:12:53,2024-01-10 21:52:53,100,completed,20,12,2,0,0,0,0,1,10,0
651,UP80DM4502,car,C7,2024-01-10 20:22:09,2024-01-10 23:14:09,172,completed,20,22,2,0,0,0,0,1,10,0
652,UP80SC9797,car,C1,2024-01-10 21:42:31,2024-01-10 23:13:31,91,completed,21,42,2,0,0,0,0,1,10,0
653,UP80XW5889,car,C2,2024-01-10 21:02:54,2024-01-10 22:27:54,85,completed,21,2,2,0,0,0,0,1,10,0
654,UP80QV8527,car,C1,2024-01-11 05:36:41,2024-01-11 08:54:41,198,completed,5,36,3,0,0,0,0,1,11,0
655,UP80KQ8668,bike,B1,2024-01-11 06:49:18,2024-01-11 07:23:18,34,completed,6,49,3,0,0,0,0,1,11,1
656,UP80DJ5374,bike,B1,2024-01-11 07:56:05,2024-01-11 12:03:05,247,completed,7,56,3,0,1,0,0,1,11,1
657,UP80PA2343,car,C2,2024-01-11 07:29:40,2024-01-11 12:01:40,272,completed,7,29,3,0,1,0,0,1,11,0
658,UP80FM8517,bike,B2,2024-01-11 08:26:40,2024-01-11 10:39:40,133,completed,8,26,3,0,1,0,0,1,11,1
659,UP80CC6635,car,C1,2024-01-11 08:54:58,2024-01-11 14:25:58,331,completed,8,54,3,0,1,0,0,1,11,0
660,UP80SL9548,car,C3,2024-01-11 08:41:18,2024-01-11 15:24:18,403,completed,8,41,3,0,1,0,0,1,11,0
661,UP80JZ3266,car,C4,2024-01-11 08:41:25,2024-01-11 15:08:25,387,completed,8,41,3,0,1,0,0,1,11,0
662,UP80JZ3266,car,C5,2024-01-11 08:47:37,2024-01-11 12:27:37,220,completed,8,47,3,0,1,0,0,1,11,0
663,UP80FD2679,bike,B3,2024-01-11 09:26:10,2024-01-11 13:57:10,271,completed,9,26,3,0,1,0,0,1,11,1
664,UP80EC8062,car,C6,2024-01-11 09:16:47,2024-01-11 15:47:47,391,completed,9,16,3,0,1,0,0,1,11,0
665,UP80LL5557,car,C7,2024-01-11 09:13:10,2024-01-11 17:06:10,473,completed,9,13,3,0,1,0,0,1,11,0
666,UP80FM8517,bike,B4,2024-01-11 09:35:03,2024-01-11 14:23:03,288,completed,9,35,3,0,1,0,0,1,11,1
667,UP80FY8260,bike,B5,2024-01-11 09:33:48,2024-01-11 13:30:48,237,completed,9,33,3,0,1,0,0,1,11,1
668,UP80JN9785,bike,B6,2024-01-11 09:41:59,2024-01-11 14:15:59,274,completed,9,41,3,0,1,0,0,1,11,1
669,UP80LU5543,car,C8,2024-01-11 09:14:15,2024-01-11 14:51:15,337,completed,9,14,3,0,1,0,0,1,11,0
670,UP80SW1916,bike,B7,2024-01-11 09:53:10,2024-01-11 13:30:10,217,completed,9,53,3,0,1,0,0,1,11,1
671,UP80WD3621,bike,B8,2024-01-11 09:55:58,2024-01-11 11:56:58,121,completed,9,55,3,0,1,0,0,1,11,1
672,UP80SJ3547,car,C9,2024-01-11 09:59:17,2024-01-11 16:23:17,384,completed,9,59,3,0,1,0,0,1,11,0
673,UP80ZU9317,car,C10,2024-01-11 10:44:34,2024-01-11 11:39:34,55,completed,10,44,3,0,0,0,0,1,11,0
674,UP80SC9797,car,C11,2024-01-11 10:56:36,2024-01-11 13:13:36,137,completed,10,56,3,0,0,0,0,1,11,0
675,UP80SC9797,car,C12,2024-01-11 10:19:58,2024-01-11 12:21:58,122,completed,10,19,3,0,0,0,0,1,11,0
676,UP80FU2674,car,C13,2024-01-11 10:19:23,2024-01-11 12:36:23,137,completed,10,19,3,0,0,0,0,1,11,0
677,UP80SJ3547,car,C14,2024-01-11 10:19:00,2024-01-11 11:53:00,94,completed,10,19,3,0,0,0,0,1,11,0
678,UP80EB1043,car,C15,2024-01-11 10:00:44,2024-01-11 12:37:44,157,completed,10,0,3,0,0,0,0,1,11,0
679,UP80GQ7543,car,C16,2024-01-11 11:30:19,2024-01-11 13:46:19,136,completed,11,30,3,0,0,0,0,1,11,0
680,UP80NZ7201,car,C10,2024-01-11 11:50:00,2024-01-11 12:58:00,68,completed,11,50,3,0,0,0,0,1,11,0
681,UP80FM8517,bike,B1,2024-01-11 12:26:56,2024-01-11 13:11:56,45,completed,12,26,3,0,0,1,0,1,11,1
682,UP80GQ6617,car,C2,2024-01-11 12:41:24,2024-01-11 14:12:24,91,completed,12,41,3,0,0,1,0,1,11,0
683,UP80RU2307,car,C5,2024-01-11 12:16:05,2024-01-11 12:40:05,24,completed,12,16,3,0,0,1,0,1,11,0
684,UP80GR6977,car,C12,2024-01-11 12:39:51,2024-01-11 13:35:51,56,completed,12,39,3,0,0,1,0,1,11,0
685,UP80SJ7658,bike,B2,2024-01-11 12:18:41,2024-01-11 12:37:41,19,completed,12,18,3,0,0,1,0,1,11,1
686,UP80NC1771,car,C13,2024-01-11 12:11:08,2024-01-11 13:31:08,80,completed,12,11,3,0,0,1,0,1,11,0
687,UP80XW5889,car,C5,2024-01-11 13:39:28,2024-01-11 14:21:28,42,completed,13,39,3,0,0,1,0,1,11,0
688,UP80FF2290,car,C10,2024-01-11 13:09:03,2024-01-11 14:09:03,60,completed,13,9,3,0,0,1,0,1,11,0
689,UP80SJ3547,car,C11,2024-01-11 13:11:06,2024-01-11 14:04:06,53,completed,13,11,3,0,0,1,0,1,11,0
690,UP80VL2040,car,C2,2024-01-11 14:14:05,2024-01-11 15:11:05,57,completed,14,14,3,0,0,0,0,1,11,0
691,UP80VL2040,car,C10,2024-01-11 14:13:21,2024-01-11 16:57:21,164,completed,14,13,3,0,0,0,0,1,11,0
692,UP80FU2674,car,C1,2024-01-11 14:50:02,2024-01-11 16:49:02,119,completed,14,50,3,0,0,0,0,1,11,0
693,UP80FD8744,car,C5,2024-01-11 14:03:17,2024-01-11 15:38:17,95,completed,14,3,3,0,0,0,0,1,11,0
694,UP80KB6155,car,C8,2024-01-11 14:57:53,2024-01-11 16:50:53,113,completed,14,57,3,0,0,0,0,1,11,0
695,UP80RU2307,car,C11,2024-01-11 14:53:00,2024-01-11 15:31:00,38,completed,14,53,3,0,0,0,0,1,11,0
696,UP80XJ3584,car,C12,2024-01-11 14:15:47,2024-01-11 17:26:47,191,completed,14,15,3,0,0,0,0,1,11,0
697,UP80FH7211,car,C2,2024-01-11 15:29:47,2024-01-11 17:15:47,106,completed,15,29,3,0,0,0,0,1,11,0
698,UP80AQ6663,bike,B1,2024-01-11 15:24:43,2024-01-11 16:24:43,60,completed,15,24,3,0,0,0,0,1,11,1
699,UP80HQ2625,bike,B2,2024-01-11 15:10:40,2024-01-11 16:53:40,103,completed,15,10,3,0,0,0,0,1,11,1
700,UP80NZ7201,car,C3,2024-01-11 16:16:30,2024-01-11 17:57:30,101,completed,16,16,3,0,0,0,0,1,11,0
701,UP80BH6925,bike,B3,2024-01-11 16:23:56,2024-01-11 17:56:56,93,completed,16,23,3,0,0,0,0,1,11,1
702,UP80GR6977,car,C4,2024-01-11 16:27:20,2024-01-11 18:22:20,115,completed,16,27,3,0,0,0,0,1,11,0
703,UP80RU2307,car,C5,2024-01-11 16:37:07,2024-01-11 18:48:07,131,completed,16,37,3,0,0,0,0,1,11,0
704,UP80ZU9317,car,C1,2024-01-11 16:50:44,2024-01-11 18:50:44,120,completed,16,50,3,0,0,0,0,1,11,0
705,UP80CY3442,car,C6,2024-01-11 16:09:23,2024-01-11 18:18:23,129,completed,16,9,3,0,0,0,0,1,11,0
706,UP80KS8699,car,C2,2024-01-11 17:39:21,2024-01-11 19:19:21,100,completed,17,39,3,0,0,0,1,1,11,0
707,UP80FU2674,car,C7,2024-01-11 17:40:03,2024-01-11 18:54:03,74,completed,17,40,3,0,0,0,1,1,11,0
708,UP80UU6573,car,C8,2024-01-11 17:08:31,2024-01-11 17:47:31,39,completed,17,8,3,0,0,0,1,1,11,0
709,UP80XT8777,car,C8,2024-01-11 17:50:41,2024-01-11 19:19:41,89,completed,17,50,3,0,0,0,1,1,11,0
710,UP80PW3426,car,C9,2024-01-11 17:24:22,2024-01-11 18:47:22,83,completed,17,24,3,0,0,0,1,1,11,0
711,UP80JZ3266,car,C10,2024-01-11 17:57:02,2024-01-11 18:52:02,55,completed,17,57,3,0,0,0,1,1,11,0
712,UP80SC9797,car,C11,2024-01-11 17:31:12,2024-01-11 18:47:12,76,completed,17,31,3,0,0,0,1,1,11,0
713,UP80WZ3900,car,C12,2024-01-11 17:22:20,2024-01-11 19:19:20,117,completed,17,22,3,0,0,0,1,1,11,0
714,UP80NZ1188,bike,B1,2024-01-11 18:55:35,2024-01-11 19:45:35,50,completed,18,55,3,0,0,0,1,1,11,1
715,UP80WW7227,car,C1,2024-01-11 18:09:28,2024-01-11 19:07:28,58,completed,18,9,3,0,0,0,1,1,11,0
716,UP80QV8527,car,C3,2024-01-11 18:49:40,2024-01-11 20:10:40,81,completed,18,49,3,0,0,0,1,1,11,0
717,UP80FA6168,bike,B2,2024-01-11 18:56:01,2024-01-11 20:14:01,78,completed,18,56,3,0,0,0,1,1,11,1
718,UP80SC9797,car,C4,2024-01-11 18:46:04,2024-01-11 19:54:04,68,completed,18,46,3,0,0,0,1,1,11,0
719,UP80VL2040,car,C1,2024-01-11 19:52:24,2024-01-11 21:23:24,91,completed,19,52,3,0,0,0,1,1,11,0
720,UP80QE5010,car,C2,2024-01-11 19:18:20,2024-01-11 20:30:20,72,completed,19,18,3,0,0,0,1,1,11,0
721,UP80FN1434,bike,B1,2024-01-11 19:07:06,2024-01-11 21:18:06,131,completed,19,7,3,0,0,0,1,1,11,1
722,UP80LL5557,car,C5,2024-01-11 19:11:55,2024-01-11 21:00:55,109,completed,19,11,3,0,0,0,1,1,11,0
723,UP80CL8433,car,C2,2024-01-11 20:31:12,2024-01-11 22:06:12,95,completed,20,31,3,0,0,0,0,1,11,0
724,UP80AT5315,car,C3,2024-01-11 20:31:33,2024-01-11 22:00:33,89,completed,20,31,3,0,0,0,0,1,11,0
725,UP80ZU9317,car,C4,2024-01-11 21:16:03,2024-01-11 23:14:03,118,completed,21,16,3,0,0,0,0,1,11,0
726,UP80PT9928,car,C1,2024-01-11 21:58:13,2024-01-11 23:51:13,113,completed,21,58,3,0,0,0,0,1,11,0
727,UP80FA6168,bike,B1,2024-01-11 22:29:51,2024-01-11 22:48:51,19,completed,22,29,3,0,0,0,0,1,11,1
728,UP80QA2535,bike,B2,2024-01-11 22:26:52,2024-01-11 23:19:52,53,completed,22,26,3,0,0,0,0,1,11,1
729,UP80SX2424,car,C1,2024-01-11 23:52:39,2024-01-12 01:44:39,112,completed,23,52,3,0,0,0,0,1,11,0
730,UP80SS2169,bike,B1,2024-01-12 08:38:01,2024-01-12 10:44:01,126,completed,8,38,4,0,1,0,0,1,12,1
731,UP80YC3200,bike,B2,2024-01-12 08:00:19,2024-01-12 12:07:19,247,completed,8,0,4,0,1,0,0,1,12,1
732,UP80MG7043,car,C1,2024-01-12 08:52:44,2024-01-12 14:42:44,350,completed,8,52,4,0,1,0,0,1,12,0
733,UP80CL8433,car,C2,2024-01-12 08:32:35,2024-01-12 14:41:35,369,completed,8,32,4,0,1,0,0,1,12,0
734,UP80FA6168,bike,B3,2024-01-12 09:22:09,2024-01-12 13:35:09,253,completed,9,22,4,0,1,0,0,1,12,1
735,UP80WW7227,car,C3,2024-01-12 09:56:37,2024-01-12 16:05:37,369,completed,9,56,4,0,1,0,0,1,12,0
736,UP80QU4697,car,C4,2024-01-12 09:25:36,2024-01-12 15:00:36,335,completed,9,25,4,0,1,0,0,1,12,0
737,UP80WD3621,bike,B4,2024-01-12 09:04:46,2024-01-12 13:56:46,292,completed,9,4,4,0,1,0,0,1,12,1
738,UP80LL5557,car,C5,2024-01-12 09:44:44,2024-01-12 17:23:44,459,completed,9,44,4,0,1,0,0,1,12,0
739,UP80CL8433,car,C6,2024-01-12 10:38:41,2024-01-12 11:46:41,68,completed,10,38,4,0,0,0,0,1,12,0
740,UP80GQ7543,car,C6,2024-01-12 11:58:49,2024-01-12 14:45:49,167,completed,11,58,4,0,0,0,0,1,12,0
741,UP80YU4241,bike,B1,2024-01-12 11:26:59,2024-01-12 12:46:59,80,completed,11,26,4,0,0,0,0,1,12,1
742,UP80KB6155,car,C7,2024-01-12 11:38:59,2024-01-12 14:35:59,177,completed,11,38,4,0,0,0,0,1,12,0
743,UP80QE5010,car,C8,2024-01-12 12:03:19,2024-01-12 12:51:19,48,completed,12,3,4,0,0,1,0,1,12,0
744,UP80QA2535,bike,B2,2024-01-12 12:32:44,2024-01-12 13:14:44,42,completed,12,32,4,0,0,1,0,1,12,1
745,UP80UN4919,bike,B5,2024-01-12 12:43:46,2024-01-12 13:28:46,45,completed,12,43,4,0,0,1,0,1,12,1
746,UP80FM8517,bike,B6,2024-01-12 12:05:14,2024-01-12 12:30:14,25,completed,12,5,4,0,0,1,0,1,12,1
747,UP80WD3621,bike,B7,2024-01-12 12:09:08,2024-01-12 12:49:08,40,completed,12,9,4,0,0,1,0,1,12,1
748,UP80KQ8668,bike,B1,2024-01-12 13:25:16,2024-01-12 14:07:16,42,completed,13,25,4,0,0,1,0,1,12,1
749,UP80SJ3547,car,C8,2024-01-12 13:27:49,2024-01-12 14:13:49,46,completed,13,27,4,0,0,1,0,1,12,0
750,UP80UU6573,car,C9,2024-01-12 13:25:41,2024-01-12 14:26:41,61,completed,13,25,4,0,0,1,0,1,12,0
751,UP80RU2307,car,C10,2024-01-12 13:39:47,2024-01-12 15:10:47,91,completed,13,39,4,0,0,1,0,1,12,0
752,UP80SZ2612,car,C11,2024-01-12 13:20:43,2024-01-12 14:35:43,75,completed,13,20,4,0,0,1,0,1,12,0
753,UP80FA6168,bike,B1,2024-01-12 15:07:42,2024-01-12 16:09:42,62,completed,15,7,4,0,0,0,0,1,12,1
754,UP80SS2169,bike,B2,2024-01-12 15:38:41,2024-01-12 17:10:41,92,completed,15,38,4,0,0,0,0,1,12,1
755,UP80JZ3266,car,C1,2024-01-12 16:10:22,2024-01-12 17:39:22,89,completed,16,10,4,0,0,0,0,1,12,0
756,UP80FA6168,bike,B1,2024-01-12 17:59:52,2024-01-12 18:55:52,56,completed,17,59,4,0,0,0,1,1,12,1
757,UP80JK1887,car,C1,2024-01-12 17:09:48,2024-01-12 18:46:48,97,completed,17,9,4,0,0,0,1,1,12,0
758,UP80DJ5374,bike,B2,2024-01-12 17:39:59,2024-01-12 18:59:59,80,completed,17,39,4,0,0,0,1,1,12,1
759,UP80VA3615,car,C2,2024-01-12 17:00:21,2024-01-12 18:18:21,78,completed,17,0,4,0,0,0,1,1,12,0
760,UP80YC3200,bike,B3,2024-01-12 18:21:13,2024-01-12 20:02:13,101,completed,18,21,4,0,0,0,1,1,12,1
761,UP80WW7227,car,C2,2024-01-12 18:13:34,2024-01-12 19:03:34,50,completed,18,13,4,0,0,0,1,1,12,0
762,UP80FD2679,bike,B4,2024-01-12 18:09:44,2024-01-12 19:13:44,64,completed,18,9,4,0,0,0,1,1,12,1
763,UP80GY7906,bike,B5,2024-01-12 18:24:37,2024-01-12 19:53:37,89,completed,18,24,4,0,0,0,1,1,12,1
764,UP80GL8613,car,C3,2024-01-12 18:18:12,2024-01-12 19:52:12,94,completed,18,18,4,0,0,0,1,1,12,0
765,UP80RA5506,car,C4,2024-01-12 18:17:03,2024-01-12 20:27:03,130,completed,18,17,4,0,0,0,1,1,12,0
766,UP80SX5930,bike,B1,2024-01-12 19:42:54,2024-01-12 21:11:54,89,completed,19,42,4,0,0,0,1,1,12,1
767,UP80KB6155,car,C1,2024-01-12 20:55:06,2024-01-12 22:59:06,124,completed,20,55,4,0,0,0,0,1,12,0
768,UP80UW7865,car,C2,2024-01-12 20:45:06,2024-01-12 23:23:06,158,completed,20,45,4,0,0,0,0,1,12,0
769,UP80QV8527,car,C3,2024-01-12 21:55:38,2024-01-13 00:27:38,152,completed,21,55,4,0,0,0,0,1,12,0
770,UP80ZY4295,bike,B1,2024-01-12 21:35:59,2024-01-12 23:51:59,136,completed,21,35,4,0,0,0,0,1,12,1
771,UP80DK4598,car,C4,2024-01-12 22:15:59,2024-01-12 23:09:59,54,completed,22,15,4,0,0,0,0,1,12,0
772,UP80SW1916,bike,B2,2024-01-12 22:01:22,2024-01-12 23:18:22,77,completed,22,1,4,0,0,0,0,1,12,1
773,UP80KQ8668,bike,B2,2024-01-12 23:40:19,2024-01-13 00:53:19,73,completed,23,40,4,0,0,0,0,1,12,1
774,UP80XW2746,bike,B1,2024-01-13 07:46:01,2024-01-13 12:29:01,283,completed,7,46,5,1,1,0,0,1,13,1
775,UP80PN4130,bike,B2,2024-01-13 09:19:28,2024-01-13 14:06:28,287,completed,9,19,5,1,1,0,0,1,13,1
776,UP80XW5889,car,C1,2024-01-13 10:06:08,2024-01-13 11:47:08,101,completed,10,6,5,1,0,0,0,1,13,0
777,UP80ZU9317,car,C2,2024-01-13 10:38:36,2024-01-13 12:24:36,106,completed,10,38,5,1,0,0,0,1,13,0
778,UP80KQ8668,bike,B3,2024-01-13 10:44:49,2024-01-13 12:41:49,117,completed,10,44,5,1,0,0,0,1,13,1
779,UP80QV8527,car,C3,2024-01-13 10:30:45,2024-01-13 12:21:45,111,completed,10,30,5,1,0,0,0,1,13,0
780,UP80RA5506,car,C4,2024-01-13 10:12:14,2024-01-13 11:40:14,88,completed,10,12,5,1,0,0,0,1,13,0
781,UP80LP5956,bike,B4,2024-01-13 10:26:14,2024-01-13 11:46:14,80,completed,10,26,5,1,0,0,0,1,13,1
782,UP80QE5010,car,C5,2024-01-13 11:28:55,2024-01-13 13:18:55,110,completed,11,28,5,1,0,0,0,1,13,0
783,UP80SX2424,car,C1,2024-01-13 11:56:15,2024-01-13 12:57:15,61,completed,11,56,5,1,0,0,0,1,13,0
784,UP80KT2245,car,C2,2024-01-13 12:25:39,2024-01-13 12:59:39,34,completed,12,25,5,1,0,1,0,1,13,0
785,UP80GW7932,bike,B1,2024-01-13 12:33:41,2024-01-13 13:02:41,29,completed,12,33,5,1,0,1,0,1,13,1
786,UP80EG6363,bike,B1,2024-01-13 13:02:56,2024-01-13 13:41:56,39,completed,13,2,5,1,0,1,0,1,13,1
787,UP80NZ1188,bike,B1,2024-01-13 13:47:02,2024-01-13 14:24:02,37,completed,13,47,5,1,0,1,0,1,13,1
788,UP80LP3441,bike,B3,2024-01-13 13:28:25,2024-01-13 13:34:25,6,completed,13,28,5,1,0,1,0,1,13,1
789,UP80XW5889,car,C1,2024-01-13 13:29:10,2024-01-13 15:01:10,92,completed,13,29,5,1,0,1,0,1,13,0
790,UP80PT9928,car,C2,2024-01-13 14:29:53,2024-01-13 15:58:53,89,completed,14,29,5,1,0,0,0,1,13,0
791,UP80BB5786,car,C1,2024-01-13 16:07:11,2024-01-13 17:14:11,67,completed,16,7,5,1,0,0,0,1,13,0
792,UP80NZ7201,car,C2,2024-01-13 16:01:11,2024-01-13 17:55:11,114,completed,16,1,5,1,0,0,0,1,13,0
793,UP80CC6635,car,C3,2024-01-13 16:05:16,2024-01-13 17:31:16,86,completed,16,5,5,1,0,0,0,1,13,0
794,UP80NZ1188,bike,B1,2024-01-13 16:28:40,2024-01-13 17:29:40,61,completed,16,28,5,1,0,0,0,1,13,1
795,UP80UM5397,car,C4,2024-01-13 16:46:50,2024-01-13 18:59:50,133,completed,16,46,5,1,0,0,0,1,13,0
796,UP80CA6111,bike,B1,2024-01-13 17:49:10,2024-01-13 18:59:10,70,completed,17,49,5,1,0,0,1,1,13,1
797,UP80FU2674,car,C1,2024-01-13 17:55:09,2024-01-13 19:30:09,95,completed,17,55,5,1,0,0,1,1,13,0
798,UP80UN4919,bike,B2,2024-01-13 17:19:46,2024-01-13 18:49:46,90,completed,17,19,5,1,0,0,1,1,13,1
799,UP80LP5956,bike,B3,2024-01-13 18:11:07,2024-01-13 19:33:07,82,completed,18,11,5,1,0,0,1,1,13,1
800,UP80RA5506,car,C1,2024-01-13 19:31:54,2024-01-13 20:56:54,85,completed,19,31,5,1,0,0,1,1,13,0
801,UP80WD3621,bike,B1,2024-01-13 19:31:15,2024-01-13 20:17:15,46,completed,19,31,5,1,0,0,1,1,13,1
802,UP80XA6442,car,C2,2024-01-13 20:00:15,2024-01-13 22:05:15,125,completed,20,0,5,1,0,0,0,1,13,0
803,UP80LN2982,bike,B1,2024-01-13 20:35:52,2024-01-13 21:40:52,65,completed,20,35,5,1,0,0,0,1,13,1
804,UP80CL8433,car,C3,2024-01-13 20:09:54,2024-01-13 22:26:54,137,completed,20,9,5,1,0,0,0,1,13,0
805,UP80LN2982,bike,B2,2024-01-13 20:19:21,2024-01-13 22:03:21,104,completed,20,19,5,1,0,0,0,1,13,1
806,UP80ZU9317,car,C4,2024-01-13 20:18:39,2024-01-13 23:24:39,186,completed,20,18,5,1,0,0,0,1,13,0
807,UP80YE4457,bike,B3,2024-01-13 20:35:11,2024-01-13 20:52:11,17,completed,20,35,5,1,0,0,0,1,13,1
808,UP80KB6155,car,C5,2024-01-13 20:19:20,2024-01-13 21:37:20,78,completed,20,19,5,1,0,0,0,1,13,0
809,UP80FX6413,bike,B1,2024-01-13 21:48:27,2024-01-13 22:57:27,69,completed,21,48,5,1,0,0,0,1,13,1
810,UP80NZ1188,bike,B3,2024-01-13 21:17:21,2024-01-13 22:25:21,68,completed,21,17,5,1,0,0,0,1,13,1
811,UP80CL8433,car,C1,2024-01-13 21:13:39,2024-01-13 23:16:39,123,completed,21,13,5,1,0,0,0,1,13,0
812,UP80DJ5374,bike,B2,2024-01-13 22:30:46,2024-01-13 23:04:46,34,completed,22,30,5,1,0,0,0,1,13,1
813,UP80CL8433,car,C2,2024-01-13 22:54:20,2024-01-14 00:52:20,118,completed,22,54,5,1,0,0,0,1,13,0
814,UP80VL2040,car,C1,2024-01-13 23:36:31,2024-01-14 01:22:31,106,completed,23,36,5,1,0,0,0,1,13,0
815,UP80GT1027,car,C1,2024-01-14 08:29:57,2024-01-14 12:59:57,270,completed,8,29,6,1,1,0,0,1,14,0
816,UP80CL8433,car,C2,2024-01-14 08:03:53,2024-01-14 14:24:53,381,completed,8,3,6,1,1,0,0,1,14,0
817,UP80BH6925,bike,B1,2024-01-14 09:20:35,2024-01-14 12:45:35,205,completed,9,20,6,1,1,0,0,1,14,1
818,UP80FU2674,car,C3,2024-01-14 10:50:22,2024-01-14 12:13:22,83,completed,10,50,6,1,0,0,0,1,14,0
819,UP80AW3979,car,C4,2024-01-14 10:01:21,2024-01-14 11:31:21,90,completed,10,1,6,1,0,0,0,1,14,0
820,UP80SS2169,bike,B2,2024-01-14 10:11:38,2024-01-14 11:21:38,70,completed,10,11,6,1,0,0,0,1,14,1
821,UP80DD9830,car,C5,2024-01-14 10:20:45,2024-01-14 13:01:45,161,completed,10,20,6,1,0,0,0,1,14,0
822,UP80SS2169,bike,B2,2024-01-14 11:53:19,2024-01-14 13:11:19,78,completed,11,53,6,1,0,0,0,1,14,1
823,UP80NZ7201,car,C4,2024-01-14 11:23:50,2024-01-14 13:14:50,111,completed,11,23,6,1,0,0,0,1,14,0
824,UP80NZ7201,car,C6,2024-01-14 11:30:57,2024-01-14 12:51:57,81,completed,11,30,6,1,0,0,0,1,14,0
825,UP80JN9785,bike,B3,2024-01-14 11:30:46,2024-01-14 12:50:46,80,completed,11,30,6,1,0,0,0,1,14,1
826,UP80SJ3547,car,C3,2024-01-14 12:52:33,2024-01-14 13:30:33,38,completed,12,52,6,1,0,1,0,1,14,0
827,UP80NZ1188,bike,B1,2024-01-14 12:02:29,2024-01-14 12:41:29,39,completed,12,2,6,1,0,1,0,1,14,1
828,UP80GT1027,car,C6,2024-01-14 12:54:38,2024-01-14 13:57:38,63,completed,12,54,6,1,0,1,0,1,14,0
829,UP80SS2169,bike,B1,2024-01-14 12:02:06,2024-01-14 13:08:06,66,completed,12,2,6,1,0,1,0,1,14,1
830,UP80DJ5374,bike,B1,2024-01-14 13:13:20,2024-01-14 13:52:20,39,completed,13,13,6,1,0,1,0,1,14,1
831,UP80VA3615,car,C1,2024-01-14 13:20:49,2024-01-14 14:03:49,43,completed,13,20,6,1,0,1,0,1,14,0
832,UP80BH6925,bike,B1,2024-01-14 14:39:35,2024-01-14 16:01:35,82,completed,14,39,6,1,0,0,0,1,14,1
833,UP80DJ5374,bike,B2,2024-01-14 14:35:20,2024-01-14 15:25:20,50,completed,14,35,6,1,0,0,0,1,14,1
834,UP80QA2535,bike,B2,2024-01-14 15:57:21,2024-01-14 16:48:21,51,completed,15,57,6,1,0,0,0,1,14,1
835,UP80LL5557,car,C1,2024-01-14 15:30:57,2024-01-14 17:01:57,91,completed,15,30,6,1,0,0,0,1,14,0
836,UP80MJ5232,car,C2,2024-01-14 15:45:38,2024-01-14 18:00:38,135,completed,15,45,6,1,0,0,0,1,14,0
837,UP80SS2169,bike,B1,2024-01-14 16:44:28,2024-01-14 17:51:28,67,completed,16,44,6,1,0,0,0,1,14,1
838,UP80NC1771,car,C3,2024-01-14 16:51:34,2024-01-14 19:03:34,132,completed,16,51,6,1,0,0,0,1,14,0
839,UP80BB5786,car,C1,2024-01-14 17:05:52,2024-01-14 18:01:52,56,completed,17,5,6,1,0,0,1,1,14,0
840,UP80PS1750,bike,B2,2024-01-14 17:45:49,2024-01-14 19:11:49,86,completed,17,45,6,1,0,0,1,1,14,1
841,UP80XV1653,car,C1,2024-01-14 18:09:55,2024-01-14 20:02:55,113,completed,18,9,6,1,0,0,1,1,14,0
842,UP80TH9379,car,C2,2024-01-14 18:42:21,2024-01-14 19:47:21,65,completed,18,42,6,1,0,0,1,1,14,0
843,UP80SW1916,bike,B1,2024-01-14 18:01:04,2024-01-14 18:23:04,22,completed,18,1,6,1,0,0,1,1,14,1
844,UP80KQ8668,bike,B1,2024-01-14 19:22:38,2024-01-14 20:22:38,60,completed,19,22,6,1,0,0,1,1,14,1
845,UP80TH9379,car,C2,2024-01-14 19:52:45,2024-01-14 20:57:45,65,completed,19,52,6,1,0,0,1,1,14,0
846,UP80RU2307,car,C3,2024-01-14 19:29:25,2024-01-14 20:50:25,81,completed,19,29,6,1,0,0,1,1,14,0
847,UP80CY4848,car,C4,2024-01-14 19:35:10,2024-01-14 21:21:10,106,completed,19,35,6,1,0,0,1,1,14,0
848,UP80PX7149,bike,B1,2024-01-14 20:27:50,2024-01-14 21:50:50,83,completed,20,27,6,1,0,0,0,1,14,1
849,UP80FN1434,bike,B2,2024-01-14 21:34:44,2024-01-14 22:48:44,74,completed,21,34,6,1,0,0,0,1,14,1
850,UP80QE5010,car,C1,2024-01-14 21:07:37,2024-01-14 21:59:37,52,completed,21,7,6,1,0,0,0,1,14,0
851,UP80NC1771,car,C1,2024-01-15 00:41:51,2024-01-15 03:29:51,168,completed,0,41,0,0,0,0,0,1,15,0
852,UP80NC1771,car,C2,2024-01-15 02:59:27,2024-01-15 04:20:27,81,completed,2,59,0,0,0,0,0,1,15,0
853,UP80JZ3266,car,C1,2024-01-15 06:32:27,2024-01-15 08:10:27,98,completed,6,32,0,0,0,0,0,1,15,0
854,UP80VL2040,car,C2,2024-01-15 07:27:38,2024-01-15 13:55:38,388,completed,7,27,0,0,1,0,0,1,15,0
855,UP80KQ8668,bike,B1,2024-01-15 07:54:46,2024-01-15 11:37:46,223,completed,7,54,0,0,1,0,0,1,15,1
856,UP80SX2424,car,C3,2024-01-15 07:36:23,2024-01-15 15:52:23,496,completed,7,36,0,0,1,0,0,1,15,0
857,UP80BZ1241,bike,B2,2024-01-15 08:36:30,2024-01-15 10:21:30,105,completed,8,36,0,0,1,0,0,1,15,1
858,UP80GY7906,bike,B3,2024-01-15 08:05:09,2024-01-15 10:50:09,165,completed,8,5,0,0,1,0,0,1,15,1
859,UP80KH8633,car,C1,2024-01-15 08:54:48,2024-01-15 13:41:48,287,completed,8,54,0,0,1,0,0,1,15,0
860,UP80FN1434,bike,B4,2024-01-15 08:39:05,2024-01-15 12:31:05,232,completed,8,39,0,0,1,0,0,1,15,1
861,UP80AT5315,car,C4,2024-01-15 08:43:40,2024-01-15 14:35:40,352,completed,8,43,0,0,1,0,0,1,15,0
862,UP80KE7883,car,C5,2024-01-15 08:21:34,2024-01-15 14:39:34,378,completed,8,21,0,0,1,0,0,1,15,0
863,UP80KT2245,car,C6,2024-01-15 08:29:32,2024-01-15 14:22:32,353,completed,8,29,0,0,1,0,0,1,15,0
864,UP80SX2424,car,C7,2024-01-15 08:51:18,2024-01-15 13:48:18,297,completed,8,51,0,0,1,0,0,1,15,0
865,UP80SS2169,bike,B5,2024-01-15 08:44:59,2024-01-15 12:32:59,228,completed,8,44,0,0,1,0,0,1,15,1
866,UP80CC6635,car,C8,2024-01-15 09:03:40,2024-01-15 13:46:40,283,completed,9,3,0,0,1,0,0,1,15,0
867,UP80DJ5374,bike,B6,2024-01-15 09:36:03,2024-01-15 14:06:03,270,completed,9,36,0,0,1,0,0,1,15,1
868,UP80KQ8668,bike,B7,2024-01-15 09:18:31,2024-01-15 11:59:31,161,completed,9,18,0,0,1,0,0,1,15,1
869,UP80PW3426,car,C9,2024-01-15 09:04:54,2024-01-15 15:36:54,392,completed,9,4,0,0,1,0,0,1,15,0
870,UP80VA3615,car,C10,2024-01-15 10:54:16,2024-01-15 13:18:16,144,completed,10,54,0,0,0,0,0,1,15,0
871,UP80HQ8025,car,C11,2024-01-15 11:38:11,2024-01-15 14:03:11,145,completed,11,38,0,0,0,0,0,1,15,0
872,UP80RU2307,car,C12,2024-01-15 11:51:11,2024-01-15 14:26:11,155,completed,11,51,0,0,0,0,0,1,15,0
873,UP80DM3705,bike,B1,2024-01-15 11:31:11,2024-01-15 12:40:11,69,completed,11,31,0,0,0,0,0,1,15,1
874,UP80ZB4044,car,C13,2024-01-15 12:09:38,2024-01-15 13:16:38,67,completed,12,9,0,0,0,1,0,1,15,0
875,UP80XW2746,bike,B1,2024-01-15 12:53:31,2024-01-15 13:39:31,46,completed,12,53,0,0,0,1,0,1,15,1
876,UP80BH6925,bike,B2,2024-01-15 12:28:46,2024-01-15 13:02:46,34,completed,12,28,0,0,0,1,0,1,15,1
877,UP80FB1344,car,C14,2024-01-15 12:36:46,2024-01-15 13:14:46,38,completed,12,36,0,0,0,1,0,1,15,0
878,UP80FM8517,bike,B3,2024-01-15 12:07:03,2024-01-15 12:32:03,25,completed,12,7,0,0,0,1,0,1,15,1
879,UP80SC9797,car,C15,2024-01-15 12:30:19,2024-01-15 13:33:19,63,completed,12,30,0,0,0,1,0,1,15,0
880,UP80NZ1188,bike,B4,2024-01-15 12:24:30,2024-01-15 13:31:30,67,completed,12,24,0,0,0,1,0,1,15,1
881,UP80JZ3266,car,C16,2024-01-15 12:55:27,2024-01-15 13:42:27,47,completed,12,55,0,0,0,1,0,1,15,0
882,UP80GR6977,car,C10,2024-01-15 13:39:58,2024-01-15 14:50:58,71,completed,13,39,0,0,0,1,0,1,15,0
883,UP80LL5557,car,C13,2024-01-15 13:21:17,2024-01-15 14:20:17,59,completed,13,21,0,0,0,1,0,1,15,0
884,UP80RU2307,car,C1,2024-01-15 14:29:49,2024-01-15 17:21:49,172,completed,14,29,0,0,0,0,0,1,15,0
885,UP80NZ7201,car,C2,2024-01-15 14:46:43,2024-01-15 15:46:43,60,completed,14,46,0,0,0,0,0,1,15,0
886,UP80RA5506,car,C4,2024-01-15 14:11:20,2024-01-15 16:03:20,112,completed,14,11,0,0,0,0,0,1,15,0
887,UP80LL5557,car,C2,2024-01-15 15:53:04,2024-01-15 16:52:04,59,completed,15,53,0,0,0,0,0,1,15,0
888,UP80PW3426,car,C3,2024-01-15 15:22:14,2024-01-15 17:12:14,110,completed,15,22,0,0,0,0,0,1,15,0
889,UP80PT9928,car,C5,2024-01-15 15:12:02,2024-01-15 18:02:02,170,completed,15,12,0,0,0,0,0,1,15,0
890,UP80ZU9317,car,C2,2024-01-15 16:57:53,2024-01-15 19:15:53,138,completed,16,57,0,0,0,0,0,1,15,0
891,UP80DM4502,car,C4,2024-01-15 16:40:07,2024-01-15 19:26:07,166,completed,16,40,0,0,0,0,0,1,15,0
892,UP80PF8800,bike,B1,2024-01-15 17:24:42,2024-01-15 18:56:42,92,completed,17,24,0,0,0,0,1,1,15,1
893,UP80BZ1241,bike,B2,2024-01-15 17:36:51,2024-01-15 18:44:51,68,completed,17,36,0,0,0,0,1,1,15,1
894,UP80PN4130,bike,B3,2024-01-15 17:29:42,2024-01-15 18:25:42,56,completed,17,29,0,0,0,0,1,1,15,1
895,UP80SL4824,bike,B4,2024-01-15 17:29:59,2024-01-15 17:55:59,26,completed,17,29,0,0,0,0,1,1,15,1
896,UP80CC6635,car,C1,2024-01-15 17:49:49,2024-01-15 19:47:49,118,completed,17,49,0,0,0,0,1,1,15,0
897,UP80QA2535,bike,B5,2024-01-15 17:49:04,2024-01-15 18:47:04,58,completed,17,49,0,0,0,0,1,1,15,1
898,UP80XF5088,bike,B6,2024-01-15 17:03:16,2024-01-15 18:33:16,90,completed,17,3,0,0,0,0,1,1,15,1
899,UP80NZ7201,car,C3,2024-01-15 18:11:28,2024-01-15 19:26:28,75,completed,18,11,0,0,0,0,1,1,15,0
900,UP80GQ7543,car,C5,2024-01-15 18:31:06,2024-01-15 19:48:06,77,completed,18,31,0,0,0,0,1,1,15,0
901,UP80JZ3266,car,C6,2024-01-15 18:13:39,2024-01-15 19:39:39,86,completed,18,13,0,0,0,0,1,1,15,0
902,UP80WW7227,car,C7,2024-01-15 18:04:04,2024-01-15 19:20:04,76,completed,18,4,0,0,0,0,1,1,15,0
903,UP80VL2040,car,C8,2024-01-15 18:49:28,2024-01-15 20:44:28,115,completed,18,49,0,0,0,0,1,1,15,0
904,UP80GR6977,car,C1,2024-01-15 19:59:02,2024-01-15 22:03:02,124,completed,19,59,0,0,0,0,1,1,15,0
905,UP80FM8517,bike,B1,2024-01-15 19:09:44,2024-01-15 19:57:44,48,completed,19,9,0,0,0,0,1,1,15,1
906,UP80FM8517,bike,B2,2024-01-15 19:49:31,2024-01-15 20:50:31,61,completed,19,49,0,0,0,0,1,1,15,1
907,UP80BF8953,car,C2,2024-01-15 19:54:46,2024-01-15 21:21:46,87,completed,19,54,0,0,0,0,1,1,15,0
908,UP80WX3697,car,C3,2024-01-15 20:44:52,2024-01-15 22:43:52,119,completed,20,44,0,0,0,0,0,1,15,0
909,UP80PE7211,car,C4,2024-01-15 20:36:34,2024-01-15 22:18:34,102,completed,20,36,0,0,0,0,0,1,15,0
910,UP80PF8800,bike,B1,2024-01-15 20:03:40,2024-01-15 21:36:40,93,completed,20,3,0,0,0,0,0,1,15,1
911,UP80DK4598,car,C5,2024-01-15 20:05:23,2024-01-15 22:43:23,158,completed,20,5,0,0,0,0,0,1,15,0
912,UP80QV8527,car,C2,2024-01-15 21:49:18,2024-01-16 00:10:18,141,completed,21,49,0,0,0,0,0,1,15,0
913,UP80PJ6419,bike,B1,2024-01-15 22:35:02,2024-01-16 00:03:02,88,completed,22,35,0,0,0,0,0,1,15,1
914,UP80SW1916,bike,B2,2024-01-15 22:57:06,2024-01-16 00:47:06,110,completed,22,57,0,0,0,0,0,1,15,1
915,UP80XT8777,car,C1,2024-01-15 22:31:05,2024-01-16 00:28:05,117,completed,22,31,0,0,0,0,0,1,15,0
916,UP80BR1207,bike,B3,2024-01-15 23:12:01,2024-01-16 00:13:01,61,completed,23,12,0,0,0,0,0,1,15,1
917,UP80DD9830,car,C1,2024-01-16 07:07:17,2024-01-16 13:35:17,388,completed,7,7,1,0,1,0,0,1,16,0
918,UP80AT5315,car,C2,2024-01-16 07:10:28,2024-01-16 14:00:28,410,completed,7,10,1,0,1,0,0,1,16,0
919,UP80XW5889,car,C3,2024-01-16 07:02:08,2024-01-16 12:36:08,334,completed,7,2,1,0,1,0,0,1,16,0
920,UP80RA5506,car,C4,2024-01-16 07:56:31,2024-01-16 14:20:31,384,completed,7,56,1,0,1,0,0,1,16,0
921,UP80AT5315,car,C5,2024-01-16 07:11:59,2024-01-16 13:58:59,407,completed,7,11,1,0,1,0,0,1,16,0
922,UP80AN5494,bike,B1,2024-01-16 07:51:50,2024-01-16 11:10:50,199,completed,7,51,1,0,1,0,0,1,16,1
923,UP80GR6977,car,C6,2024-01-16 07:08:13,2024-01-16 12:06:13,298,completed,7,8,1,0,1,0,0,1,16,0
924,UP80ZU9317,car,C7,2024-01-16 08:11:39,2024-01-16 14:02:39,351,completed,8,11,1,0,1,0,0,1,16,0
925,UP80PT9928,car,C8,2024-01-16 08:11:45,2024-01-16 12:57:45,286,completed,8,11,1,0,1,0,0,1,16,0
926,UP80RU2307,car,C9,2024-01-16 08:22:26,2024-01-16 13:06:26,284,completed,8,22,1,0,1,0,0,1,16,0
927,UP80FE8350,car,C10,2024-01-16 08:12:07,2024-01-16 12:44:07,272,completed,8,12,1,0,1,0,0,1,16,0
928,UP80BH6925,bike,B2,2024-01-16 08:34:32,2024-01-16 11:12:32,158,completed,8,34,1,0,1,0,0,1,16,1
929,UP80FU2674,car,C11,2024-01-16 08:17:03,2024-01-16 13:14:03,297,completed,8,17,1,0,1,0,0,1,16,0
930,UP80SX2424,car,C12,2024-01-16 08:30:31,2024-01-16 12:05:31,215,completed,8,30,1,0,1,0,0,1,16,0
931,UP80BH6925,bike,B3,2024-01-16 08:03:41,2024-01-16 11:13:41,190,completed,8,3,1,0,1,0,0,1,16,1
932,UP80TK7118,car,C13,2024-01-16 09:51:56,2024-01-16 16:12:56,381,completed,9,51,1,0,1,0,0,1,16,0
933,UP80SC9797,car,C14,2024-01-16 11:06:47,2024-01-16 13:37:47,151,completed,11,6,1,0,0,0,0,1,16,0
934,UP80RU2307,car,C15,2024-01-16 11:31:32,2024-01-16 14:33:32,182,completed,11,31,1,0,0,0,0,1,16,0
935,UP80QE5010,car,C16,2024-01-16 11:46:28,2024-01-16 12:48:28,62,completed,11,46,1,0,0,0,0,1,16,0
936,UP80DD9830,car,C3,2024-01-16 13:20:14,2024-01-16 14:36:14,76,completed,13,20,1,0,0,1,0,1,16,0
937,UP80PS1750,bike,B1,2024-01-16 13:55:12,2024-01-16 14:57:12,62,completed,13,55,1,0,0,1,0,1,16,1
938,UP80BH6925,bike,B2,2024-01-16 13:03:56,2024-01-16 13:56:56,53,completed,13,3,1,0,0,1,0,1,16,1
939,UP80KB6155,car,C1,2024-01-16 13:59:39,2024-01-16 14:43:39,44,completed,13,59,1,0,0,1,0,1,16,0
940,UP80GR6977,car,C2,2024-01-16 14:12:40,2024-01-16 16:43:40,151,completed,14,12,1,0,0,0,0,1,16,0
941,UP80CL8433,car,C5,2024-01-16 14:12:21,2024-01-16 16:32:21,140,completed,14,12,1,0,0,0,0,1,16,0
942,UP80CC6635,car,C1,2024-01-16 14:54:29,2024-01-16 17:01:29,127,completed,14,54,1,0,0,0,0,1,16,0
943,UP80DJ5374,bike,B1,2024-01-16 15:48:21,2024-01-16 16:27:21,39,completed,15,48,1,0,0,0,0,1,16,1
944,UP80QV4978,bike,B2,2024-01-16 15:40:39,2024-01-16 16:28:39,48,completed,15,40,1,0,0,0,0,1,16,1
945,UP80DD9830,car,C3,2024-01-16 16:35:54,2024-01-16 19:03:54,148,completed,16,35,1,0,0,0,0,1,16,0
946,UP80NC1771,car,C4,2024-01-16 16:13:37,2024-01-16 17:36:37,83,completed,16,13,1,0,0,0,0,1,16,0
947,UP80UK8253,car,C5,2024-01-16 16:17:00,2024-01-16 18:38:00,141,completed,16,17,1,0,0,0,0,1,16,0
948,UP80AT5315,car,C6,2024-01-16 16:27:37,2024-01-16 18:05:37,98,completed,16,27,1,0,0,0,0,1,16,0
949,UP80RA5506,car,C1,2024-01-16 17:09:58,2024-01-16 18:31:58,82,completed,17,9,1,0,0,0,1,1,16,0
950,UP80DM3705,bike,B1,2024-01-16 17:30:46,2024-01-16 18:48:46,78,completed,17,30,1,0,0,0,1,1,16,1
951,UP80LL5557,car,C2,2024-01-16 17:27:33,2024-01-16 18:35:33,68,completed,17,27,1,0,0,0,1,1,16,0
952,UP80DD9830,car,C7,2024-01-16 17:35:48,2024-01-16 19:11:48,96,completed,17,35,1,0,0,0,1,1,16,0
953,UP80RU2307,car,C8,2024-01-16 17:13:08,2024-01-16 18:35:08,82,completed,17,13,1,0,0,0,1,1,16,0
954,UP80NC1771,car,C4,2024-01-16 18:30:42,2024-01-16 19:49:42,79,completed,18,30,1,0,0,0,1,1,16,0
955,UP80CM2133,car,C1,2024-01-16 18:54:36,2024-01-16 20:57:36,123,completed,18,54,1,0,0,0,1,1,16,0
956,UP80AQ2638,bike,B1,2024-01-16 18:08:55,2024-01-16 19:18:55,70,completed,18,8,1,0,0,0,1,1,16,1
957,UP80NC1771,car,C2,2024-01-16 18:50:55,2024-01-16 20:19:55,89,completed,18,50,1,0,0,0,1,1,16,0
958,UP80DK4598,car,C5,2024-01-16 18:40:04,2024-01-16 20:08:04,88,completed,18,40,1,0,0,0,1,1,16,0
959,UP80GR6977,car,C6,2024-01-16 18:33:02,2024-01-16 19:49:02,76,completed,18,33,1,0,0,0,1,1,16,0
960,UP80PT9928,car,C8,2024-01-16 18:36:50,2024-01-16 19:26:50,50,completed,18,36,1,0,0,0,1,1,16,0
961,UP80QA2535,bike,B2,2024-01-16 18:39:56,2024-01-16 18:59:56,20,completed,18,39,1,0,0,0,1,1,16,1
962,UP80KB6155,car,C9,2024-01-16 18:23:56,2024-01-16 19:46:56,83,completed,18,23,1,0,0,0,1,1,16,0
963,UP80FA6168,bike,B1,2024-01-16 19:23:29,2024-01-16 20:13:29,50,completed,19,23,1,0,0,0,1,1,16,1
964,UP80BH6925,bike,B2,2024-01-16 19:45:04,2024-01-16 21:26:04,101,completed,19,45,1,0,0,0,1,1,16,1
965,UP80VA3615,car,C3,2024-01-16 19:08:21,2024-01-16 20:08:21,60,completed,19,8,1,0,0,0,1,1,16,0
966,UP80SD9042,car,C2,2024-01-16 20:48:37,2024-01-16 21:55:37,67,completed,20,48,1,0,0,0,0,1,16,0
967,UP80ER5325,bike,B1,2024-01-16 20:13:48,2024-01-16 21:05:48,52,completed,20,13,1,0,0,0,0,1,16,1
968,UP80QA2535,bike,B1,2024-01-16 21:32:43,2024-01-16 23:35:43,123,completed,21,32,1,0,0,0,0,1,16,1
969,UP80VL2040,car,C1,2024-01-16 22:04:23,2024-01-16 22:48:23,44,completed,22,4,1,0,0,0,0,1,16,0
970,UP80SC9797,car,C1,2024-01-16 23:30:45,2024-01-17 01:29:45,119,completed,23,30,1,0,0,0,0,1,16,0
971,UP80KY5033,car,C1,2024-01-17 06:57:42,2024-01-17 08:57:42,120,completed,6,57,2,0,0,0,0,1,17,0
972,UP80WW7227,car,C2,2024-01-17 06:20:36,2024-01-17 08:31:36,131,completed,6,20,2,0,0,0,0,1,17,0
973,UP80SX2424,car,C3,2024-01-17 06:23:11,2024-01-17 07:27:11,64,completed,6,23,2,0,0,0,0,1,17,0
974,UP80CC6635,car,C4,2024-01-17 07:09:23,2024-01-17 10:46:23,217,completed,7,9,2,0,1,0,0,1,17,0
975,UP80FD2679,bike,B1,2024-01-17 08:34:19,2024-01-17 11:35:19,181,completed,8,34,2,0,1,0,0,1,17,1
976,UP80ZB4044,car,C2,2024-01-17 08:09:29,2024-01-17 14:48:29,399,completed,8,9,2,0,1,0,0,1,17,0
977,UP80KQ8668,bike,B2,2024-01-17 08:00:47,2024-01-17 11:14:47,194,completed,8,0,2,0,1,0,0,1,17,1
978,UP80CL8433,car,C3,2024-01-17 08:30:57,2024-01-17 15:51:57,441,completed,8,30,2,0,1,0,0,1,17,0
979,UP80CF7818,bike,B3,2024-01-17 08:42:09,2024-01-17 13:36:09,294,completed,8,42,2,0,1,0,0,1,17,1
980,UP80ZY4295,bike,B4,2024-01-17 08:44:07,2024-01-17 12:08:07,204,completed,8,44,2,0,1,0,0,1,17,1
981,UP80SS2169,bike,B5,2024-01-17 08:08:43,2024-01-17 13:30:43,322,completed,8,8,2,0,1,0,0,1,17,1
982,UP80QE5010,car,C1,2024-01-17 09:14:28,2024-01-17 15:26:28,372,completed,9,14,2,0,1,0,0,1,17,0
983,UP80AT5315,car,C5,2024-01-17 09:03:38,2024-01-17 13:19:38,256,completed,9,3,2,0,1,0,0,1,17,0
984,UP80PT9928,car,C6,2024-01-17 09:49:17,2024-01-17 15:31:17,342,completed,9,49,2,0,1,0,0,1,17,0
985,UP80PT9928,car,C7,2024-01-17 09:34:54,2024-01-17 16:33:54,419,completed,9,34,2,0,1,0,0,1,17,0
986,UP80KQ8668,bike,B6,2024-01-17 09:31:20,2024-01-17 13:21:20,230,completed,9,31,2,0,1,0,0,1,17,1
987,UP80FM8517,bike,B7,2024-01-17 09:03:58,2024-01-17 14:13:58,310,completed,9,3,2,0,1,0,0,1,17,1
988,UP80DJ5374,bike,B8,2024-01-17 09:23:24,2024-01-17 14:57:24,334,completed,9,23,2,0,1,0,0,1,17,1
989,UP80JZ3266,car,C8,2024-01-17 10:22:22,2024-01-17 12:34:22,132,completed,10,22,2,0,0,0,0,1,17,0
990,UP80DD9830,car,C4,2024-01-17 10:46:56,2024-01-17 12:33:56,107,completed,10,46,2,0,0,0,0,1,17,0
991,UP80GQ7543,car,C9,2024-01-17 11:51:28,2024-01-17 13:45:28,114,completed,11,51,2,0,0,0,0,1,17,0
992,UP80FU2674,car,C10,2024-01-17 11:53:37,2024-01-17 13:12:37,79,completed,11,53,2,0,0,0,0,1,17,0
993,UP80NZ1188,bike,B1,2024-01-17 12:13:19,2024-01-17 13:03:19,50,completed,12,13,2,0,0,1,0,1,17,1
994,UP80RA5506,car,C4,2024-01-17 12:37:48,2024-01-17 13:36:48,59,completed,12,37,2,0,0,1,0,1,17,0
995,UP80UF9486,car,C8,2024-01-17 12:26:40,2024-01-17 13:36:40,70,completed,12,26,2,0,0,1,0,1,17,0
996,UP80LP5956,bike,B1,2024-01-17 13:36:48,2024-01-17 14:35:48,59,completed,13,36,2,0,0,1,0,1,17,1
997,UP80UU6573,car,C4,2024-01-17 13:11:53,2024-01-17 13:33:53,22,completed,13,11,2,0,0,1,0,1,17,0
998,UP80VL2040,car,C5,2024-01-17 13:19:53,2024-01-17 14:21:53,62,completed,13,19,2,0,0,1,0,1,17,0
999,UP80FD2679,bike,B2,2024-01-17 13:35:47,2024-01-17 14:22:47,47,completed,13,35,2,0,0,1,0,1,17,1
1000,UP80KE7883,car,C4,2024-01-17 14:19:40,2024-01-17 15:56:40,97,completed,14,19,2,0,0,0,0,1,17,0
1001,UP80DJ5374,bike,B3,2024-01-17 14:07:41,2024-01-17 14:56:41,49,completed,14,7,2,0,0,0,0,1,17,1
1002,UP80VA3615,car,C1,2024-01-17 15:44:41,2024-01-17 18:07:41,143,completed,15,44,2,0,0,0,0,1,17,0
1003,UP80FN1434,bike,B1,2024-01-17 15:48:17,2024-01-17 16:43:17,55,completed,15,48,2,0,0,0,0,1,17,1
1004,UP80WW7227,car,C2,2024-01-17 15:30:36,2024-01-17 17:07:36,97,completed,15,30,2,0,0,0,0,1,17,0
1005,UP80VA3615,car,C5,2024-01-17 15:40:43,2024-01-17 16:54:43,74,completed,15,40,2,0,0,0,0,1,17,0
1006,UP80AT5315,car,C3,2024-01-17 16:01:54,2024-01-17 18:47:54,166,completed,16,1,2,0,0,0,0,1,17,0
1007,UP80SJ3547,car,C4,2024-01-17 16:03:09,2024-01-17 17:54:09,111,completed,16,3,2,0,0,0,0,1,17,0
1008,UP80SW1916,bike,B1,2024-01-17 17:23:26,2024-01-17 18:44:26,81,completed,17,23,2,0,0,0,1,1,17,1
1009,UP80FN1434,bike,B2,2024-01-17 17:03:18,2024-01-17 17:35:18,32,completed,17,3,2,0,0,0,1,1,17,1
1010,UP80CC6635,car,C2,2024-01-17 17:11:48,2024-01-17 18:36:48,85,completed,17,11,2,0,0,0,1,1,17,0
1011,UP80QZ4180,bike,B3,2024-01-17 17:34:20,2024-01-17 18:55:20,81,completed,17,34,2,0,0,0,1,1,17,1
1012,UP80SC9797,car,C5,2024-01-17 17:44:44,2024-01-17 18:51:44,67,completed,17,44,2,0,0,0,1,1,17,0
1013,UP80QM2832,bike,B2,2024-01-17 17:37:22,2024-01-17 19:05:22,88,completed,17,37,2,0,0,0,1,1,17,1
1014,UP80CC6635,car,C1,2024-01-17 18:49:31,2024-01-17 20:37:31,108,completed,18,49,2,0,0,0,1,1,17,0
1015,UP80PS1750,bike,B1,2024-01-17 18:06:13,2024-01-17 19:42:13,96,completed,18,6,2,0,0,0,1,1,17,1
1016,UP80NZ1188,bike,B4,2024-01-17 18:35:39,2024-01-17 19:11:39,36,completed,18,35,2,0,0,0,1,1,17,1
1017,UP80SD9042,car,C2,2024-01-17 18:54:34,2024-01-17 20:24:34,90,completed,18,54,2,0,0,0,1,1,17,0
1018,UP80SJ3547,car,C3,2024-01-17 18:29:58,2024-01-17 19:44:58,75,completed,18,29,2,0,0,0,1,1,17,0
1019,UP80SS2169,bike,B1,2024-01-17 19:59:01,2024-01-17 21:09:01,70,completed,19,59,2,0,0,0,1,1,17,1
1020,UP80FH7211,car,C3,2024-01-17 19:28:56,2024-01-17 20:42:56,74,completed,19,28,2,0,0,0,1,1,17,0
1021,UP80SS2169,bike,B2,2024-01-17 19:48:21,2024-01-17 21:48:21,120,completed,19,48,2,0,0,0,1,1,17,1
1022,UP80PP6138,bike,B3,2024-01-17 19:14:08,2024-01-17 20:37:08,83,completed,19,14,2,0,0,0,1,1,17,1
1023,UP80BH6925,bike,B4,2024-01-17 19:44:14,2024-01-17 21:05:14,81,completed,19,44,2,0,0,0,1,1,17,1
1024,UP80FM7669,car,C1,2024-01-17 20:44:48,2024-01-17 22:55:48,131,completed,20,44,2,0,0,0,0,1,17,0
1025,UP80GQ7543,car,C2,2024-01-17 21:01:49,2024-01-17 23:19:49,138,completed,21,1,2,0,0,0,0,1,17,0
1026,UP80QA2535,bike,B1,2024-01-17 21:50:42,2024-01-17 23:08:42,78,completed,21,50,2,0,0,0,0,1,17,1
1027,UP80TK7118,car,C3,2024-01-17 21:30:07,2024-01-18 00:24:07,174,completed,21,30,2,0,0,0,0,1,17,0
1028,UP80SL9548,car,C4,2024-01-17 22:48:06,2024-01-18 01:12:06,144,completed,22,48,2,0,0,0,0,1,17,0
1029,UP80FN1434,bike,B1,2024-01-18 00:54:27,2024-01-18 02:44:27,110,completed,0,54,3,0,0,0,0,1,18,1
1030,UP80VL2040,car,C1,2024-01-18 06:43:23,2024-01-18 07:58:23,75,completed,6,43,3,0,0,0,0,1,18,0
1031,UP80NZ1188,bike,B1,2024-01-18 07:43:06,2024-01-18 11:29:06,226,completed,7,43,3,0,1,0,0,1,18,1
1032,UP80AT5315,car,C1,2024-01-18 08:09:25,2024-01-18 13:47:25,338,completed,8,9,3,0,1,0,0,1,18,0
1033,UP80LQ9565,car,C2,2024-01-18 08:06:47,2024-01-18 16:35:47,509,completed,8,6,3,0,1,0,0,1,18,0
1034,UP80FM8517,bike,B2,2024-01-18 08:21:12,2024-01-18 13:25:12,304,completed,8,21,3,0,1,0,0,1,18,1
1035,UP80DV5978,car,C3,2024-01-18 08:07:14,2024-01-18 12:24:14,257,completed,8,7,3,0,1,0,0,1,18,0
1036,UP80FM8517,bike,B3,2024-01-18 09:49:37,2024-01-18 13:49:37,240,completed,9,49,3,0,1,0,0,1,18,1
1037,UP80FM8517,bike,B4,2024-01-18 09:22:30,2024-01-18 14:33:30,311,completed,9,22,3,0,1,0,0,1,18,1
1038,UP80VA3615,car,C4,2024-01-18 09:09:49,2024-01-18 15:03:49,354,completed,9,9,3,0,1,0,0,1,18,0
1039,UP80SJ3547,car,C5,2024-01-18 10:16:31,2024-01-18 13:20:31,184,completed,10,16,3,0,0,0,0,1,18,0
1040,UP80FD2679,bike,B5,2024-01-18 10:53:04,2024-01-18 12:15:04,82,completed,10,53,3,0,0,0,0,1,18,1
1041,UP80QE5010,car,C6,2024-01-18 11:11:24,2024-01-18 13:43:24,152,completed,11,11,3,0,0,0,0,1,18,0
1042,UP80NZ1188,bike,B1,2024-01-18 12:06:48,2024-01-18 13:08:48,62,completed,12,6,3,0,0,1,0,1,18,1
1043,UP80LP5956,bike,B5,2024-01-18 12:49:31,2024-01-18 13:29:31,40,completed,12,49,3,0,0,1,0,1,18,1
1044,UP80SC9797,car,C3,2024-01-18 12:32:16,2024-01-18 13:54:16,82,completed,12,32,3,0,0,1,0,1,18,0
1045,UP80DM3705,bike,B1,2024-01-18 13:34:01,2024-01-18 14:49:01,75,completed,13,34,3,0,0,1,0,1,18,1
1046,UP80KB6155,car,C5,2024-01-18 13:07:24,2024-01-18 14:04:24,57,completed,13,7,3,0,0,1,0,1,18,0
1047,UP80QV8527,car,C7,2024-01-18 13:28:29,2024-01-18 13:50:29,22,completed,13,28,3,0,0,1,0,1,18,0
1048,UP80NT4613,car,C8,2024-01-18 13:19:56,2024-01-18 14:05:56,46,completed,13,19,3,0,0,1,0,1,18,0
1049,UP80KB6155,car,C9,2024-01-18 13:27:08,2024-01-18 14:17:08,50,completed,13,27,3,0,0,1,0,1,18,0
1050,UP80SC9797,car,C1,2024-01-18 14:43:31,2024-01-18 16:44:31,121,completed,14,43,3,0,0,0,0,1,18,0
1051,UP80CC6635,car,C3,2024-01-18 14:36:30,2024-01-18 15:56:30,80,completed,14,36,3,0,0,0,0,1,18,0
1052,UP80HF2419,bike,B2,2024-01-18 14:31:37,2024-01-18 15:44:37,73,completed,14,31,3,0,0,0,0,1,18,1
1053,UP80UK5065,bike,B3,2024-01-18 14:43:22,2024-01-18 15:55:22,72,completed,14,43,3,0,0,0,0,1,18,1
1054,UP80TH6067,bike,B1,2024-01-18 15:02:08,2024-01-18 16:22:08,80,completed,15,2,3,0,0,0,0,1,18,1
1055,UP80DK4598,car,C4,2024-01-18 15:51:47,2024-01-18 17:20:47,89,completed,15,51,3,0,0,0,0,1,18,0
1056,UP80RU2307,car,C5,2024-01-18 15:22:26,2024-01-18 17:50:26,148,completed,15,22,3,0,0,0,0,1,18,0
1057,UP80AT5315,car,C3,2024-01-18 16:15:15,2024-01-18 19:07:15,172,completed,16,15,3,0,0,0,0,1,18,0
1058,UP80CC6635,car,C1,2024-01-18 16:55:19,2024-01-18 19:26:19,151,completed,16,55,3,0,0,0,0,1,18,0
1059,UP80NC1771,car,C2,2024-01-18 17:01:34,2024-01-18 18:13:34,72,completed,17,1,3,0,0,0,1,1,18,0
1060,UP80FD2679,bike,B1,2024-01-18 17:32:57,2024-01-18 18:25:57,53,completed,17,32,3,0,0,0,1,1,18,1
1061,UP80QE5010,car,C4,2024-01-18 17:44:30,2024-01-18 18:52:30,68,completed,17,44,3,0,0,0,1,1,18,0
1062,UP80DE8579,car,C6,2024-01-18 17:36:06,2024-01-18 19:26:06,110,completed,17,36,3,0,0,0,1,1,18,0
1063,UP80VL2040,car,C7,2024-01-18 17:44:43,2024-01-18 18:22:43,38,completed,17,44,3,0,0,0,1,1,18,0
1064,UP80FA6168,bike,B2,2024-01-18 18:21:10,2024-01-18 19:35:10,74,completed,18,21,3,0,0,0,1,1,18,1
1065,UP80FN1434,bike,B1,2024-01-18 18:27:12,2024-01-18 19:58:12,91,completed,18,27,3,0,0,0,1,1,18,1
1066,UP80CL8433,car,C2,2024-01-18 18:18:16,2024-01-18 19:16:16,58,completed,18,18,3,0,0,0,1,1,18,0
1067,UP80PT9928,car,C5,2024-01-18 18:25:51,2024-01-18 19:47:51,82,completed,18,25,3,0,0,0,1,1,18,0
1068,UP80CL8433,car,C7,2024-01-18 18:37:21,2024-01-18 19:28:21,51,completed,18,37,3,0,0,0,1,1,18,0
1069,UP80BH6925,bike,B3,2024-01-18 18:51:33,2024-01-18 20:00:33,69,completed,18,51,3,0,0,0,1,1,18,1
1070,UP80SS2169,bike,B4,2024-01-18 18:52:19,2024-01-18 20:15:19,83,completed,18,52,3,0,0,0,1,1,18,1
1071,UP80NZ7201,car,C8,2024-01-18 18:27:42,2024-01-18 19:37:42,70,completed,18,27,3,0,0,0,1,1,18,0
1072,UP80UU6573,car,C9,2024-01-18 18:32:29,2024-01-18 20:13:29,101,completed,18,32,3,0,0,0,1,1,18,0
1073,UP80NZ1188,bike,B5,2024-01-18 18:11:56,2024-01-18 19:47:56,96,completed,18,11,3,0,0,0,1,1,18,1
1074,UP80HQ2625,bike,B6,2024-01-18 19:13:42,2024-01-18 20:03:42,50,completed,19,13,3,0,0,0,1,1,18,1
1075,UP80TB6733,bike,B7,2024-01-18 19:29:17,2024-01-18 21:01:17,92,completed,19,29,3,0,0,0,1,1,18,1
1076,UP80CF7818,bike,B1,2024-01-18 19:58:27,2024-01-18 20:27:27,29,completed,19,58,3,0,0,0,1,1,18,1
1077,UP80FA6168,bike,B2,2024-01-18 19:40:03,2024-01-18 20:36:03,56,completed,19,40,3,0,0,0,1,1,18,1
1078,UP80LX8305,car,C1,2024-01-18 20:47:43,2024-01-18 22:53:43,126,completed,20,47,3,0,0,0,0,1,18,0
1079,UP80FX6413,bike,B1,2024-01-18 20:26:20,2024-01-18 21:08:20,42,completed,20,26,3,0,0,0,0,1,18,1
1080,UP80CC6635,car,C2,2024-01-18 21:17:52,2024-01-18 22:19:52,62,completed,21,17,3,0,0,0,0,1,18,0
1081,UP80FM8517,bike,B1,2024-01-18 22:16:43,2024-01-18 23:32:43,76,completed,22,16,3,0,0,0,0,1,18,1
1082,UP80KB6155,car,C1,2024-01-19 06:21:53,2024-01-19 08:43:53,142,completed,6,21,4,0,0,0,0,1,19,0
1083,UP80LV9702,bike,B1,2024-01-19 07:51:47,2024-01-19 11:56:47,245,completed,7,51,4,0,1,0,0,1,19,1
1084,UP80WW7227,car,C2,2024-01-19 08:13:17,2024-01-19 14:40:17,387,completed,8,13,4,0,1,0,0,1,19,0
1085,UP80SC9797,car,C1,2024-01-19 08:55:37,2024-01-19 13:11:37,256,completed,8,55,4,0,1,0,0,1,19,0
1086,UP80RU2307,car,C3,2024-01-19 08:20:34,2024-01-19 16:03:34,463,completed,8,20,4,0,1,0,0,1,19,0
1087,UP80BQ9238,car,C4,2024-01-19 08:17:56,2024-01-19 13:14:56,297,completed,8,17,4,0,1,0,0,1,19,0
1088,UP80ZU9317,car,C5,2024-01-19 08:52:19,2024-01-19 16:04:19,432,completed,8,52,4,0,1,0,0,1,19,0
1089,UP80FB1344,car,C6,2024-01-19 08:02:53,2024-01-19 13:23:53,321,completed,8,2,4,0,1,0,0,1,19,0
1090,UP80SS2169,bike,B2,2024-01-19 08:15:16,2024-01-19 10:36:16,141,completed,8,15,4,0,1,0,0,1,19,1
1091,UP80VA3615,car,C7,2024-01-19 09:40:44,2024-01-19 14:56:44,316,completed,9,40,4,0,1,0,0,1,19,0
1092,UP80FM8517,bike,B3,2024-01-19 09:28:24,2024-01-19 13:18:24,230,completed,9,28,4,0,1,0,0,1,19,1
1093,UP80PT9928,car,C8,2024-01-19 09:59:58,2024-01-19 17:31:58,452,completed,9,59,4,0,1,0,0,1,19,0
1094,UP80KY5033,car,C9,2024-01-19 09:19:13,2024-01-19 14:39:13,320,completed,9,19,4,0,1,0,0,1,19,0
1095,UP80DD9830,car,C10,2024-01-19 10:58:28,2024-01-19 13:05:28,127,completed,10,58,4,0,0,0,0,1,19,0
1096,UP80NT4613,car,C11,2024-01-19 12:05:52,2024-01-19 12:49:52,44,completed,12,5,4,0,0,1,0,1,19,0
1097,UP80DK4598,car,C12,2024-01-19 12:30:47,2024-01-19 13:21:47,51,completed,12,30,4,0,0,1,0,1,19,0
1098,UP80BB5786,car,C1,2024-01-19 13:52:06,2024-01-19 14:11:06,19,completed,13,52,4,0,0,1,0,1,19,0
1099,UP80DD9830,car,C4,2024-01-19 13:16:32,2024-01-19 13:46:32,30,completed,13,16,4,0,0,1,0,1,19,0
1100,UP80FD2679,bike,B1,2024-01-19 14:47:20,2024-01-19 15:34:20,47,completed,14,47,4,0,0,0,0,1,19,1
1101,UP80QV8527,car,C1,2024-01-19 15:48:03,2024-01-19 16:59:03,71,completed,15,48,4,0,0,0,0,1,19,0
1102,UP80SS2169,bike,B1,2024-01-19 16:08:00,2024-01-19 16:50:00,42,completed,16,8,4,0,0,0,0,1,19,1
1103,UP80CC6635,car,C1,2024-01-19 17:20:36,2024-01-19 18:50:36,90,completed,17,20,4,0,0,0,1,1,19,0
1104,UP80SJ3547,car,C2,2024-01-19 17:49:53,2024-01-19 20:06:53,137,completed,17,49,4,0,0,0,1,1,19,0
1105,UP80QE5010,car,C3,2024-01-19 17:54:38,2024-01-19 18:25:38,31,completed,17,54,4,0,0,0,1,1,19,0
1106,UP80AT5315,car,C4,2024-01-19 17:08:16,2024-01-19 18:56:16,108,completed,17,8,4,0,0,0,1,1,19,0
1107,UP80XJ3584,car,C1,2024-01-19 18:52:20,2024-01-19 20:46:20,114,completed,18,52,4,0,0,0,1,1,19,0
1108,UP80CL8433,car,C3,2024-01-19 18:25:56,2024-01-19 20:09:56,104,completed,18,25,4,0,0,0,1,1,19,0
1109,UP80EQ2876,car,C5,2024-01-19 18:14:01,2024-01-19 19:18:01,64,completed,18,14,4,0,0,0,1,1,19,0
1110,UP80XJ3584,car,C4,2024-01-19 18:58:05,2024-01-19 19:54:05,56,completed,18,58,4,0,0,0,1,1,19,0
1111,UP80LN2982,bike,B1,2024-01-19 19:16:44,2024-01-19 20:09:44,53,completed,19,16,4,0,0,0,1,1,19,1
1112,UP80FA6168,bike,B2,2024-01-19 19:16:09,2024-01-19 20:46:09,90,completed,19,16,4,0,0,0,1,1,19,1
1113,UP80NZ1188,bike,B3,2024-01-19 19:10:36,2024-01-19 19:33:36,23,completed,19,10,4,0,0,0,1,1,19,1
1114,UP80VA3615,car,C5,2024-01-19 19:29:52,2024-01-19 21:25:52,116,completed,19,29,4,0,0,0,1,1,19,0
1115,UP80GR6977,car,C6,2024-01-19 19:14:45,2024-01-19 20:35:45,81,completed,19,14,4,0,0,0,1,1,19,0
1116,UP80LJ8532,car,C7,2024-01-19 19:08:27,2024-01-19 21:12:27,124,completed,19,8,4,0,0,0,1,1,19,0
1117,UP80NZ7201,car,C8,2024-01-19 19:13:52,2024-01-19 20:16:52,63,completed,19,13,4,0,0,0,1,1,19,0
1118,UP80WW7227,car,C2,2024-01-19 20:09:01,2024-01-19 22:29:01,140,completed,20,9,4,0,0,0,0,1,19,0
1119,UP80RU2307,car,C3,2024-01-19 20:15:39,2024-01-19 21:33:39,78,completed,20,15,4,0,0,0,0,1,19,0
1120,UP80SJ3547,car,C4,2024-01-19 20:29:05,2024-01-19 23:13:05,164,completed,20,29,4,0,0,0,0,1,19,0
1121,UP80QU8461,bike,B1,2024-01-19 21:55:20,2024-01-19 22:54:20,59,completed,21,55,4,0,0,0,0,1,19,1
1122,UP80LB6974,bike,B2,2024-01-19 21:45:27,2024-01-19 22:23:27,38,completed,21,45,4,0,0,0,0,1,19,1
1123,UP80XA6442,car,C1,2024-01-20 08:08:31,2024-01-20 12:59:31,291,completed,8,8,5,1,1,0,0,1,20,0
1124,UP80WW7227,car,C2,2024-01-20 08:56:16,2024-01-20 12:18:16,202,completed,8,56,5,1,1,0,0,1,20,0
1125,UP80VL2040,car,C3,2024-01-20 08:27:57,2024-01-20 14:44:57,377,completed,8,27,5,1,1,0,0,1,20,0
1126,UP80FB1344,car,C4,2024-01-20 09:42:40,2024-01-20 13:54:40,252,completed,9,42,5,1,1,0,0,1,20,0
1127,UP80WD3621,bike,B1,2024-01-20 10:03:14,2024-01-20 11:06:14,63,completed,10,3,5,1,0,0,0,1,20,1
1128,UP80JZ3266,car,C5,2024-01-20 10:57:59,2024-01-20 13:30:59,153,completed,10,57,5,1,0,0,0,1,20,0
1129,UP80VL2040,car,C6,2024-01-20 10:45:35,2024-01-20 12:52:35,127,completed,10,45,5,1,0,0,0,1,20,0
1130,UP80DJ5374,bike,B1,2024-01-20 12:22:05,2024-01-20 13:08:05,46,completed,12,22,5,1,0,1,0,1,20,1
1131,UP80GR6977,car,C2,2024-01-20 12:10:47,2024-01-20 12:35:47,25,completed,12,10,5,1,0,1,0,1,20,0
1132,UP80LY2188,car,C7,2024-01-20 12:00:33,2024-01-20 12:42:33,42,completed,12,0,5,1,0,1,0,1,20,0
1133,UP80ET5530,car,C8,2024-01-20 12:04:15,2024-01-20 13:04:15,60,completed,12,4,5,1,0,1,0,1,20,0
1134,UP80AT5315,car,C1,2024-01-20 13:43:07,2024-01-20 14:57:07,74,completed,13,43,5,1,0,1,0,1,20,0
1135,UP80FD2679,bike,B1,2024-01-20 13:06:53,2024-01-20 14:13:53,67,completed,13,6,5,1,0,1,0,1,20,1
1136,UP80WV2729,bike,B2,2024-01-20 13:29:40,2024-01-20 14:25:40,56,completed,13,29,5,1,0,1,0,1,20,1
1137,UP80JZ3266,car,C2,2024-01-20 14:21:02,2024-01-20 15:51:02,90,completed,14,21,5,1,0,0,0,1,20,0
1138,UP80QA2535,bike,B1,2024-01-20 15:51:36,2024-01-20 17:44:36,113,completed,15,51,5,1,0,0,0,1,20,1
1139,UP80HQ2625,bike,B2,2024-01-20 16:18:20,2024-01-20 18:09:20,111,completed,16,18,5,1,0,0,0,1,20,1
1140,UP80FM8517,bike,B3,2024-01-20 16:25:16,2024-01-20 17:39:16,74,completed,16,25,5,1,0,0,0,1,20,1
1141,UP80FM8517,bike,B4,2024-01-20 16:54:13,2024-01-20 17:57:13,63,completed,16,54,5,1,0,0,0,1,20,1
1142,UP80GQ7543,car,C1,2024-01-20 17:07:19,2024-01-20 19:25:19,138,completed,17,7,5,1,0,0,1,1,20,0
1143,UP80SL9548,car,C2,2024-01-20 17:58:19,2024-01-20 20:02:19,124,completed,17,58,5,1,0,0,1,1,20,0
1144,UP80KB6155,car,C3,2024-01-20 18:32:12,2024-01-20 20:21:12,109,completed,18,32,5,1,0,0,1,1,20,0
1145,UP80GQ7543,car,C1,2024-01-20 20:36:38,2024-01-20 22:38:38,122,completed,20,36,5,1,0,0,0,1,20,0
1146,UP80DK4598,car,C2,2024-01-20 20:27:05,2024-01-20 21:41:05,74,completed,20,27,5,1,0,0,0,1,20,0
1147,UP80FU2674,car,C2,2024-01-20 21:43:14,2024-01-21 00:20:14,157,completed,21,43,5,1,0,0,0,1,20,0
1148,UP80PT9928,car,C3,2024-01-20 21:05:18,2024-01-20 22:50:18,105,completed,21,5,5,1,0,0,0,1,20,0
1149,UP80SJ3547,car,C4,2024-01-20 22:30:19,2024-01-20 23:55:19,85,completed,22,30,5,1,0,0,0,1,20,0
1150,UP80UU6573,car,C5,2024-01-20 22:27:18,2024-01-20 23:32:18,65,completed,22,27,5,1,0,0,0,1,20,0
1151,UP80GQ7543,car,C1,2024-01-20 23:02:32,2024-01-21 00:22:32,80,completed,23,2,5,1,0,0,0,1,20,0
1152,UP80NZ7201,car,C1,2024-01-21 06:05:08,2024-01-21 07:51:08,106,completed,6,5,6,1,0,0,0,1,21,0
1153,UP80CM2133,car,C2,2024-01-21 06:01:44,2024-01-21 08:10:44,129,completed,6,1,6,1,0,0,0,1,21,0
1154,UP80SC9797,car,C3,2024-01-21 07:27:53,2024-01-21 13:11:53,344,completed,7,27,6,1,1,0,0,1,21,0
1155,UP80WD3621,bike,B1,2024-01-21 08:19:49,2024-01-21 12:05:49,226,completed,8,19,6,1,1,0,0,1,21,1
1156,UP80VL2040,car,C1,2024-01-21 09:47:44,2024-01-21 15:19:44,332,completed,9,47,6,1,1,0,0,1,21,0
1157,UP80NZ7201,car,C2,2024-01-21 11:55:28,2024-01-21 13:19:28,84,completed,11,55,6,1,0,0,0,1,21,0
1158,UP80GQ7543,car,C4,2024-01-21 12:21:00,2024-01-21 14:05:00,104,completed,12,21,6,1,0,1,0,1,21,0
1159,UP80WV2729,bike,B1,2024-01-21 12:54:31,2024-01-21 13:21:31,27,completed,12,54,6,1,0,1,0,1,21,1
1160,UP80XW5889,car,C2,2024-01-21 13:25:31,2024-01-21 13:30:31,5,completed,13,25,6,1,0,1,0,1,21,0
1161,UP80CL5533,bike,B1,2024-01-21 13:57:52,2024-01-21 14:32:52,35,completed,13,57,6,1,0,1,0,1,21,1
1162,UP80DD9830,car,C2,2024-01-21 13:20:35,2024-01-21 13:58:35,38,completed,13,20,6,1,0,1,0,1,21,0
1163,UP80SW1916,bike,B2,2024-01-21 14:07:31,2024-01-21 14:44:31,37,completed,14,7,6,1,0,0,0,1,21,1
1164,UP80JZ3266,car,C2,2024-01-21 14:46:12,2024-01-21 16:31:12,105,completed,14,46,6,1,0,0,0,1,21,0
1165,UP80NV4228,car,C3,2024-01-21 14:14:37,2024-01-21 17:20:37,186,completed,14,14,6,1,0,0,0,1,21,0
1166,UP80DV5978,car,C4,2024-01-21 14:29:08,2024-01-21 15:50:08,81,completed,14,29,6,1,0,0,0,1,21,0
1167,UP80CF4986,bike,B1,2024-01-21 15:26:53,2024-01-21 16:38:53,72,completed,15,26,6,1,0,0,0,1,21,1
1168,UP80DJ5374,bike,B2,2024-01-21 15:54:10,2024-01-21 16:23:10,29,completed,15,54,6,1,0,0,0,1,21,1
1169,UP80QV8527,car,C1,2024-01-21 15:05:42,2024-01-21 16:46:42,101,completed,15,5,6,1,0,0,0,1,21,0
1170,UP80BH6925,bike,B1,2024-01-21 17:26:31,2024-01-21 19:05:31,99,completed,17,26,6,1,0,0,1,1,21,1
1171,UP80PE7211,car,C1,2024-01-21 17:01:22,2024-01-21 18:26:22,85,completed,17,1,6,1,0,0,1,1,21,0
1172,UP80NV4228,car,C2,2024-01-21 17:32:02,2024-01-21 18:35:02,63,completed,17,32,6,1,0,0,1,1,21,0
1173,UP80PS1750,bike,B2,2024-01-21 17:39:14,2024-01-21 17:44:14,5,completed,17,39,6,1,0,0,1,1,21,1
1174,UP80EQ2876,car,C3,2024-01-21 17:49:02,2024-01-21 19:08:02,79,completed,17,49,6,1,0,0,1,1,21,0
1175,UP80KQ8668,bike,B2,2024-01-21 17:09:54,2024-01-21 17:56:54,47,completed,17,9,6,1,0,0,1,1,21,1
1176,UP80VA3615,car,C1,2024-01-21 18:28:51,2024-01-21 19:56:51,88,completed,18,28,6,1,0,0,1,1,21,0
1177,UP80LL5557,car,C2,2024-01-21 18:50:39,2024-01-21 19:59:39,69,completed,18,50,6,1,0,0,1,1,21,0
1178,UP80SX5930,bike,B2,2024-01-21 18:40:07,2024-01-21 19:32:07,52,completed,18,40,6,1,0,0,1,1,21,1
1179,UP80KQ8668,bike,B3,2024-01-21 18:18:45,2024-01-21 18:36:45,18,completed,18,18,6,1,0,0,1,1,21,1
1180,UP80WX3697,car,C4,2024-01-21 18:23:21,2024-01-21 19:57:21,94,completed,18,23,6,1,0,0,1,1,21,0
1181,UP80DU9837,bike,B4,2024-01-21 18:28:26,2024-01-21 19:31:26,63,completed,18,28,6,1,0,0,1,1,21,1
1182,UP80FA6168,bike,B5,2024-01-21 18:32:10,2024-01-21 20:30:10,118,completed,18,32,6,1,0,0,1,1,21,1
1183,UP80RU2307,car,C5,2024-01-21 18:26:23,2024-01-21 20:09:23,103,completed,18,26,6,1,0,0,1,1,21,0
1184,UP80XW2746,bike,B1,2024-01-21 19:14:08,2024-01-21 21:10:08,116,completed,19,14,6,1,0,0,1,1,21,1
1185,UP80EG6363,bike,B2,2024-01-21 19:57:29,2024-01-21 20:55:29,58,completed,19,57,6,1,0,0,1,1,21,1
1186,UP80NZ1188,bike,B3,2024-01-21 19:09:49,2024-01-21 20:05:49,56,completed,19,9,6,1,0,0,1,1,21,1
1187,UP80CC6635,car,C1,2024-01-21 19:05:21,2024-01-21 19:49:21,44,completed,19,5,6,1,0,0,1,1,21,0
1188,UP80CL8433,car,C1,2024-01-21 19:59:41,2024-01-21 21:12:41,73,completed,19,59,6,1,0,0,1,1,21,0
1189,UP80FH7211,car,C2,2024-01-21 19:40:45,2024-01-21 21:47:45,127,completed,19,40,6,1,0,0,1,1,21,0
1190,UP80BR1878,car,C3,2024-01-21 20:44:35,2024-01-21 22:36:35,112,completed,20,44,6,1,0,0,0,1,21,0
1191,UP80GR6977,car,C1,2024-01-21 21:58:22,2024-01-22 00:02:22,124,completed,21,58,6,1,0,0,0,1,21,0
1192,UP80SC9797,car,C2,2024-01-21 22:25:28,2024-01-21 23:48:28,83,completed,22,25,6,1,0,0,0,1,21,0
1193,UP80YU5673,bike,B1,2024-01-22 06:08:31,2024-01-22 07:52:31,104,completed,6,8,0,0,0,0,0,1,22,1
1194,UP80NC1771,car,C1,2024-01-22 07:33:07,2024-01-22 13:18:07,345,completed,7,33,0,0,1,0,0,1,22,0
1195,UP80UD6096,car,C2,2024-01-22 07:30:02,2024-01-22 11:49:02,259,completed,7,30,0,0,1,0,0,1,22,0
1196,UP80VA3615,car,C3,2024-01-22 07:38:54,2024-01-22 15:26:54,468,completed,7,38,0,0,1,0,0,1,22,0
1197,UP80NZ1188,bike,B2,2024-01-22 07:23:36,2024-01-22 11:56:36,273,completed,7,23,0,0,1,0,0,1,22,1
1198,UP80FD2679,bike,B1,2024-01-22 08:23:19,2024-01-22 13:10:19,287,completed,8,23,0,0,1,0,0,1,22,1
1199,UP80AT5315,car,C4,2024-01-22 08:50:09,2024-01-22 12:45:09,235,completed,8,50,0,0,1,0,0,1,22,0
1200,UP80QV8527,car,C5,2024-01-22 08:19:56,2024-01-22 15:25:56,426,completed,8,19,0,0,1,0,0,1,22,0
1201,UP80VA3615,car,C6,2024-01-22 08:52:47,2024-01-22 14:30:47,338,completed,8,52,0,0,1,0,0,1,22,0
1202,UP80SS2169,bike,B3,2024-01-22 08:02:26,2024-01-22 11:55:26,233,completed,8,2,0,0,1,0,0,1,22,1
1203,UP80NV3780,car,C7,2024-01-22 08:36:28,2024-01-22 13:01:28,265,completed,8,36,0,0,1,0,0,1,22,0
1204,UP80ZN7455,car,C8,2024-01-22 08:38:08,2024-01-22 14:52:08,374,completed,8,38,0,0,1,0,0,1,22,0
1205,UP80JL6023,car,C9,2024-01-22 08:40:29,2024-01-22 12:45:29,245,completed,8,40,0,0,1,0,0,1,22,0
1206,UP80JL6023,car,C10,2024-01-22 09:20:05,2024-01-22 15:57:05,397,completed,9,20,0,0,1,0,0,1,22,0
1207,UP80FM8517,bike,B4,2024-01-22 09:39:26,2024-01-22 13:29:26,230,completed,9,39,0,0,1,0,0,1,22,1
1208,UP80GR6977,car,C11,2024-01-22 09:42:56,2024-01-22 15:57:56,375,completed,9,42,0,0,1,0,0,1,22,0
1209,UP80ML4020,car,C12,2024-01-22 10:41:05,2024-01-22 13:36:05,175,completed,10,41,0,0,0,0,0,1,22,0
1210,UP80VA3615,car,C13,2024-01-22 10:49:45,2024-01-22 12:57:45,128,completed,10,49,0,0,0,0,0,1,22,0
1211,UP80XW5889,car,C14,2024-01-22 10:41:35,2024-01-22 11:35:35,54,completed,10,41,0,0,0,0,0,1,22,0
1212,UP80WD3621,bike,B5,2024-01-22 10:36:33,2024-01-22 11:40:33,64,completed,10,36,0,0,0,0,0,1,22,1
1213,UP80SC9797,car,C15,2024-01-22 11:32:57,2024-01-22 13:35:57,123,completed,11,32,0,0,0,0,0,1,22,0
1214,UP80AT5315,car,C2,2024-01-22 11:50:13,2024-01-22 13:57:13,127,completed,11,50,0,0,0,0,0,1,22,0
1215,UP80ZG9817,car,C14,2024-01-22 11:28:05,2024-01-22 13:05:05,97,completed,11,28,0,0,0,0,0,1,22,0
1216,UP80JB6409,bike,B2,2024-01-22 12:31:55,2024-01-22 13:34:55,63,completed,12,31,0,0,0,1,0,1,22,1
1217,UP80NZ1188,bike,B3,2024-01-22 12:27:11,2024-01-22 13:07:11,40,completed,12,27,0,0,0,1,0,1,22,1
1218,UP80DJ5374,bike,B5,2024-01-22 12:07:06,2024-01-22 13:02:06,55,completed,12,7,0,0,0,1,0,1,22,1
1219,UP80PT9928,car,C16,2024-01-22 12:09:11,2024-01-22 13:36:11,87,completed,12,9,0,0,0,1,0,1,22,0
1220,UP80JV4728,bike,B6,2024-01-22 12:11:01,2024-01-22 13:26:01,75,completed,12,11,0,0,0,1,0,1,22,1
1221,UP80VA3615,car,C1,2024-01-22 13:57:20,2024-01-22 15:11:20,74,completed,13,57,0,0,0,1,0,1,22,0
1222,UP80KQ8668,bike,B1,2024-01-22 13:38:37,2024-01-22 14:26:37,48,completed,13,38,0,0,0,1,0,1,22,1
1223,UP80VA3615,car,C2,2024-01-22 13:48:32,2024-01-22 14:45:32,57,completed,13,48,0,0,0,1,0,1,22,0
1224,UP80FD2679,bike,B2,2024-01-22 13:35:26,2024-01-22 14:33:26,58,completed,13,35,0,0,0,1,0,1,22,1
1225,UP80FD2679,bike,B1,2024-01-22 14:26:40,2024-01-22 15:33:40,67,completed,14,26,0,0,0,0,0,1,22,1
1226,UP80UU6573,car,C4,2024-01-22 14:43:06,2024-01-22 18:25:06,222,completed,14,43,0,0,0,0,0,1,22,0
1227,UP80CL8433,car,C6,2024-01-22 14:41:50,2024-01-22 16:27:50,106,completed,14,41,0,0,0,0,0,1,22,0
1228,UP80FU2674,car,C1,2024-01-22 15:40:32,2024-01-22 17:49:32,129,completed,15,40,0,0,0,0,0,1,22,0
1229,UP80PL1158,car,C2,2024-01-22 15:23:34,2024-01-22 16:42:34,79,completed,15,23,0,0,0,0,0,1,22,0
1230,UP80RA5506,car,C3,2024-01-22 15:58:35,2024-01-22 17:48:35,110,completed,15,58,0,0,0,0,0,1,22,0
1231,UP80GL8613,car,C5,2024-01-22 15:52:29,2024-01-22 17:25:29,93,completed,15,52,0,0,0,0,0,1,22,0
1232,UP80MY5892,car,C7,2024-01-22 15:00:03,2024-01-22 18:43:03,223,completed,15,0,0,0,0,0,0,1,22,0
1233,UP80KB6155,car,C8,2024-01-22 16:17:38,2024-01-22 19:33:38,196,completed,16,17,0,0,0,0,0,1,22,0
1234,UP80UK5065,bike,B1,2024-01-22 16:13:37,2024-01-22 17:27:37,74,completed,16,13,0,0,0,0,0,1,22,1
1235,UP80CA6111,bike,B2,2024-01-22 16:02:10,2024-01-22 17:26:10,84,completed,16,2,0,0,0,0,0,1,22,1
1236,UP80DV5978,car,C2,2024-01-22 16:44:07,2024-01-22 18:51:07,127,completed,16,44,0,0,0,0,0,1,22,0
1237,UP80AV5905,car,C6,2024-01-22 16:35:17,2024-01-22 17:17:17,42,completed,16,35,0,0,0,0,0,1,22,0
1238,UP80DK4598,car,C9,2024-01-22 16:20:56,2024-01-22 17:15:56,55,completed,16,20,0,0,0,0,0,1,22,0
1239,UP80ML4020,car,C5,2024-01-22 17:40:16,2024-01-22 18:48:16,68,completed,17,40,0,0,0,0,1,1,22,0
1240,UP80ZU9317,car,C6,2024-01-22 17:20:21,2024-01-22 18:56:21,96,completed,17,20,0,0,0,0,1,1,22,0
1241,UP80LY8973,car,C9,2024-01-22 17:21:01,2024-01-22 18:49:01,88,completed,17,21,0,0,0,0,1,1,22,0
1242,UP80HT4033,car,C10,2024-01-22 17:30:00,2024-01-22 18:58:00,88,completed,17,30,0,0,0,0,1,1,22,0
1243,UP80VL2040,car,C11,2024-01-22 17:11:26,2024-01-22 18:43:26,92,completed,17,11,0,0,0,0,1,1,22,0
1244,UP80FN1434,bike,B1,2024-01-22 17:50:56,2024-01-22 18:34:56,44,completed,17,50,0,0,0,0,1,1,22,1
1245,UP80GC4155,bike,B2,2024-01-22 18:34:01,2024-01-22 19:36:01,62,completed,18,34,0,0,0,0,1,1,22,1
1246,UP80PE7211,car,C1,2024-01-22 18:52:24,2024-01-22 20:27:24,95,completed,18,52,0,0,0,0,1,1,22,0
1247,UP80BB5786,car,C2,2024-01-22 18:24:11,2024-01-22 20:09:11,105,completed,18,24,0,0,0,0,1,1,22,0
1248,UP80RA5506,car,C3,2024-01-22 18:23:59,2024-01-22 19:51:59,88,completed,18,23,0,0,0,0,1,1,22,0
1249,UP80GR6977,car,C4,2024-01-22 18:14:47,2024-01-22 19:24:47,70,completed,18,14,0,0,0,0,1,1,22,0
1250,UP80AW3979,car,C5,2024-01-22 18:12:05,2024-01-22 18:59:05,47,completed,18,12,0,0,0,0,1,1,22,0
1251,UP80CL5533,bike,B1,2024-01-22 18:19:51,2024-01-22 20:38:51,139,completed,18,19,0,0,0,0,1,1,22,1
1252,UP80ZU9317,car,C7,2024-01-22 18:02:17,2024-01-22 19:22:17,80,completed,18,2,0,0,0,0,1,1,22,0
1253,UP80FM8517,bike,B3,2024-01-22 18:13:00,2024-01-22 19:43:00,90,completed,18,13,0,0,0,0,1,1,22,1
1254,UP80NZ7201,car,C9,2024-01-22 18:32:31,2024-01-22 20:17:31,105,completed,18,32,0,0,0,0,1,1,22,0
1255,UP80ZU9317,car,C11,2024-01-22 18:42:47,2024-01-22 20:01:47,79,completed,18,42,0,0,0,0,1,1,22,0
1256,UP80WW7227,car,C12,2024-01-22 18:08:47,2024-01-22 19:33:47,85,completed,18,8,0,0,0,0,1,1,22,0
1257,UP80FH7211,car,C5,2024-01-22 18:59:36,2024-01-22 20:25:36,86,completed,18,59,0,0,0,0,1,1,22,0
1258,UP80SC9797,car,C3,2024-01-22 19:54:43,2024-01-22 21:00:43,66,completed,19,54,0,0,0,0,1,1,22,0
1259,UP80NC1771,car,C4,2024-01-22 19:39:16,2024-01-22 21:40:16,121,completed,19,39,0,0,0,0,1,1,22,0
1260,UP80QE5010,car,C6,2024-01-22 19:43:41,2024-01-22 21:13:41,90,completed,19,43,0,0,0,0,1,1,22,0
1261,UP80WZ3900,car,C7,2024-01-22 19:27:54,2024-01-22 21:23:54,116,completed,19,27,0,0,0,0,1,1,22,0
1262,UP80SX2424,car,C8,2024-01-22 19:31:23,2024-01-22 21:26:23,115,completed,19,31,0,0,0,0,1,1,22,0
1263,UP80GR6977,car,C10,2024-01-22 19:56:46,2024-01-22 21:58:46,122,completed,19,56,0,0,0,0,1,1,22,0
1264,UP80DK4598,car,C2,2024-01-22 20:20:00,2024-01-22 21:55:00,95,completed,20,20,0,0,0,0,0,1,22,0
1265,UP80FD2679,bike,B1,2024-01-22 21:05:56,2024-01-22 22:37:56,92,completed,21,5,0,0,0,0,0,1,22,1
1266,UP80CY3442,car,C1,2024-01-22 22:44:27,2024-01-23 00:42:27,118,completed,22,44,0,0,0,0,0,1,22,0
1267,UP80FN1434,bike,B1,2024-01-22 22:12:10,2024-01-22 23:19:10,67,completed,22,12,0,0,0,0,0,1,22,1
1268,UP80BR1207,bike,B2,2024-01-22 22:30:27,2024-01-22 23:36:27,66,completed,22,30,0,0,0,0,0,1,22,1
1269,UP80PW3426,car,C2,2024-01-22 22:51:40,2024-01-23 00:51:40,120,completed,22,51,0,0,0,0,0,1,22,0
1270,UP80WD3621,bike,B1,2024-01-23 05:34:49,2024-01-23 07:17:49,103,completed,5,34,1,0,0,0,0,1,23,1
1271,UP80FA6168,bike,B2,2024-01-23 06:19:38,2024-01-23 08:03:38,104,completed,6,19,1,0,0,0,0,1,23,1
1272,UP80RU2307,car,C1,2024-01-23 07:42:43,2024-01-23 13:28:43,346,completed,7,42,1,0,1,0,0,1,23,0
1273,UP80FB1344,car,C2,2024-01-23 07:32:52,2024-01-23 12:57:52,325,completed,7,32,1,0,1,0,0,1,23,0
1274,UP80BF8953,car,C3,2024-01-23 07:12:40,2024-01-23 13:30:40,378,completed,7,12,1,0,1,0,0,1,23,0
1275,UP80NC1771,car,C4,2024-01-23 07:21:12,2024-01-23 12:37:12,316,completed,7,21,1,0,1,0,0,1,23,0
1276,UP80HF2419,bike,B1,2024-01-23 07:37:36,2024-01-23 11:05:36,208,completed,7,37,1,0,1,0,0,1,23,1
1277,UP80LL5557,car,C5,2024-01-23 07:19:26,2024-01-23 11:37:26,258,completed,7,19,1,0,1,0,0,1,23,0
1278,UP80RA5506,car,C6,2024-01-23 08:02:31,2024-01-23 14:31:31,389,completed,8,2,1,0,1,0,0,1,23,0
1279,UP80NC1771,car,C7,2024-01-23 08:40:14,2024-01-23 14:08:14,328,completed,8,40,1,0,1,0,0,1,23,0
1280,UP80CX4114,bike,B2,2024-01-23 08:47:49,2024-01-23 12:15:49,208,completed,8,47,1,0,1,0,0,1,23,1
1281,UP80FM8517,bike,B3,2024-01-23 08:51:47,2024-01-23 14:04:47,313,completed,8,51,1,0,1,0,0,1,23,1
1282,UP80FD2679,bike,B4,2024-01-23 08:23:00,2024-01-23 15:09:00,406,completed,8,23,1,0,1,0,0,1,23,1
1283,UP80JZ3266,car,C8,2024-01-23 08:35:07,2024-01-23 15:02:07,387,completed,8,35,1,0,1,0,0,1,23,0
1284,UP80FD2679,bike,B5,2024-01-23 08:48:23,2024-01-23 14:02:23,314,completed,8,48,1,0,1,0,0,1,23,1
1285,UP80PS1750,bike,B6,2024-01-23 08:12:12,2024-01-23 13:23:12,311,completed,8,12,1,0,1,0,0,1,23,1
1286,UP80QV8527,car,C9,2024-01-23 09:21:54,2024-01-23 14:17:54,296,completed,9,21,1,0,1,0,0,1,23,0
1287,UP80WW7227,car,C10,2024-01-23 09:12:01,2024-01-23 15:22:01,370,completed,9,12,1,0,1,0,0,1,23,0
1288,UP80VA3615,car,C4,2024-01-23 12:43:08,2024-01-23 13:40:08,57,completed,12,43,1,0,0,1,0,1,23,0
1289,UP80NC1771,car,C5,2024-01-23 12:21:59,2024-01-23 13:23:59,62,completed,12,21,1,0,0,1,0,1,23,0
1290,UP80PS6511,bike,B1,2024-01-23 12:42:10,2024-01-23 13:54:10,72,completed,12,42,1,0,0,1,0,1,23,1
1291,UP80FX6413,bike,B2,2024-01-23 12:56:27,2024-01-23 14:03:27,67,completed,12,56,1,0,0,1,0,1,23,1
1292,UP80SC9797,car,C2,2024-01-23 13:08:50,2024-01-23 14:36:50,88,completed,13,8,1,0,0,1,0,1,23,0
1293,UP80ZU9317,car,C5,2024-01-23 13:24:44,2024-01-23 13:58:44,34,completed,13,24,1,0,0,1,0,1,23,0
1294,UP80JL7071,car,C1,2024-01-23 13:58:02,2024-01-23 15:10:02,72,completed,13,58,1,0,0,1,0,1,23,0
1295,UP80FU2674,car,C3,2024-01-23 13:12:54,2024-01-23 14:08:54,56,completed,13,12,1,0,0,1,0,1,23,0
1296,UP80QR2375,bike,B1,2024-01-23 13:50:17,2024-01-23 14:39:17,49,completed,13,50,1,0,0,1,0,1,23,1
1297,UP80PT9928,car,C4,2024-01-23 13:37:56,2024-01-23 14:44:56,67,completed,13,37,1,0,0,1,0,1,23,0
1298,UP80KB6155,car,C11,2024-01-23 13:39:04,2024-01-23 14:04:04,25,completed,13,39,1,0,0,1,0,1,23,0
1299,UP80KQ8668,bike,B1,2024-01-23 14:48:56,2024-01-23 15:41:56,53,completed,14,48,1,0,0,0,0,1,23,1
1300,UP80GY7906,bike,B2,2024-01-23 14:11:20,2024-01-23 15:47:20,96,completed,14,11,1,0,0,0,0,1,23,1
1301,UP80MG8956,car,C2,2024-01-23 14:44:30,2024-01-23 15:51:30,67,completed,14,44,1,0,0,0,0,1,23,0
1302,UP80RM1282,bike,B3,2024-01-23 15:40:58,2024-01-23 17:00:58,80,completed,15,40,1,0,0,0,0,1,23,1
1303,UP80NZ7201,car,C1,2024-01-23 15:02:13,2024-01-23 16:34:13,92,completed,15,2,1,0,0,0,0,1,23,0
1304,UP80KB6155,car,C2,2024-01-23 16:13:19,2024-01-23 18:21:19,128,completed,16,13,1,0,0,0,0,1,23,0
1305,UP80ML4501,bike,B1,2024-01-23 16:36:10,2024-01-23 17:50:10,74,completed,16,36,1,0,0,0,0,1,23,1
1306,UP80NZ1188,bike,B2,2024-01-23 16:48:05,2024-01-23 18:13:05,85,completed,16,48,1,0,0,0,0,1,23,1
1307,UP80NC1771,car,C1,2024-01-23 16:22:14,2024-01-23 17:45:14,83,completed,16,22,1,0,0,0,0,1,23,0
1308,UP80FA6168,bike,B3,2024-01-23 17:28:29,2024-01-23 18:41:29,73,completed,17,28,1,0,0,0,1,1,23,1
1309,UP80KB6155,car,C1,2024-01-23 17:51:31,2024-01-23 19:53:31,122,completed,17,51,1,0,0,0,1,1,23,0
1310,UP80PT9928,car,C3,2024-01-23 17:16:41,2024-01-23 18:51:41,95,completed,17,16,1,0,0,0,1,1,23,0
1311,UP80SC9797,car,C4,2024-01-23 17:18:53,2024-01-23 18:15:53,57,completed,17,18,1,0,0,0,1,1,23,0
1312,UP80FN1434,bike,B1,2024-01-23 17:59:14,2024-01-23 18:39:14,40,completed,17,59,1,0,0,0,1,1,23,1
1313,UP80DK4598,car,C5,2024-01-23 17:23:02,2024-01-23 19:01:02,98,completed,17,23,1,0,0,0,1,1,23,0
1314,UP80TZ9595,car,C6,2024-01-23 17:19:47,2024-01-23 19:14:47,115,completed,17,19,1,0,0,0,1,1,23,0
1315,UP80ZU9317,car,C7,2024-01-23 17:54:17,2024-01-23 21:11:17,197,completed,17,54,1,0,0,0,1,1,23,0
1316,UP80XV1653,car,C8,2024-01-23 17:48:45,2024-01-23 19:16:45,88,completed,17,48,1,0,0,0,1,1,23,0
1317,UP80SW1916,bike,B4,2024-01-23 17:00:49,2024-01-23 18:20:49,80,completed,17,0,1,0,0,0,1,1,23,1
1318,UP80RA5506,car,C2,2024-01-23 18:25:52,2024-01-23 19:25:52,60,completed,18,25,1,0,0,0,1,1,23,0
1319,UP80FU2674,car,C4,2024-01-23 18:30:41,2024-01-23 20:14:41,104,completed,18,30,1,0,0,0,1,1,23,0
1320,UP80PS1750,bike,B1,2024-01-23 18:46:47,2024-01-23 19:47:47,61,completed,18,46,1,0,0,0,1,1,23,1
1321,UP80EB1043,car,C9,2024-01-23 18:33:37,2024-01-23 19:08:37,35,completed,18,33,1,0,0,0,1,1,23,0
1322,UP80NZ7201,car,C10,2024-01-23 18:21:50,2024-01-23 20:01:50,100,completed,18,21,1,0,0,0,1,1,23,0
1323,UP80UF9486,car,C2,2024-01-23 19:27:49,2024-01-23 21:05:49,98,completed,19,27,1,0,0,0,1,1,23,0
1324,UP80CL8433,car,C3,2024-01-23 19:35:01,2024-01-23 21:36:01,121,completed,19,35,1,0,0,0,1,1,23,0
1325,UP80RA5506,car,C1,2024-01-23 19:55:08,2024-01-23 20:41:08,46,completed,19,55,1,0,0,0,1,1,23,0
1326,UP80GQ7543,car,C5,2024-01-23 19:22:21,2024-01-23 20:52:21,90,completed,19,22,1,0,0,0,1,1,23,0
1327,UP80SC9797,car,C6,2024-01-23 19:43:48,2024-01-23 21:00:48,77,completed,19,43,1,0,0,0,1,1,23,0
1328,UP80SJ3547,car,C4,2024-01-23 20:36:50,2024-01-23 23:26:50,170,completed,20,36,1,0,0,0,0,1,23,0
1329,UP80ZU9317,car,C8,2024-01-23 20:09:21,2024-01-23 22:53:21,164,completed,20,9,1,0,0,0,0,1,23,0
1330,UP80FM8517,bike,B1,2024-01-23 21:25:24,2024-01-23 22:23:24,58,completed,21,25,1,0,0,0,0,1,23,1
1331,UP80RU2307,car,C1,2024-01-24 01:04:52,2024-01-24 01:37:52,33,completed,1,4,2,0,0,0,0,1,24,0
1332,UP80CL8433,car,C1,2024-01-24 07:56:31,2024-01-24 13:34:31,338,completed,7,56,2,0,1,0,0,1,24,0
1333,UP80NC1771,car,C2,2024-01-24 07:02:47,2024-01-24 11:56:47,294,completed,7,2,2,0,1,0,0,1,24,0
1334,UP80QV8527,car,C3,2024-01-24 07:50:19,2024-01-24 15:24:19,454,completed,7,50,2,0,1,0,0,1,24,0
1335,UP80XW5889,car,C4,2024-01-24 07:26:15,2024-01-24 13:19:15,353,completed,7,26,2,0,1,0,0,1,24,0
1336,UP80CL8433,car,C5,2024-01-24 07:58:42,2024-01-24 12:51:42,293,completed,7,58,2,0,1,0,0,1,24,0
1337,UP80SX2424,car,C6,2024-01-24 08:06:25,2024-01-24 14:13:25,367,completed,8,6,2,0,1,0,0,1,24,0
1338,UP80DJ5374,bike,B1,2024-01-24 08:17:56,2024-01-24 14:18:56,361,completed,8,17,2,0,1,0,0,1,24,1
1339,UP80BH6925,bike,B2,2024-01-24 08:42:58,2024-01-24 13:33:58,291,completed,8,42,2,0,1,0,0,1,24,1
1340,UP80FA6168,bike,B3,2024-01-24 08:48:35,2024-01-24 12:14:35,206,completed,8,48,2,0,1,0,0,1,24,1
1341,UP80QE5010,car,C7,2024-01-24 08:04:48,2024-01-24 13:33:48,329,completed,8,4,2,0,1,0,0,1,24,0
1342,UP80FD2679,bike,B4,2024-01-24 08:13:32,2024-01-24 12:32:32,259,completed,8,13,2,0,1,0,0,1,24,1
1343,UP80NC1771,car,C8,2024-01-24 08:04:40,2024-01-24 12:51:40,287,completed,8,4,2,0,1,0,0,1,24,0
1344,UP80RA5506,car,C9,2024-01-24 08:54:12,2024-01-24 16:01:12,427,completed,8,54,2,0,1,0,0,1,24,0
1345,UP80LY8973,car,C10,2024-01-24 09:16:07,2024-01-24 14:29:07,313,completed,9,16,2,0,1,0,0,1,24,0
1346,UP80UU6573,car,C11,2024-01-24 09:31:29,2024-01-24 16:59:29,448,completed,9,31,2,0,1,0,0,1,24,0
1347,UP80XT8777,car,C12,2024-01-24 09:42:15,2024-01-24 16:52:15,430,completed,9,42,2,0,1,0,0,1,24,0
1348,UP80FD2679,bike,B5,2024-01-24 09:53:10,2024-01-24 15:18:10,325,completed,9,53,2,0,1,0,0,1,24,1
1349,UP80VA3615,car,C13,2024-01-24 10:38:06,2024-01-24 11:59:06,81,completed,10,38,2,0,0,0,0,1,24,0
1350,UP80ET5530,car,C14,2024-01-24 10:04:42,2024-01-24 11:55:42,111,completed,10,4,2,0,0,0,0,1,24,0
1351,UP80QV8527,car,C2,2024-01-24 13:17:09,2024-01-24 14:18:09,61,completed,13,17,2,0,0,1,0,1,24,0
1352,UP80QA2535,bike,B2,2024-01-24 13:43:34,2024-01-24 14:31:34,48,completed,13,43,2,0,0,1,0,1,24,1
1353,UP80CT9004,bike,B3,2024-01-24 13:53:40,2024-01-24 14:26:40,33,completed,13,53,2,0,0,1,0,1,24,1
1354,UP80JZ3266,car,C1,2024-01-24 14:06:24,2024-01-24 15:15:24,69,completed,14,6,2,0,0,0,0,1,24,0
1355,UP80KB6155,car,C4,2024-01-24 14:03:38,2024-01-24 16:12:38,129,completed,14,3,2,0,0,0,0,1,24,0
1356,UP80PT9928,car,C2,2024-01-24 14:23:58,2024-01-24 14:51:58,28,completed,14,23,2,0,0,0,0,1,24,0
1357,UP80RA5506,car,C5,2024-01-24 14:01:26,2024-01-24 15:47:26,106,completed,14,1,2,0,0,0,0,1,24,0
1358,UP80LL5557,car,C1,2024-01-24 15:42:04,2024-01-24 18:04:04,142,completed,15,42,2,0,0,0,0,1,24,0
1359,UP80PA2343,car,C2,2024-01-24 15:51:53,2024-01-24 17:49:53,118,completed,15,51,2,0,0,0,0,1,24,0
1360,UP80AQ6663,bike,B1,2024-01-24 15:32:06,2024-01-24 16:39:06,67,completed,15,32,2,0,0,0,0,1,24,1
1361,UP80BH6925,bike,B2,2024-01-24 16:35:40,2024-01-24 18:12:40,97,completed,16,35,2,0,0,0,0,1,24,1
1362,UP80LL5557,car,C3,2024-01-24 16:27:07,2024-01-24 18:10:07,103,completed,16,27,2,0,0,0,0,1,24,0
1363,UP80FM8517,bike,B3,2024-01-24 16:22:20,2024-01-24 17:34:20,72,completed,16,22,2,0,0,0,0,1,24,1
1364,UP80GR6977,car,C4,2024-01-24 17:13:29,2024-01-24 18:39:29,86,completed,17,13,2,0,0,0,1,1,24,0
1365,UP80FN1434,bike,B1,2024-01-24 17:41:39,2024-01-24 19:15:39,94,completed,17,41,2,0,0,0,1,1,24,1
1366,UP80LL5557,car,C5,2024-01-24 17:49:38,2024-01-24 18:58:38,69,completed,17,49,2,0,0,0,1,1,24,0
1367,UP80PX7149,bike,B3,2024-01-24 17:45:34,2024-01-24 19:29:34,104,completed,17,45,2,0,0,0,1,1,24,1
1368,UP80BB5786,car,C1,2024-01-24 18:38:20,2024-01-24 21:14:20,156,completed,18,38,2,0,0,0,1,1,24,0
1369,UP80YU4241,bike,B1,2024-01-24 19:24:43,2024-01-24 20:31:43,67,completed,19,24,2,0,0,0,1,1,24,1
1370,UP80EZ5349,car,C2,2024-01-24 19:40:48,2024-01-24 20:44:48,64,completed,19,40,2,0,0,0,1,1,24,0
1371,UP80DK4598,car,C3,2024-01-24 19:54:42,2024-01-24 22:29:42,155,completed,19,54,2,0,0,0,1,1,24,0
1372,UP80PS1750,bike,B2,2024-01-24 20:28:24,2024-01-24 21:49:24,81,completed,20,28,2,0,0,0,0,1,24,1
1373,UP80QM2832,bike,B1,2024-01-24 21:32:37,2024-01-24 22:50:37,78,completed,21,32,2,0,0,0,0,1,24,1
1374,UP80GQ7543,car,C1,2024-01-24 21:57:07,2024-01-25 00:52:07,175,completed,21,57,2,0,0,0,0,1,24,0
1375,UP80DD9830,car,C1,2024-01-25 00:23:31,2024-01-25 04:01:31,218,completed,0,23,3,0,0,0,0,1,25,0
1376,UP80AT5315,car,C1,2024-01-25 07:23:24,2024-01-25 12:24:24,301,completed,7,23,3,0,1,0,0,1,25,0
1377,UP80WX3697,car,C2,2024-01-25 07:04:26,2024-01-25 12:05:26,301,completed,7,4,3,0,1,0,0,1,25,0
1378,UP80WW7227,car,C3,2024-01-25 07:12:48,2024-01-25 14:03:48,411,completed,7,12,3,0,1,0,0,1,25,0
1379,UP80TH6067,bike,B1,2024-01-25 07:49:58,2024-01-25 10:39:58,170,completed,7,49,3,0,1,0,0,1,25,1
1380,UP80KB6155,car,C4,2024-01-25 08:44:23,2024-01-25 14:39:23,355,completed,8,44,3,0,1,0,0,1,25,0
1381,UP80PL1158,car,C5,2024-01-25 08:59:27,2024-01-25 12:44:27,225,completed,8,59,3,0,1,0,0,1,25,0
1382,UP80ZN3060,car,C6,2024-01-25 08:23:40,2024-01-25 14:41:40,378,completed,8,23,3,0,1,0,0,1,25,0
1383,UP80WW7227,car,C7,2024-01-25 08:44:42,2024-01-25 12:50:42,246,completed,8,44,3,0,1,0,0,1,25,0
1384,UP80AT5315,car,C8,2024-01-25 08:09:16,2024-01-25 12:40:16,271,completed,8,9,3,0,1,0,0,1,25,0
1385,UP80VA3615,car,C9,2024-01-25 08:42:53,2024-01-25 14:53:53,371,completed,8,42,3,0,1,0,0,1,25,0
1386,UP80AT5315,car,C10,2024-01-25 08:58:24,2024-01-25 13:32:24,274,completed,8,58,3,0,1,0,0,1,25,0
1387,UP80NZ7201,car,C11,2024-01-25 09:57:05,2024-01-25 16:22:05,385,completed,9,57,3,0,1,0,0,1,25,0
1388,UP80KQ8668,bike,B2,2024-01-25 09:27:16,2024-01-25 13:01:16,214,completed,9,27,3,0,1,0,0,1,25,1
1389,UP80JL7071,car,C12,2024-01-25 09:34:42,2024-01-25 15:11:42,337,completed,9,34,3,0,1,0,0,1,25,0
1390,UP80SZ2612,car,C13,2024-01-25 09:56:59,2024-01-25 16:53:59,417,completed,9,56,3,0,1,0,0,1,25,0
1391,UP80SW1916,bike,B3,2024-01-25 09:06:40,2024-01-25 13:24:40,258,completed,9,6,3,0,1,0,0,1,25,1
1392,UP80BB5786,car,C14,2024-01-25 09:13:59,2024-01-25 14:29:59,316,completed,9,13,3,0,1,0,0,1,25,0
1393,UP80NT4613,car,C15,2024-01-25 09:19:00,2024-01-25 15:41:00,382,completed,9,19,3,0,1,0,0,1,25,0
1394,UP80DJ5374,bike,B4,2024-01-25 09:44:26,2024-01-25 13:44:26,240,completed,9,44,3,0,1,0,0,1,25,1
1395,UP80FA6168,bike,B5,2024-01-25 09:46:27,2024-01-25 13:58:27,252,completed,9,46,3,0,1,0,0,1,25,1
1396,UP80VA3615,car,C16,2024-01-25 09:31:11,2024-01-25 16:00:11,389,completed,9,31,3,0,1,0,0,1,25,0
1397,UP80AQ2638,bike,B6,2024-01-25 09:28:36,2024-01-25 13:58:36,270,completed,9,28,3,0,1,0,0,1,25,1
1398,UP80VW2604,bike,B7,2024-01-25 09:28:40,2024-01-25 15:03:40,335,completed,9,28,3,0,1,0,0,1,25,1
1399,UP80DJ5374,bike,B1,2024-01-25 10:55:40,2024-01-25 12:21:40,86,completed,10,55,3,0,0,0,0,1,25,1
1400,UP80ZY4295,bike,B8,2024-01-25 11:42:37,2024-01-25 13:03:37,81,completed,11,42,3,0,0,0,0,1,25,1
1401,UP80GR6977,car,C1,2024-01-25 12:24:38,2024-01-25 13:44:38,80,completed,12,24,3,0,0,1,0,1,25,0
1402,UP80FA6168,bike,B1,2024-01-25 12:21:38,2024-01-25 12:58:38,37,completed,12,21,3,0,0,1,0,1,25,1
1403,UP80QE5010,car,C2,2024-01-25 12:43:56,2024-01-25 14:02:56,79,completed,12,43,3,0,0,1,0,1,25,0
1404,UP80QA2535,bike,B9,2024-01-25 12:42:25,2024-01-25 12:54:25,12,completed,12,42,3,0,0,1,0,1,25,1
1405,UP80LL5557,car,C8,2024-01-25 12:22:55,2024-01-25 14:02:55,100,completed,12,22,3,0,0,1,0,1,25,0
1406,UP80DH1958,bike,B1,2024-01-25 13:25:46,2024-01-25 14:10:46,45,completed,13,25,3,0,0,1,0,1,25,1
1407,UP80NZ1188,bike,B2,2024-01-25 13:01:38,2024-01-25 13:41:38,40,completed,13,1,3,0,0,1,0,1,25,1
1408,UP80XW5889,car,C1,2024-01-25 13:52:15,2024-01-25 15:22:15,90,completed,13,52,3,0,0,1,0,1,25,0
1409,UP80RD8564,car,C5,2024-01-25 13:43:42,2024-01-25 14:31:42,48,completed,13,43,3,0,0,1,0,1,25,0
1410,UP80FA6168,bike,B2,2024-01-25 13:40:52,2024-01-25 14:30:52,50,completed,13,40,3,0,0,1,0,1,25,1
1411,UP80UK8253,car,C7,2024-01-25 13:55:02,2024-01-25 14:45:02,50,completed,13,55,3,0,0,1,0,1,25,0
1412,UP80XW5889,car,C10,2024-01-25 13:38:31,2024-01-25 14:57:31,79,completed,13,38,3,0,0,1,0,1,25,0
1413,UP80WD3621,bike,B3,2024-01-25 13:50:05,2024-01-25 15:04:05,74,completed,13,50,3,0,0,1,0,1,25,1
1414,UP80FH7211,car,C2,2024-01-25 14:38:12,2024-01-25 16:31:12,113,completed,14,38,3,0,0,0,0,1,25,0
1415,UP80CB9056,car,C3,2024-01-25 14:56:36,2024-01-25 16:35:36,99,completed,14,56,3,0,0,0,0,1,25,0
1416,UP80UU6573,car,C4,2024-01-25 14:50:05,2024-01-25 16:49:05,119,completed,14,50,3,0,0,0,0,1,25,0
1417,UP80JZ3266,car,C5,2024-01-25 14:55:29,2024-01-25 17:39:29,164,completed,14,55,3,0,0,0,0,1,25,0
1418,UP80CC6635,car,C6,2024-01-25 14:34:15,2024-01-25 16:21:15,107,completed,14,34,3,0,0,0,0,1,25,0
1419,UP80LL5557,car,C7,2024-01-25 14:48:42,2024-01-25 15:49:42,61,completed,14,48,3,0,0,0,0,1,25,0
1420,UP80CY4848,car,C8,2024-01-25 15:10:59,2024-01-25 17:35:59,145,completed,15,10,3,0,0,0,0,1,25,0
1421,UP80WW7227,car,C1,2024-01-25 15:49:17,2024-01-25 16:59:17,70,completed,15,49,3,0,0,0,0,1,25,0
1422,UP80SC9797,car,C9,2024-01-25 15:42:07,2024-01-25 16:17:07,35,completed,15,42,3,0,0,0,0,1,25,0
1423,UP80DK4598,car,C2,2024-01-25 16:40:46,2024-01-25 19:44:46,184,completed,16,40,3,0,0,0,0,1,25,0
1424,UP80DK4598,car,C3,2024-01-25 16:49:59,2024-01-25 17:42:59,53,completed,16,49,3,0,0,0,0,1,25,0
1425,UP80UK8253,car,C4,2024-01-25 16:24:58,2024-01-25 18:14:58,110,completed,16,24,3,0,0,0,0,1,25,0
1426,UP80LX8305,car,C1,2024-01-25 17:50:35,2024-01-25 18:36:35,46,completed,17,50,3,0,0,0,1,1,25,0
1427,UP80VA3615,car,C3,2024-01-25 17:51:14,2024-01-25 19:17:14,86,completed,17,51,3,0,0,0,1,1,25,0
1428,UP80NZ7201,car,C5,2024-01-25 17:21:47,2024-01-25 19:05:47,104,completed,17,21,3,0,0,0,1,1,25,0
1429,UP80SJ3547,car,C6,2024-01-25 17:47:07,2024-01-25 20:02:07,135,completed,17,47,3,0,0,0,1,1,25,0
1430,UP80QA2535,bike,B1,2024-01-25 17:36:47,2024-01-25 18:01:47,25,completed,17,36,3,0,0,0,1,1,25,1
1431,UP80KB6155,car,C1,2024-01-25 18:37:34,2024-01-25 20:33:34,116,completed,18,37,3,0,0,0,1,1,25,0
1432,UP80SJ3547,car,C4,2024-01-25 18:23:51,2024-01-25 19:49:51,86,completed,18,23,3,0,0,0,1,1,25,0
1433,UP80PS1750,bike,B1,2024-01-25 18:33:42,2024-01-25 19:50:42,77,completed,18,33,3,0,0,0,1,1,25,1
1434,UP80DJ5374,bike,B2,2024-01-25 18:54:29,2024-01-25 20:11:29,77,completed,18,54,3,0,0,0,1,1,25,1
1435,UP80NC1771,car,C7,2024-01-25 18:53:14,2024-01-25 20:37:14,104,completed,18,53,3,0,0,0,1,1,25,0
1436,UP80SD9042,car,C8,2024-01-25 18:47:42,2024-01-25 20:36:42,109,completed,18,47,3,0,0,0,1,1,25,0
1437,UP80KQ8668,bike,B3,2024-01-25 18:02:38,2024-01-25 19:29:38,87,completed,18,2,3,0,0,0,1,1,25,1
1438,UP80BH6925,bike,B4,2024-01-25 18:54:45,2024-01-25 20:08:45,74,completed,18,54,3,0,0,0,1,1,25,1
1439,UP80NV3780,car,C9,2024-01-25 18:31:18,2024-01-25 20:52:18,141,completed,18,31,3,0,0,0,1,1,25,0
1440,UP80QU4697,car,C10,2024-01-25 18:09:52,2024-01-25 19:58:52,109,completed,18,9,3,0,0,0,1,1,25,0
1441,UP80QA2535,bike,B5,2024-01-25 18:59:51,2024-01-25 20:52:51,113,completed,18,59,3,0,0,0,1,1,25,1
1442,UP80JV4728,bike,B1,2024-01-25 19:54:31,2024-01-25 20:48:31,54,completed,19,54,3,0,0,0,1,1,25,1
1443,UP80BB4853,bike,B3,2024-01-25 19:52:42,2024-01-25 21:38:42,106,completed,19,52,3,0,0,0,1,1,25,1
1444,UP80SW1916,bike,B6,2024-01-25 19:21:27,2024-01-25 20:34:27,73,completed,19,21,3,0,0,0,1,1,25,1
1445,UP80NZ1188,bike,B7,2024-01-25 19:48:25,2024-01-25 21:00:25,72,completed,19,48,3,0,0,0,1,1,25,1
1446,UP80DS4571,car,C1,2024-01-25 20:59:12,2024-01-25 22:26:12,87,completed,20,59,3,0,0,0,0,1,25,0
1447,UP80AT5315,car,C2,2024-01-25 20:25:06,2024-01-25 22:33:06,128,completed,20,25,3,0,0,0,0,1,25,0
1448,UP80CC6635,car,C3,2024-01-25 20:59:45,2024-01-25 22:49:45,110,completed,20,59,3,0,0,0,0,1,25,0
1449,UP80WD3621,bike,B1,2024-01-25 20:36:08,2024-01-25 21:47:08,71,completed,20,36,3,0,0,0,0,1,25,1
1450,UP80UK8253,car,C4,2024-01-25 21:13:51,2024-01-25 23:34:51,141,completed,21,13,3,0,0,0,0,1,25,0
1451,UP80CL8433,car,C5,2024-01-25 21:41:00,2024-01-26 00:37:00,176,completed,21,41,3,0,0,0,0,1,25,0
1452,UP80GQ7543,car,C6,2024-01-25 21:54:09,2024-01-26 00:35:09,161,completed,21,54,3,0,0,0,0,1,25,0
1453,UP80QA2535,bike,B1,2024-01-25 21:43:53,2024-01-25 23:53:53,130,completed,21,43,3,0,0,0,0,1,25,1
1454,UP80KQ8668,bike,B2,2024-01-25 22:11:03,2024-01-26 00:04:03,113,completed,22,11,3,0,0,0,0,1,25,1
1455,UP80FU2674,car,C1,2024-01-25 22:41:21,2024-01-26 00:12:21,91,completed,22,41,3,0,0,0,0,1,25,0
1456,UP80VL2040,car,C2,2024-01-25 22:02:07,2024-01-25 23:32:07,90,completed,22,2,3,0,0,0,0,1,25,0
1457,UP80ZN7455,car,C1,2024-01-26 06:02:05,2024-01-26 07:30:05,88,completed,6,2,4,0,0,0,0,1,26,0
1458,UP80HP8753,bike,B1,2024-01-26 06:10:27,2024-01-26 08:27:27,137,completed,6,10,4,0,0,0,0,1,26,1
1459,UP80NZ1188,bike,B2,2024-01-26 07:00:15,2024-01-26 11:41:15,281,completed,7,0,4,0,1,0,0,1,26,1
1460,UP80VL2040,car,C1,2024-01-26 08:34:28,2024-01-26 14:05:28,331,completed,8,34,4,0,1,0,0,1,26,0
1461,UP80SW1916,bike,B1,2024-01-26 08:44:20,2024-01-26 11:47:20,183,completed,8,44,4,0,1,0,0,1,26,1
1462,UP80SX2424,car,C2,2024-01-26 08:44:06,2024-01-26 13:59:06,315,completed,8,44,4,0,1,0,0,1,26,0
1463,UP80SS2169,bike,B3,2024-01-26 08:15:02,2024-01-26 12:40:02,265,completed,8,15,4,0,1,0,0,1,26,1
1464,UP80AT5315,car,C3,2024-01-26 08:08:38,2024-01-26 13:35:38,327,completed,8,8,4,0,1,0,0,1,26,0
1465,UP80XW5889,car,C4,2024-01-26 08:22:17,2024-01-26 13:15:17,293,completed,8,22,4,0,1,0,0,1,26,0
1466,UP80CC6635,car,C5,2024-01-26 08:16:24,2024-01-26 14:51:24,395,completed,8,16,4,0,1,0,0,1,26,0
1467,UP80WW7227,car,C6,2024-01-26 09:25:29,2024-01-26 14:21:29,296,completed,9,25,4,0,1,0,0,1,26,0
1468,UP80GR6977,car,C7,2024-01-26 09:09:34,2024-01-26 13:01:34,232,completed,9,9,4,0,1,0,0,1,26,0
1469,UP80FA6168,bike,B4,2024-01-26 09:40:44,2024-01-26 12:20:44,160,completed,9,40,4,0,1,0,0,1,26,1
1470,UP80FU2674,car,C8,2024-01-26 09:32:38,2024-01-26 14:58:38,326,completed,9,32,4,0,1,0,0,1,26,0
1471,UP80FD2679,bike,B5,2024-01-26 09:20:50,2024-01-26 14:04:50,284,completed,9,20,4,0,1,0,0,1,26,1
1472,UP80UU6573,car,C9,2024-01-26 10:17:07,2024-01-26 12:10:07,113,completed,10,17,4,0,0,0,0,1,26,0
1473,UP80PT9928,car,C10,2024-01-26 10:26:04,2024-01-26 12:02:04,96,completed,10,26,4,0,0,0,0,1,26,0
1474,UP80ER5325,bike,B1,2024-01-26 12:17:09,2024-01-26 13:12:09,55,completed,12,17,4,0,0,1,0,1,26,1
1475,UP80PS1750,bike,B2,2024-01-26 12:17:00,2024-01-26 12:56:00,39,completed,12,17,4,0,0,1,0,1,26,1
1476,UP80SS2169,bike,B1,2024-01-26 13:59:07,2024-01-26 14:48:07,49,completed,13,59,4,0,0,1,0,1,26,1
1477,UP80FE8350,car,C1,2024-01-26 14:37:52,2024-01-26 15:35:52,58,completed,14,37,4,0,0,0,0,1,26,0
1478,UP80ZU9317,car,C2,2024-01-26 14:55:18,2024-01-26 16:43:18,108,completed,14,55,4,0,0,0,0,1,26,0
1479,UP80QE5010,car,C3,2024-01-26 14:06:57,2024-01-26 16:43:57,157,completed,14,6,4,0,0,0,0,1,26,0
1480,UP80TB6733,bike,B1,2024-01-26 14:22:51,2024-01-26 15:28:51,66,completed,14,22,4,0,0,0,0,1,26,1
1481,UP80TK7547,bike,B1,2024-01-26 15:35:38,2024-01-26 16:37:38,62,completed,15,35,4,0,0,0,0,1,26,1
1482,UP80FU2674,car,C4,2024-01-26 15:00:43,2024-01-26 17:03:43,123,completed,15,0,4,0,0,0,0,1,26,0
1483,UP80CL8433,car,C1,2024-01-26 16:42:08,2024-01-26 18:40:08,118,completed,16,42,4,0,0,0,0,1,26,0
1484,UP80ML4020,car,C2,2024-01-26 16:46:40,2024-01-26 18:32:40,106,completed,16,46,4,0,0,0,0,1,26,0
1485,UP80DD9830,car,C3,2024-01-26 16:49:15,2024-01-26 18:42:15,113,completed,16,49,4,0,0,0,0,1,26,0
1486,UP80DJ5374,bike,B1,2024-01-26 16:22:51,2024-01-26 17:21:51,59,completed,16,22,4,0,0,0,0,1,26,1
1487,UP80PS1750,bike,B2,2024-01-26 16:17:27,2024-01-26 17:15:27,58,completed,16,17,4,0,0,0,0,1,26,1
1488,UP80BT2790,bike,B3,2024-01-26 16:19:26,2024-01-26 18:20:26,121,completed,16,19,4,0,0,0,0,1,26,1
1489,UP80RU2307,car,C5,2024-01-26 16:40:05,2024-01-26 19:02:05,142,completed,16,40,4,0,0,0,0,1,26,0
1490,UP80MG7043,car,C6,2024-01-26 17:03:05,2024-01-26 18:26:05,83,completed,17,3,4,0,0,0,1,1,26,0
1491,UP80YY1009,car,C4,2024-01-26 17:59:31,2024-01-26 19:59:31,120,completed,17,59,4,0,0,0,1,1,26,0
1492,UP80WU7232,car,C7,2024-01-26 17:32:59,2024-01-26 18:54:59,82,completed,17,32,4,0,0,0,1,1,26,0
1493,UP80SC9797,car,C8,2024-01-26 17:31:32,2024-01-26 18:51:32,80,completed,17,31,4,0,0,0,1,1,26,0
1494,UP80HQ2625,bike,B1,2024-01-26 17:39:12,2024-01-26 18:29:12,50,completed,17,39,4,0,0,0,1,1,26,1
1495,UP80SC9797,car,C9,2024-01-26 17:00:45,2024-01-26 18:29:45,89,completed,17,0,4,0,0,0,1,1,26,0
1496,UP80GB1317,car,C10,2024-01-26 17:47:42,2024-01-26 18:54:42,67,completed,17,47,4,0,0,0,1,1,26,0
1497,UP80JZ3266,car,C11,2024-01-26 17:43:38,2024-01-26 19:56:38,133,completed,17,43,4,0,0,0,1,1,26,0
1498,UP80PS1750,bike,B2,2024-01-26 17:56:48,2024-01-26 19:02:48,66,completed,17,56,4,0,0,0,1,1,26,1
1499,UP80SJ3547,car,C12,2024-01-26 18:11:04,2024-01-26 18:27:04,16,completed,18,11,4,0,0,0,1,1,26,0
1500,UP80FA6168,bike,B3,2024-01-26 18:27:31,2024-01-26 19:36:31,69,completed,18,27,4,0,0,0,1,1,26,1
1501,UP80CY3442,car,C6,2024-01-26 18:07:21,2024-01-26 20:05:21,118,completed,18,7,4,0,0,0,1,1,26,0
1502,UP80WD3621,bike,B1,2024-01-26 18:54:07,2024-01-26 19:26:07,32,completed,18,54,4,0,0,0,1,1,26,1
1503,UP80CL8433,car,C1,2024-01-26 18:18:16,2024-01-26 18:54:16,36,completed,18,18,4,0,0,0,1,1,26,0
1504,UP80RD8564,car,C1,2024-01-26 18:59:59,2024-01-26 21:11:59,132,completed,18,59,4,0,0,0,1,1,26,0
1505,UP80NC1771,car,C2,2024-01-26 18:52:57,2024-01-26 21:07:57,135,completed,18,52,4,0,0,0,1,1,26,0
1506,UP80NC1771,car,C3,2024-01-26 18:03:22,2024-01-26 18:56:22,53,completed,18,3,4,0,0,0,1,1,26,0
1507,UP80RA5506,car,C7,2024-01-26 18:21:19,2024-01-26 19:22:19,61,completed,18,21,4,0,0,0,1,1,26,0
1508,UP80GQ7543,car,C8,2024-01-26 18:25:22,2024-01-26 20:33:22,128,completed,18,25,4,0,0,0,1,1,26,0
1509,UP80KQ8668,bike,B4,2024-01-26 18:31:12,2024-01-26 20:06:12,95,completed,18,31,4,0,0,0,1,1,26,1
1510,UP80WW7227,car,C3,2024-01-26 19:58:31,2024-01-26 21:09:31,71,completed,19,58,4,0,0,0,1,1,26,0
1511,UP80SS2169,bike,B1,2024-01-26 19:14:30,2024-01-26 19:54:30,40,completed,19,14,4,0,0,0,1,1,26,1
1512,UP80JZ3266,car,C5,2024-01-26 19:34:51,2024-01-26 21:51:51,137,completed,19,34,4,0,0,0,1,1,26,0
1513,UP80SJ3547,car,C4,2024-01-26 20:42:53,2024-01-26 22:16:53,94,completed,20,42,4,0,0,0,0,1,26,0
1514,UP80XJ3584,car,C1,2024-01-26 21:22:56,2024-01-26 23:55:56,153,completed,21,22,4,0,0,0,0,1,26,0
1515,UP80SJ3547,car,C2,2024-01-26 21:07:12,2024-01-26 22:14:12,67,completed,21,7,4,0,0,0,0,1,26,0
1516,UP80VL2040,car,C1,2024-01-27 07:27:30,2024-01-27 12:35:30,308,completed,7,27,5,1,1,0,0,1,27,0
1517,UP80KQ8668,bike,B1,2024-01-27 09:27:15,2024-01-27 12:40:15,193,completed,9,27,5,1,1,0,0,1,27,1
1518,UP80GQ7543,car,C2,2024-01-27 09:16:44,2024-01-27 14:31:44,315,completed,9,16,5,1,1,0,0,1,27,0
1519,UP80SD9042,car,C3,2024-01-27 10:45:50,2024-01-27 12:12:50,87,completed,10,45,5,1,0,0,0,1,27,0
1520,UP80FU2674,car,C4,2024-01-27 10:54:37,2024-01-27 11:45:37,51,completed,10,54,5,1,0,0,0,1,27,0
1521,UP80NZ7201,car,C5,2024-01-27 11:08:25,2024-01-27 13:37:25,149,completed,11,8,5,1,0,0,0,1,27,0
1522,UP80DD9830,car,C4,2024-01-27 12:05:55,2024-01-27 12:51:55,46,completed,12,5,5,1,0,1,0,1,27,0
1523,UP80GQ6617,car,C1,2024-01-27 12:44:40,2024-01-27 13:27:40,43,completed,12,44,5,1,0,1,0,1,27,0
1524,UP80GR6977,car,C1,2024-01-27 13:41:03,2024-01-27 14:48:03,67,completed,13,41,5,1,0,1,0,1,27,0
1525,UP80QE5010,car,C3,2024-01-27 13:22:45,2024-01-27 14:11:45,49,completed,13,22,5,1,0,1,0,1,27,0
1526,UP80DJ5374,bike,B1,2024-01-27 14:42:47,2024-01-27 15:40:47,58,completed,14,42,5,1,0,0,0,1,27,1
1527,UP80QV8527,car,C1,2024-01-27 14:58:38,2024-01-27 16:37:38,99,completed,14,58,5,1,0,0,0,1,27,0
1528,UP80UU6573,car,C2,2024-01-27 15:07:06,2024-01-27 17:54:06,167,completed,15,7,5,1,0,0,0,1,27,0
1529,UP80FA6168,bike,B2,2024-01-27 15:08:21,2024-01-27 16:17:21,69,completed,15,8,5,1,0,0,0,1,27,1
1530,UP80AT5315,car,C3,2024-01-27 15:15:41,2024-01-27 16:11:41,56,completed,15,15,5,1,0,0,0,1,27,0
1531,UP80ZU9317,car,C1,2024-01-27 16:56:06,2024-01-27 19:44:06,168,completed,16,56,5,1,0,0,0,1,27,0
1532,UP80JZ3266,car,C3,2024-01-27 17:41:52,2024-01-27 19:46:52,125,completed,17,41,5,1,0,0,1,1,27,0
1533,UP80SS2169,bike,B1,2024-01-27 18:04:34,2024-01-27 18:53:34,49,completed,18,4,5,1,0,0,1,1,27,1
1534,UP80NZ7201,car,C2,2024-01-27 18:46:09,2024-01-27 18:51:09,5,completed,18,46,5,1,0,0,1,1,27,0
1535,UP80KS8699,car,C4,2024-01-27 18:45:16,2024-01-27 21:06:16,141,completed,18,45,5,1,0,0,1,1,27,0
1536,UP80VA3615,car,C2,2024-01-27 18:57:23,2024-01-27 19:37:23,40,completed,18,57,5,1,0,0,1,1,27,0
1537,UP80KQ8668,bike,B1,2024-01-27 18:04:30,2024-01-27 19:07:30,63,completed,18,4,5,1,0,0,1,1,27,1
1538,UP80CL8433,car,C5,2024-01-27 19:08:18,2024-01-27 20:00:18,52,completed,19,8,5,1,0,0,1,1,27,0
1539,UP80QU8461,bike,B1,2024-01-27 19:44:12,2024-01-27 20:24:12,40,completed,19,44,5,1,0,0,1,1,27,1
1540,UP80KQ8668,bike,B2,2024-01-27 20:04:10,2024-01-27 21:08:10,64,completed,20,4,5,1,0,0,0,1,27,1
1541,UP80GR6977,car,C1,2024-01-27 21:49:24,2024-01-27 23:41:24,112,completed,21,49,5,1,0,0,0,1,27,0
1542,UP80KQ8668,bike,B1,2024-01-27 22:37:44,2024-01-27 23:44:44,67,completed,22,37,5,1,0,0,0,1,27,1
1543,UP80QV8527,car,C1,2024-01-28 04:31:11,2024-01-28 06:47:11,136,completed,4,31,6,1,0,0,0,1,28,0
1544,UP80CC6635,car,C2,2024-01-28 06:41:18,2024-01-28 09:32:18,171,completed,6,41,6,1,0,0,0,1,28,0
1545,UP80NZ7201,car,C1,2024-01-28 08:52:25,2024-01-28 13:56:25,304,completed,8,52,6,1,1,0,0,1,28,0
1546,UP80DE8579,car,C2,2024-01-28 10:58:41,2024-01-28 13:03:41,125,completed,10,58,6,1,0,0,0,1,28,0
1547,UP80QM2832,bike,B1,2024-01-28 10:08:46,2024-01-28 10:47:46,39,completed,10,8,6,1,0,0,0,1,28,1
1548,UP80CT9004,bike,B1,2024-01-28 10:52:00,2024-01-28 11:56:00,64,completed,10,52,6,1,0,0,0,1,28,1
1549,UP80SJ7658,bike,B2,2024-01-28 10:08:15,2024-01-28 11:16:15,68,completed,10,8,6,1,0,0,0,1,28,1
1550,UP80DK4598,car,C3,2024-01-28 10:00:50,2024-01-28 12:50:50,170,completed,10,0,6,1,0,0,0,1,28,0
1551,UP80CL8433,car,C4,2024-01-28 11:05:12,2024-01-28 13:30:12,145,completed,11,5,6,1,0,0,0,1,28,0
1552,UP80SC9797,car,C5,2024-01-28 11:30:09,2024-01-28 12:42:09,72,completed,11,30,6,1,0,0,0,1,28,0
1553,UP80SX2424,car,C6,2024-01-28 11:40:34,2024-01-28 13:52:34,132,completed,11,40,6,1,0,0,0,1,28,0
1554,UP80PS1750,bike,B2,2024-01-28 11:53:26,2024-01-28 12:55:26,62,completed,11,53,6,1,0,0,0,1,28,1
1555,UP80DJ5374,bike,B1,2024-01-28 12:27:24,2024-01-28 13:09:24,42,completed,12,27,6,1,0,1,0,1,28,1
1556,UP80BZ1241,bike,B2,2024-01-28 12:56:45,2024-01-28 14:03:45,67,completed,12,56,6,1,0,1,0,1,28,1
1557,UP80DJ5374,bike,B3,2024-01-28 12:07:14,2024-01-28 12:30:14,23,completed,12,7,6,1,0,1,0,1,28,1
1558,UP80TK7118,car,C3,2024-01-28 12:59:59,2024-01-28 14:15:59,76,completed,12,59,6,1,0,1,0,1,28,0
1559,UP80ZU9317,car,C5,2024-01-28 12:11:27,2024-01-28 13:23:27,72,completed,12,11,6,1,0,1,0,1,28,0
1560,UP80DJ5374,bike,B3,2024-01-28 12:43:19,2024-01-28 13:32:19,49,completed,12,43,6,1,0,1,0,1,28,1
1561,UP80PJ6419,bike,B4,2024-01-28 12:06:17,2024-01-28 12:45:17,39,completed,12,6,6,1,0,1,0,1,28,1
1562,UP80YN1931,bike,B4,2024-01-28 12:51:04,2024-01-28 13:45:04,54,completed,12,51,6,1,0,1,0,1,28,1
1563,UP80JZ3266,car,C7,2024-01-28 12:09:20,2024-01-28 12:56:20,47,completed,12,9,6,1,0,1,0,1,28,0
1564,UP80GR6977,car,C8,2024-01-28 12:04:07,2024-01-28 12:23:07,19,completed,12,4,6,1,0,1,0,1,28,0
1565,UP80KB6155,car,C2,2024-01-28 13:20:08,2024-01-28 14:01:08,41,completed,13,20,6,1,0,1,0,1,28,0
1566,UP80GT1027,car,C5,2024-01-28 13:26:38,2024-01-28 14:25:38,59,completed,13,26,6,1,0,1,0,1,28,0
1567,UP80DD9830,car,C4,2024-01-28 13:41:58,2024-01-28 14:13:58,32,completed,13,41,6,1,0,1,0,1,28,0
1568,UP80PT9928,car,C1,2024-01-28 14:34:52,2024-01-28 16:11:52,97,completed,14,34,6,1,0,0,0,1,28,0
1569,UP80PS1750,bike,B1,2024-01-28 14:26:33,2024-01-28 15:14:33,48,completed,14,26,6,1,0,0,0,1,28,1
1570,UP80WD3621,bike,B2,2024-01-28 14:54:01,2024-01-28 15:56:01,62,completed,14,54,6,1,0,0,0,1,28,1
1571,UP80SW1916,bike,B3,2024-01-28 14:58:07,2024-01-28 15:42:07,44,completed,14,58,6,1,0,0,0,1,28,1
1572,UP80UU6573,car,C2,2024-01-28 15:08:18,2024-01-28 18:23:18,195,completed,15,8,6,1,0,0,0,1,28,0
1573,UP80PS1750,bike,B1,2024-01-28 16:58:26,2024-01-28 18:33:26,95,completed,16,58,6,1,0,0,0,1,28,1
1574,UP80FD2679,bike,B2,2024-01-28 16:45:09,2024-01-28 18:02:09,77,completed,16,45,6,1,0,0,0,1,28,1
1575,UP80LL5557,car,C1,2024-01-28 17:27:23,2024-01-28 18:53:23,86,completed,17,27,6,1,0,0,1,1,28,0
1576,UP80FA6168,bike,B3,2024-01-28 17:55:10,2024-01-28 18:45:10,50,completed,17,55,6,1,0,0,1,1,28,1
1577,UP80DD9830,car,C3,2024-01-28 17:15:04,2024-01-28 18:55:04,100,completed,17,15,6,1,0,0,1,1,28,0
1578,UP80SS2169,bike,B4,2024-01-28 17:47:33,2024-01-28 19:04:33,77,completed,17,47,6,1,0,0,1,1,28,1
1579,UP80RA5506,car,C4,2024-01-28 17:46:21,2024-01-28 19:16:21,90,completed,17,46,6,1,0,0,1,1,28,0
1580,UP80TW3091,car,C5,2024-01-28 17:02:38,2024-01-28 18:23:38,81,completed,17,2,6,1,0,0,1,1,28,0
1581,UP80NC1771,car,C6,2024-01-28 17:25:53,2024-01-28 18:04:53,39,completed,17,25,6,1,0,0,1,1,28,0
1582,UP80LV9702,bike,B5,2024-01-28 17:32:19,2024-01-28 18:35:19,63,completed,17,32,6,1,0,0,1,1,28,1
1583,UP80SJ3547,car,C6,2024-01-28 18:17:05,2024-01-28 19:21:05,64,completed,18,17,6,1,0,0,1,1,28,0
1584,UP80UD6096,car,C2,2024-01-28 18:25:11,2024-01-28 19:21:11,56,completed,18,25,6,1,0,0,1,1,28,0
1585,UP80WD3621,bike,B2,2024-01-28 18:04:52,2024-01-28 19:07:52,63,completed,18,4,6,1,0,0,1,1,28,1
1586,UP80PF8800,bike,B6,2024-01-28 18:10:03,2024-01-28 19:43:03,93,completed,18,10,6,1,0,0,1,1,28,1
1587,UP80FA6168,bike,B1,2024-01-28 19:17:06,2024-01-28 19:42:06,25,completed,19,17,6,1,0,0,1,1,28,1
1588,UP80FN1434,bike,B2,2024-01-28 19:18:10,2024-01-28 19:53:10,35,completed,19,18,6,1,0,0,1,1,28,1
1589,UP80BF5345,bike,B1,2024-01-28 20:00:48,2024-01-28 20:29:48,29,completed,20,0,6,1,0,0,0,1,28,1
1590,UP80CA6111,bike,B2,2024-01-28 20:17:05,2024-01-28 21:02:05,45,completed,20,17,6,1,0,0,0,1,28,1
1591,UP80QE5010,car,C1,2024-01-28 20:50:30,2024-01-28 23:32:30,162,completed,20,50,6,1,0,0,0,1,28,0
1592,UP80TW3091,car,C2,2024-01-28 20:48:18,2024-01-28 22:36:18,108,completed,20,48,6,1,0,0,0,1,28,0
1593,UP80YU5673,bike,B1,2024-01-28 21:48:25,2024-01-28 22:49:25,61,completed,21,48,6,1,0,0,0,1,28,1
1594,UP80FU2674,car,C3,2024-01-28 21:47:32,2024-01-28 22:59:32,72,completed,21,47,6,1,0,0,0,1,28,0
1595,UP80SX2424,car,C4,2024-01-28 21:50:24,2024-01-28 23:31:24,101,completed,21,50,6,1,0,0,0,1,28,0
1596,UP80PS1750,bike,B2,2024-01-28 21:56:40,2024-01-28 23:29:40,93,completed,21,56,6,1,0,0,0,1,28,1
1597,UP80CC6635,car,C2,2024-01-28 22:51:43,2024-01-29 01:54:43,183,completed,22,51,6,1,0,0,0,1,28,0
1598,UP80DK4598,car,C5,2024-01-28 22:38:41,2024-01-29 00:21:41,103,completed,22,38,6,1,0,0,0,1,28,0
1599,UP80XW5889,car,C6,2024-01-28 22:08:21,2024-01-29 00:42:21,154,completed,22,8,6,1,0,0,0,1,28,0
1600,UP80BH6925,bike,B1,2024-01-28 22:49:43,2024-01-28 23:48:43,59,completed,22,49,6,1,0,0,0,1,28,1
1601,UP80ZU9317,car,C1,2024-01-29 01:20:36,2024-01-29 03:22:36,122,completed,1,20,0,0,0,0,0,1,29,0
1602,UP80KU1320,car,C1,2024-01-29 07:51:23,2024-01-29 13:29:23,338,completed,7,51,0,0,1,0,0,1,29,0
1603,UP80FD2679,bike,B1,2024-01-29 07:13:03,2024-01-29 12:40:03,327,completed,7,13,0,0,1,0,0,1,29,1
1604,UP80PT9928,car,C2,2024-01-29 07:17:16,2024-01-29 12:50:16,333,completed,7,17,0,0,1,0,0,1,29,0
1605,UP80PT9928,car,C3,2024-01-29 07:09:04,2024-01-29 12:40:04,331,completed,7,9,0,0,1,0,0,1,29,0
1606,UP80WW7227,car,C4,2024-01-29 08:55:26,2024-01-29 16:25:26,450,completed,8,55,0,0,1,0,0,1,29,0
1607,UP80GQ7543,car,C5,2024-01-29 08:11:53,2024-01-29 13:16:53,305,completed,8,11,0,0,1,0,0,1,29,0
1608,UP80DD9830,car,C6,2024-01-29 08:10:12,2024-01-29 15:34:12,444,completed,8,10,0,0,1,0,0,1,29,0
1609,UP80CC6635,car,C7,2024-01-29 08:30:30,2024-01-29 15:32:30,422,completed,8,30,0,0,1,0,0,1,29,0
1610,UP80RA5506,car,C8,2024-01-29 08:58:44,2024-01-29 14:44:44,346,completed,8,58,0,0,1,0,0,1,29,0
1611,UP80XJ3584,car,C9,2024-01-29 08:35:50,2024-01-29 15:53:50,438,completed,8,35,0,0,1,0,0,1,29,0
1612,UP80QE5010,car,C10,2024-01-29 08:39:09,2024-01-29 15:20:09,401,completed,8,39,0,0,1,0,0,1,29,0
1613,UP80BQ9238,car,C11,2024-01-29 08:00:09,2024-01-29 13:07:09,307,completed,8,0,0,0,1,0,0,1,29,0
1614,UP80NZ1188,bike,B2,2024-01-29 08:50:43,2024-01-29 12:50:43,240,completed,8,50,0,0,1,0,0,1,29,1
1615,UP80KZ5345,car,C12,2024-01-29 08:46:00,2024-01-29 13:49:00,303,completed,8,46,0,0,1,0,0,1,29,0
1616,UP80NZ7201,car,C13,2024-01-29 08:37:06,2024-01-29 13:33:06,296,completed,8,37,0,0,1,0,0,1,29,0
1617,UP80CC6635,car,C14,2024-01-29 08:26:44,2024-01-29 13:52:44,326,completed,8,26,0,0,1,0,0,1,29,0
1618,UP80QV4978,bike,B3,2024-01-29 08:13:12,2024-01-29 11:48:12,215,completed,8,13,0,0,1,0,0,1,29,1
1619,UP80YX6038,car,C15,2024-01-29 09:00:23,2024-01-29 14:43:23,343,completed,9,0,0,0,1,0,0,1,29,0
1620,UP80VL2040,car,C16,2024-01-29 09:52:55,2024-01-29 16:40:55,408,completed,9,52,0,0,1,0,0,1,29,0
1621,UP80SW1916,bike,B4,2024-01-29 09:41:29,2024-01-29 12:56:29,195,completed,9,41,0,0,1,0,0,1,29,1
1622,UP80PS6511,bike,B5,2024-01-29 11:06:31,2024-01-29 12:46:31,100,completed,11,6,0,0,0,0,0,1,29,1
1623,UP80PS1750,bike,B3,2024-01-29 12:18:54,2024-01-29 13:06:54,48,completed,12,18,0,0,0,1,0,1,29,1
1624,UP80XW2746,bike,B6,2024-01-29 12:22:50,2024-01-29 12:48:50,26,completed,12,22,0,0,0,1,0,1,29,1
1625,UP80FM8517,bike,B1,2024-01-29 12:58:52,2024-01-29 13:57:52,59,completed,12,58,0,0,0,1,0,1,29,1
1626,UP80WW7227,car,C2,2024-01-29 12:14:32,2024-01-29 13:14:32,60,completed,12,14,0,0,0,1,0,1,29,0
1627,UP80UF9486,car,C2,2024-01-29 13:19:53,2024-01-29 14:18:53,59,completed,13,19,0,0,0,1,0,1,29,0
1628,UP80FD2679,bike,B1,2024-01-29 13:58:26,2024-01-29 14:41:26,43,completed,13,58,0,0,0,1,0,1,29,1
1629,UP80NZ1188,bike,B2,2024-01-29 13:09:50,2024-01-29 14:02:50,53,completed,13,9,0,0,0,1,0,1,29,1
1630,UP80QT9270,bike,B3,2024-01-29 13:21:10,2024-01-29 13:47:10,26,completed,13,21,0,0,0,1,0,1,29,1
1631,UP80DJ2127,car,C1,2024-01-29 14:15:35,2024-01-29 15:45:35,90,completed,14,15,0,0,0,0,0,1,29,0
1632,UP80ZQ8251,car,C3,2024-01-29 14:03:51,2024-01-29 15:36:51,93,completed,14,3,0,0,0,0,0,1,29,0
1633,UP80QV8527,car,C5,2024-01-29 14:08:40,2024-01-29 15:39:40,91,completed,14,8,0,0,0,0,0,1,29,0
1634,UP80SJ3547,car,C11,2024-01-29 14:10:27,2024-01-29 16:30:27,140,completed,14,10,0,0,0,0,0,1,29,0
1635,UP80FM8517,bike,B2,2024-01-29 14:32:07,2024-01-29 16:06:07,94,completed,14,32,0,0,0,0,0,1,29,1
1636,UP80QE5010,car,C2,2024-01-29 15:16:53,2024-01-29 16:29:53,73,completed,15,16,0,0,0,0,0,1,29,0
1637,UP80GQ7543,car,C1,2024-01-29 16:13:05,2024-01-29 19:21:05,188,completed,16,13,0,0,0,0,0,1,29,0
1638,UP80SC9797,car,C2,2024-01-29 17:09:01,2024-01-29 18:42:01,93,completed,17,9,0,0,0,0,1,1,29,0
1639,UP80FD2679,bike,B1,2024-01-29 17:58:05,2024-01-29 19:12:05,74,completed,17,58,0,0,0,0,1,1,29,1
1640,UP80SW1916,bike,B2,2024-01-29 17:29:40,2024-01-29 18:30:40,61,completed,17,29,0,0,0,0,1,1,29,1
1641,UP80PS1750,bike,B3,2024-01-29 17:11:15,2024-01-29 18:17:15,66,completed,17,11,0,0,0,0,1,1,29,1
1642,UP80NV3780,car,C3,2024-01-29 17:15:46,2024-01-29 19:20:46,125,completed,17,15,0,0,0,0,1,1,29,0
1643,UP80GR6977,car,C4,2024-01-29 17:49:16,2024-01-29 19:33:16,104,completed,17,49,0,0,0,0,1,1,29,0
1644,UP80FY8260,bike,B4,2024-01-29 17:01:40,2024-01-29 18:22:40,81,completed,17,1,0,0,0,0,1,1,29,1
1645,UP80WX3697,car,C5,2024-01-29 17:07:29,2024-01-29 18:56:29,109,completed,17,7,0,0,0,0,1,1,29,0
1646,UP80VL2040,car,C6,2024-01-29 17:57:11,2024-01-29 19:42:11,105,completed,17,57,0,0,0,0,1,1,29,0
1647,UP80AV5905,car,C2,2024-01-29 18:54:23,2024-01-29 19:57:23,63,completed,18,54,0,0,0,0,1,1,29,0
1648,UP80FN1434,bike,B2,2024-01-29 18:01:26,2024-01-29 19:34:26,93,completed,18,1,0,0,0,0,1,1,29,1
1649,UP80QE5010,car,C7,2024-01-29 18:13:43,2024-01-29 19:21:43,68,completed,18,13,0,0,0,0,1,1,29,0
1650,UP80QV8527,car,C8,2024-01-29 18:10:11,2024-01-29 19:15:11,65,completed,18,10,0,0,0,0,1,1,29,0
1651,UP80SX2424,car,C9,2024-01-29 18:42:36,2024-01-29 20:32:36,110,completed,18,42,0,0,0,0,1,1,29,0
1652,UP80LJ8532,car,C10,2024-01-29 18:22:30,2024-01-29 20:10:30,108,completed,18,22,0,0,0,0,1,1,29,0
1653,UP80WW7227,car,C11,2024-01-29 18:34:00,2024-01-29 20:21:00,107,completed,18,34,0,0,0,0,1,1,29,0
1654,UP80KQ8668,bike,B3,2024-01-29 19:01:34,2024-01-29 20:08:34,67,completed,19,1,0,0,0,0,1,1,29,1
1655,UP80FA6168,bike,B1,2024-01-29 19:48:09,2024-01-29 21:16:09,88,completed,19,48,0,0,0,0,1,1,29,1
1656,UP80SJ3547,car,C1,2024-01-29 19:20:08,2024-01-29 21:03:08,103,completed,19,20,0,0,0,0,1,1,29,0
1657,UP80PT9928,car,C3,2024-01-29 19:17:17,2024-01-29 20:24:17,67,completed,19,17,0,0,0,0,1,1,29,0
1658,UP80MG8956,car,C4,2024-01-29 19:18:29,2024-01-29 21:18:29,120,completed,19,18,0,0,0,0,1,1,29,0
1659,UP80DJ2127,car,C5,2024-01-29 19:27:32,2024-01-29 20:56:32,89,completed,19,27,0,0,0,0,1,1,29,0
1660,UP80DB8784,car,C6,2024-01-29 19:54:56,2024-01-29 21:43:56,109,completed,19,54,0,0,0,0,1,1,29,0
1661,UP80JL7071,car,C7,2024-01-29 19:06:37,2024-01-29 20:15:37,69,completed,19,6,0,0,0,0,1,1,29,0
1662,UP80JZ3266,car,C2,2024-01-29 20:46:31,2024-01-29 23:51:31,185,completed,20,46,0,0,0,0,0,1,29,0
1663,UP80EZ5349,car,C3,2024-01-29 20:27:38,2024-01-29 21:47:38,80,completed,20,27,0,0,0,0,0,1,29,0
1664,UP80FA6168,bike,B2,2024-01-29 20:27:12,2024-01-29 21:18:12,51,completed,20,27,0,0,0,0,0,1,29,1
1665,UP80GB5681,bike,B3,2024-01-29 20:57:40,2024-01-29 22:15:40,78,completed,20,57,0,0,0,0,0,1,29,1
1666,UP80DJ5374,bike,B1,2024-01-29 21:32:16,2024-01-29 22:52:16,80,completed,21,32,0,0,0,0,0,1,29,1
1667,UP80GB1317,car,C1,2024-01-29 21:38:52,2024-01-29 23:32:52,114,completed,21,38,0,0,0,0,0,1,29,0
1668,UP80QV8527,car,C3,2024-01-29 23:11:51,2024-01-30 01:18:51,127,completed,23,11,0,0,0,0,0,1,29,0
1669,UP80FA6168,bike,B1,2024-01-30 00:41:58,2024-01-30 02:06:58,85,completed,0,41,1,0,0,0,0,1,30,1
1670,UP80DH1958,bike,B1,2024-01-30 03:14:03,2024-01-30 04:24:03,70,completed,3,14,1,0,0,0,0,1,30,1
1671,UP80DV5978,car,C1,2024-01-30 06:06:20,2024-01-30 07:43:20,97,completed,6,6,1,0,0,0,0,1,30,0
1672,UP80GL6279,car,C2,2024-01-30 06:12:46,2024-01-30 08:21:46,129,completed,6,12,1,0,0,0,0,1,30,0
1673,UP80RA5506,car,C3,2024-01-30 06:52:57,2024-01-30 10:05:57,193,completed,6,52,1,0,0,0,0,1,30,0
1674,UP80BZ1241,bike,B1,2024-01-30 07:16:56,2024-01-30 10:27:56,191,completed,7,16,1,0,1,0,0,1,30,1
1675,UP80DK4598,car,C4,2024-01-30 07:03:19,2024-01-30 12:22:19,319,completed,7,3,1,0,1,0,0,1,30,0
1676,UP80SJ3547,car,C5,2024-01-30 07:24:17,2024-01-30 11:45:17,261,completed,7,24,1,0,1,0,0,1,30,0
1677,UP80QE5010,car,C6,2024-01-30 07:37:29,2024-01-30 14:41:29,424,completed,7,37,1,0,1,0,0,1,30,0
1678,UP80XW2746,bike,B2,2024-01-30 07:56:54,2024-01-30 10:39:54,163,completed,7,56,1,0,1,0,0,1,30,1
1679,UP80NZ1188,bike,B3,2024-01-30 08:40:28,2024-01-30 11:22:28,162,completed,8,40,1,0,1,0,0,1,30,1
1680,UP80AQ6663,bike,B4,2024-01-30 08:42:31,2024-01-30 12:28:31,226,completed,8,42,1,0,1,0,0,1,30,1
1681,UP80PT9928,car,C1,2024-01-30 08:49:46,2024-01-30 14:44:46,355,completed,8,49,1,0,1,0,0,1,30,0
1682,UP80RU2307,car,C2,2024-01-30 08:05:22,2024-01-30 14:55:22,410,completed,8,5,1,0,1,0,0,1,30,0
1683,UP80QZ9666,bike,B5,2024-01-30 09:42:41,2024-01-30 13:33:41,231,completed,9,42,1,0,1,0,0,1,30,1
1684,UP80BH6925,bike,B6,2024-01-30 09:31:03,2024-01-30 13:08:03,217,completed,9,31,1,0,1,0,0,1,30,1
1685,UP80VL2040,car,C7,2024-01-30 09:29:52,2024-01-30 16:01:52,392,completed,9,29,1,0,1,0,0,1,30,0
1686,UP80QE5010,car,C8,2024-01-30 09:37:48,2024-01-30 16:02:48,385,completed,9,37,1,0,1,0,0,1,30,0
1687,UP80CF4986,bike,B7,2024-01-30 09:48:19,2024-01-30 14:28:19,280,completed,9,48,1,0,1,0,0,1,30,1
1688,UP80FA6168,bike,B8,2024-01-30 09:58:08,2024-01-30 14:56:08,298,completed,9,58,1,0,1,0,0,1,30,1
1689,UP80RD8564,car,C9,2024-01-30 09:24:28,2024-01-30 15:41:28,377,completed,9,24,1,0,1,0,0,1,30,0
1690,UP80SS2169,bike,B9,2024-01-30 09:04:17,2024-01-30 14:02:17,298,completed,9,4,1,0,1,0,0,1,30,1
1691,UP80FU2674,car,C3,2024-01-30 10:55:36,2024-01-30 12:36:36,101,completed,10,55,1,0,0,0,0,1,30,0
1692,UP80NC1771,car,C10,2024-01-30 10:07:15,2024-01-30 12:11:15,124,completed,10,7,1,0,0,0,0,1,30,0
1693,UP80NZ1188,bike,B1,2024-01-30 10:11:17,2024-01-30 11:07:17,56,completed,10,11,1,0,0,0,0,1,30,1
1694,UP80GQ7543,car,C5,2024-01-30 11:59:35,2024-01-30 14:08:35,129,completed,11,59,1,0,0,0,0,1,30,0
1695,UP80GQ7543,car,C11,2024-01-30 11:13:09,2024-01-30 12:59:09,106,completed,11,13,1,0,0,0,0,1,30,0
1696,UP80KB6155,car,C12,2024-01-30 11:17:23,2024-01-30 13:16:23,119,completed,11,17,1,0,0,0,0,1,30,0
1697,UP80DJ5374,bike,B1,2024-01-30 11:46:59,2024-01-30 13:06:59,80,completed,11,46,1,0,0,0,0,1,30,1
1698,UP80NZ1188,bike,B2,2024-01-30 11:17:33,2024-01-30 12:46:33,89,completed,11,17,1,0,0,0,0,1,30,1
1699,UP80RU2307,car,C4,2024-01-30 12:27:06,2024-01-30 13:40:06,73,completed,12,27,1,0,0,1,0,1,30,0
1700,UP80GR6977,car,C10,2024-01-30 12:03:57,2024-01-30 12:59:57,56,completed,12,3,1,0,0,1,0,1,30,0
1701,UP80GR6977,car,C3,2024-01-30 13:15:04,2024-01-30 14:19:04,64,completed,13,15,1,0,0,1,0,1,30,0
1702,UP80LL5557,car,C4,2024-01-30 13:45:25,2024-01-30 15:12:25,87,completed,13,45,1,0,0,1,0,1,30,0
1703,UP80AN5494,bike,B1,2024-01-30 13:14:46,2024-01-30 13:57:46,43,completed,13,14,1,0,0,1,0,1,30,1
1704,UP80DJ5374,bike,B2,2024-01-30 13:50:13,2024-01-30 14:45:13,55,completed,13,50,1,0,0,1,0,1,30,1
1705,UP80RA5506,car,C10,2024-01-30 13:45:38,2024-01-30 15:04:38,79,completed,13,45,1,0,0,1,0,1,30,0
1706,UP80SS2169,bike,B1,2024-01-30 14:44:39,2024-01-30 16:15:39,91,completed,14,44,1,0,0,0,0,1,30,1
1707,UP80CC6635,car,C1,2024-01-30 14:54:58,2024-01-30 16:47:58,113,completed,14,54,1,0,0,0,0,1,30,0
1708,UP80PP6138,bike,B2,2024-01-30 14:11:21,2024-01-30 15:34:21,83,completed,14,11,1,0,0,0,0,1,30,1
1709,UP80DK4598,car,C2,2024-01-30 15:00:42,2024-01-30 18:47:42,227,completed,15,0,1,0,0,0,0,1,30,0
1710,UP80RA5506,car,C3,2024-01-30 15:56:04,2024-01-30 18:10:04,134,completed,15,56,1,0,0,0,0,1,30,0
1711,UP80VP1672,car,C4,2024-01-30 16:38:22,2024-01-30 19:59:22,201,completed,16,38,1,0,0,0,0,1,30,0
1712,UP80FD2679,bike,B1,2024-01-30 16:30:07,2024-01-30 17:45:07,75,completed,16,30,1,0,0,0,0,1,30,1
1713,UP80NG1832,bike,B2,2024-01-30 16:36:43,2024-01-30 17:36:43,60,completed,16,36,1,0,0,0,0,1,30,1
1714,UP80SS2169,bike,B3,2024-01-30 16:09:49,2024-01-30 17:21:49,72,completed,16,9,1,0,0,0,0,1,30,1
1715,UP80VL2040,car,C1,2024-01-30 16:51:47,2024-01-30 18:39:47,108,completed,16,51,1,0,0,0,0,1,30,0
1716,UP80FA6168,bike,B4,2024-01-30 17:16:42,2024-01-30 17:21:42,5,completed,17,16,1,0,0,0,1,1,30,1
1717,UP80FR7528,car,C5,2024-01-30 17:29:00,2024-01-30 18:43:00,74,completed,17,29,1,0,0,0,1,1,30,0
1718,UP80WV2729,bike,B1,2024-01-30 17:49:42,2024-01-30 18:12:42,23,completed,17,49,1,0,0,0,1,1,30,1
1719,UP80NZ1188,bike,B2,2024-01-30 17:30:07,2024-01-30 18:44:07,74,completed,17,30,1,0,0,0,1,1,30,1
1720,UP80FU2674,car,C6,2024-01-30 17:26:54,2024-01-30 18:49:54,83,completed,17,26,1,0,0,0,1,1,30,0
1721,UP80CL8433,car,C3,2024-01-30 18:22:31,2024-01-30 19:47:31,85,completed,18,22,1,0,0,0,1,1,30,0
1722,UP80DJ2127,car,C7,2024-01-30 18:23:13,2024-01-30 18:32:13,9,completed,18,23,1,0,0,0,1,1,30,0
1723,UP80GR6977,car,C1,2024-01-30 18:58:24,2024-01-30 21:00:24,122,completed,18,58,1,0,0,0,1,1,30,0
1724,UP80NZ1188,bike,B1,2024-01-30 18:57:58,2024-01-30 19:45:58,48,completed,18,57,1,0,0,0,1,1,30,1
1725,UP80TH6067,bike,B2,2024-01-30 18:11:16,2024-01-30 19:44:16,93,completed,18,11,1,0,0,0,1,1,30,1
1726,UP80SX2424,car,C2,2024-01-30 18:26:17,2024-01-30 19:36:17,70,completed,18,26,1,0,0,0,1,1,30,0
1727,UP80UM5397,car,C2,2024-01-30 19:37:33,2024-01-30 21:45:33,128,completed,19,37,1,0,0,0,1,1,30,0
1728,UP80GU2771,car,C3,2024-01-30 20:36:50,2024-01-30 23:25:50,169,completed,20,36,1,0,0,0,0,1,30,0
1729,UP80FU2674,car,C1,2024-01-30 21:07:00,2024-01-30 22:44:00,97,completed,21,7,1,0,0,0,0,1,30,0
1730,UP80CC6635,car,C2,2024-01-30 22:18:39,2024-01-31 00:22:39,124,completed,22,18,1,0,0,0,0,1,30,0
1731,UP80UU6573,car,C1,2024-01-31 00:26:29,2024-01-31 03:33:29,187,completed,0,26,2,0,0,0,0,1,31,0
1732,UP80SS2169,bike,B1,2024-01-31 07:05:48,2024-01-31 11:21:48,256,completed,7,5,2,0,1,0,0,1,31,1
1733,UP80FA6168,bike,B2,2024-01-31 07:50:15,2024-01-31 12:42:15,292,completed,7,50,2,0,1,0,0,1,31,1
1734,UP80FM8517,bike,B3,2024-01-31 07:36:56,2024-01-31 12:29:56,293,completed,7,36,2,0,1,0,0,1,31,1
1735,UP80NC1771,car,C1,2024-01-31 08:08:25,2024-01-31 14:51:25,403,completed,8,8,2,0,1,0,0,1,31,0
1736,UP80QA2535,bike,B4,2024-01-31 08:29:53,2024-01-31 10:34:53,125,completed,8,29,2,0,1,0,0,1,31,1
1737,UP80VW2604,bike,B5,2024-01-31 08:17:53,2024-01-31 12:03:53,226,completed,8,17,2,0,1,0,0,1,31,1
1738,UP80DK4598,car,C2,2024-01-31 08:18:36,2024-01-31 14:41:36,383,completed,8,18,2,0,1,0,0,1,31,0
1739,UP80AT5315,car,C3,2024-01-31 08:55:03,2024-01-31 14:10:03,315,completed,8,55,2,0,1,0,0,1,31,0
1740,UP80FU2674,car,C4,2024-01-31 08:03:44,2024-01-31 12:35:44,272,completed,8,3,2,0,1,0,0,1,31,0
1741,UP80LY8973,car,C5,2024-01-31 09:35:47,2024-01-31 15:49:47,374,completed,9,35,2,0,1,0,0,1,31,0
1742,UP80SS2169,bike,B6,2024-01-31 09:54:09,2024-01-31 15:22:09,328,completed,9,54,2,0,1,0,0,1,31,1
1743,UP80VL2040,car,C6,2024-01-31 09:46:59,2024-01-31 15:17:59,331,completed,9,46,2,0,1,0,0,1,31,0
1744,UP80VA3615,car,C7,2024-01-31 09:04:00,2024-01-31 14:35:00,331,completed,9,4,2,0,1,0,0,1,31,0
1745,UP80LL5557,car,C8,2024-01-31 09:33:06,2024-01-31 13:41:06,248,completed,9,33,2,0,1,0,0,1,31,0
1746,UP80VA3615,car,C9,2024-01-31 10:28:25,2024-01-31 12:40:25,132,completed,10,28,2,0,0,0,0,1,31,0
1747,UP80QV8527,car,C10,2024-01-31 10:19:25,2024-01-31 12:51:25,152,completed,10,19,2,0,0,0,0,1,31,0
1748,UP80TZ9595,car,C11,2024-01-31 10:34:16,2024-01-31 11:24:16,50,completed,10,34,2,0,0,0,0,1,31,0
1749,UP80VA3615,car,C11,2024-01-31 11:28:54,2024-01-31 12:36:54,68,completed,11,28,2,0,0,0,0,1,31,0
1750,UP80HP8753,bike,B1,2024-01-31 12:11:09,2024-01-31 13:04:09,53,completed,12,11,2,0,0,1,0,1,31,1
1751,UP80SC9797,car,C12,2024-01-31 12:15:10,2024-01-31 13:22:10,67,completed,12,15,2,0,0,1,0,1,31,0
1752,UP80AT5315,car,C13,2024-01-31 12:18:42,2024-01-31 13:39:42,81,completed,12,18,2,0,0,1,0,1,31,0
1753,UP80FM8517,bike,B3,2024-01-31 12:31:23,2024-01-31 12:55:23,24,completed,12,31,2,0,0,1,0,1,31,1
1754,UP80BQ9238,car,C14,2024-01-31 12:29:26,2024-01-31 13:52:26,83,completed,12,29,2,0,0,1,0,1,31,0
1755,UP80CL8433,car,C4,2024-01-31 13:01:18,2024-01-31 13:40:18,39,completed,13,1,2,0,0,1,0,1,31,0
1756,UP80XW5889,car,C9,2024-01-31 13:02:41,2024-01-31 14:18:41,76,completed,13,2,2,0,0,1,0,1,31,0
1757,UP80SH5844,car,C10,2024-01-31 13:28:02,2024-01-31 14:49:02,81,completed,13,28,2,0,0,1,0,1,31,0
1758,UP80CC6635,car,C4,2024-01-31 13:46:29,2024-01-31 14:40:29,54,completed,13,46,2,0,0,1,0,1,31,0
1759,UP80TW3091,car,C8,2024-01-31 13:22:32,2024-01-31 14:32:32,70,completed,13,22,2,0,0,1,0,1,31,0
1760,UP80QV8527,car,C11,2024-01-31 13:33:24,2024-01-31 15:14:24,101,completed,13,33,2,0,0,1,0,1,31,0
1761,UP80CL8433,car,C3,2024-01-31 14:41:09,2024-01-31 16:07:09,86,completed,14,41,2,0,0,0,0,1,31,0
1762,UP80SS2169,bike,B1,2024-01-31 14:50:08,2024-01-31 16:38:08,108,completed,14,50,2,0,0,0,0,1,31,1
1763,UP80WD3621,bike,B2,2024-01-31 14:59:25,2024-01-31 15:53:25,54,completed,14,59,2,0,0,0,0,1,31,1
1764,UP80KQ8668,bike,B3,2024-01-31 14:42:11,2024-01-31 16:16:11,94,completed,14,42,2,0,0,0,0,1,31,1
1765,UP80SJ3547,car,C1,2024-01-31 15:49:42,2024-01-31 17:31:42,102,completed,15,49,2,0,0,0,0,1,31,0
1766,UP80FM8517,bike,B2,2024-01-31 16:37:22,2024-01-31 17:20:22,43,completed,16,37,2,0,0,0,0,1,31,1
1767,UP80CC6635,car,C2,2024-01-31 16:04:02,2024-01-31 18:10:02,126,completed,16,4,2,0,0,0,0,1,31,0
1768,UP80QE5010,car,C1,2024-01-31 17:31:59,2024-01-31 19:45:59,134,completed,17,31,2,0,0,0,1,1,31,0
1769,UP80QU4697,car,C3,2024-01-31 17:48:14,2024-01-31 19:22:14,94,completed,17,48,2,0,0,0,1,1,31,0
1770,UP80CY4848,car,C4,2024-01-31 17:56:11,2024-01-31 19:12:11,76,completed,17,56,2,0,0,0,1,1,31,0
1771,UP80AS1964,car,C2,2024-01-31 18:48:26,2024-01-31 20:06:26,78,completed,18,48,2,0,0,0,1,1,31,0
1772,UP80FA6168,bike,B1,2024-01-31 18:54:47,2024-01-31 20:01:47,67,completed,18,54,2,0,0,0,1,1,31,1
1773,UP80HG6147,car,C5,2024-01-31 18:38:40,2024-01-31 19:47:40,69,completed,18,38,2,0,0,0,1,1,31,0
1774,UP80KT2245,car,C6,2024-01-31 18:24:08,2024-01-31 20:35:08,131,completed,18,24,2,0,0,0,1,1,31,0
1775,UP80VL2040,car,C7,2024-01-31 18:35:12,2024-01-31 19:42:12,67,completed,18,35,2,0,0,0,1,1,31,0
1776,UP80NZ1188,bike,B2,2024-01-31 18:12:47,2024-01-31 19:34:47,82,completed,18,12,2,0,0,0,1,1,31,1
1777,UP80AT5315,car,C1,2024-01-31 19:51:50,2024-01-31 22:36:50,165,completed,19,51,2,0,0,0,1,1,31,0
1778,UP80SJ3547,car,C3,2024-01-31 19:06:13,2024-01-31 20:47:13,101,completed,19,6,2,0,0,0,1,1,31,0
1779,UP80DD9830,car,C4,2024-01-31 19:57:00,2024-01-31 20:32:00,35,completed,19,57,2,0,0,0,1,1,31,0
1780,UP80NZ1188,bike,B2,2024-01-31 19:21:11,2024-01-31 20:15:11,54,completed,19,21,2,0,0,0,1,1,31,1
1781,UP80KT2245,car,C5,2024-01-31 19:31:12,2024-01-31 21:17:12,106,completed,19,31,2,0,0,0,1,1,31,0
1782,UP80DH1958,bike,B3,2024-01-31 19:22:39,2024-01-31 20:10:39,48,completed,19,22,2,0,0,0,1,1,31,1
1783,UP80KB6155,car,C2,2024-01-31 20:51:04,2024-01-31 23:27:04,156,completed,20,51,2,0,0,0,0,1,31,0
1784,UP80LL5557,car,C3,2024-01-31 20:08:50,2024-01-31 21:31:50,83,completed,20,8,2,0,0,0,0,1,31,0
1785,UP80ZU9317,car,C4,2024-01-31 20:07:31,2024-01-31 21:58:31,111,completed,20,7,2,0,0,0,0,1,31,0
1786,UP80PW3426,car,C6,2024-01-31 20:52:18,2024-01-31 22:49:18,117,completed,20,52,2,0,0,0,0,1,31,0
1787,UP80CC6635,car,C7,2024-01-31 20:24:45,2024-01-31 22:39:45,135,completed,20,24,2,0,0,0,0,1,31,0
1788,UP80UM5397,car,C3,2024-01-31 21:36:15,2024-01-31 23:32:15,116,completed,21,36,2,0,0,0,0,1,31,0
1789,UP80QA2535,bike,B1,2024-01-31 21:32:19,2024-01-31 21:56:19,24,completed,21,32,2,0,0,0,0,1,31,1
1790,UP80WD3621,bike,B1,2024-02-01 06:18:08,2024-02-01 07:17:08,59,completed,6,18,3,0,0,0,0,2,1,1
1791,UP80FN1434,bike,B2,2024-02-01 06:42:07,2024-02-01 07:56:07,74,completed,6,42,3,0,0,0,0,2,1,1
1792,UP80PE7211,car,C1,2024-02-01 07:31:45,2024-02-01 14:46:45,435,completed,7,31,3,0,1,0,0,2,1,0
1793,UP80LU5543,car,C2,2024-02-01 07:57:58,2024-02-01 13:24:58,327,completed,7,57,3,0,1,0,0,2,1,0
1794,UP80RU2307,car,C3,2024-02-01 07:49:35,2024-02-01 11:29:35,220,completed,7,49,3,0,1,0,0,2,1,0
1795,UP80SC9797,car,C4,2024-02-01 07:33:57,2024-02-01 13:13:57,340,completed,7,33,3,0,1,0,0,2,1,0
1796,UP80PS6511,bike,B1,2024-02-01 07:57:26,2024-02-01 11:56:26,239,completed,7,57,3,0,1,0,0,2,1,1
1797,UP80SJ3547,car,C5,2024-02-01 07:31:17,2024-02-01 14:10:17,399,completed,7,31,3,0,1,0,0,2,1,0
1798,UP80VA3615,car,C6,2024-02-01 07:19:47,2024-02-01 12:17:47,298,completed,7,19,3,0,1,0,0,2,1,0
1799,UP80PP6138,bike,B2,2024-02-01 07:23:46,2024-02-01 12:05:46,282,completed,7,23,3,0,1,0,0,2,1,1
1800,UP80ZY4872,car,C7,2024-02-01 07:28:41,2024-02-01 13:37:41,369,completed,7,28,3,0,1,0,0,2,1,0
1801,UP80ZT4878,bike,B3,2024-02-01 07:01:31,2024-02-01 10:50:31,229,completed,7,1,3,0,1,0,0,2,1,1
1802,UP80XW5889,car,C8,2024-02-01 08:52:05,2024-02-01 15:50:05,418,completed,8,52,3,0,1,0,0,2,1,0
1803,UP80KB6155,car,C9,2024-02-01 08:24:31,2024-02-01 14:10:31,346,completed,8,24,3,0,1,0,0,2,1,0
1804,UP80GQ7543,car,C10,2024-02-01 08:13:24,2024-02-01 14:24:24,371,completed,8,13,3,0,1,0,0,2,1,0
1805,UP80SX2424,car,C11,2024-02-01 08:34:03,2024-02-01 13:40:03,306,completed,8,34,3,0,1,0,0,2,1,0
1806,UP80DK4598,car,C12,2024-02-01 09:01:58,2024-02-01 14:46:58,345,completed,9,1,3,0,1,0,0,2,1,0
1807,UP80GB4929,car,C13,2024-02-01 09:59:53,2024-02-01 14:34:53,275,completed,9,59,3,0,1,0,0,2,1,0
1808,UP80LX8305,car,C14,2024-02-01 09:21:46,2024-02-01 14:26:46,305,completed,9,21,3,0,1,0,0,2,1,0
1809,UP80UK8253,car,C15,2024-02-01 09:55:27,2024-02-01 15:56:27,361,completed,9,55,3,0,1,0,0,2,1,0
1810,UP80ET5530,car,C16,2024-02-01 09:35:24,2024-02-01 13:46:24,251,completed,9,35,3,0,1,0,0,2,1,0
1811,UP80TB6733,bike,B4,2024-02-01 09:18:54,2024-02-01 12:01:54,163,completed,9,18,3,0,1,0,0,2,1,1
1812,UP80BJ3143,bike,B5,2024-02-01 10:24:29,2024-02-01 11:46:29,82,completed,10,24,3,0,0,0,0,2,1,1
1813,UP80ZG9817,car,C3,2024-02-01 12:50:41,2024-02-01 14:07:41,77,completed,12,50,3,0,0,1,0,2,1,0
1814,UP80FK5915,car,C6,2024-02-01 12:42:20,2024-02-01 13:43:20,61,completed,12,42,3,0,0,1,0,2,1,0
1815,UP80RA5506,car,C2,2024-02-01 13:28:29,2024-02-01 13:37:29,9,completed,13,28,3,0,0,1,0,2,1,0
1816,UP80GX3546,car,C4,2024-02-01 13:30:40,2024-02-01 14:40:40,70,completed,13,30,3,0,0,1,0,2,1,0
1817,UP80PS1750,bike,B1,2024-02-01 13:16:55,2024-02-01 13:55:55,39,completed,13,16,3,0,0,1,0,2,1,1
1818,UP80VA3615,car,C2,2024-02-01 14:39:41,2024-02-01 16:22:41,103,completed,14,39,3,0,0,0,0,2,1,0
1819,UP80KQ8668,bike,B1,2024-02-01 15:41:02,2024-02-01 17:17:02,96,completed,15,41,3,0,0,0,0,2,1,1
1820,UP80AS1964,car,C1,2024-02-01 15:02:35,2024-02-01 16:21:35,79,completed,15,2,3,0,0,0,0,2,1,0
1821,UP80YX6038,car,C1,2024-02-01 16:45:16,2024-02-01 18:10:16,85,completed,16,45,3,0,0,0,0,2,1,0
1822,UP80LJ8532,car,C2,2024-02-01 16:22:34,2024-02-01 17:10:34,48,completed,16,22,3,0,0,0,0,2,1,0
1823,UP80KQ8668,bike,B2,2024-02-01 16:15:22,2024-02-01 17:01:22,46,completed,16,15,3,0,0,0,0,2,1,1
1824,UP80FA6168,bike,B3,2024-02-01 16:15:13,2024-02-01 17:40:13,85,completed,16,15,3,0,0,0,0,2,1,1
1825,UP80FN1434,bike,B4,2024-02-01 16:53:52,2024-02-01 17:35:52,42,completed,16,53,3,0,0,0,0,2,1,1
1826,UP80FA6168,bike,B2,2024-02-01 17:09:01,2024-02-01 17:44:01,35,completed,17,9,3,0,0,0,1,2,1,1
1827,UP80ML4501,bike,B1,2024-02-01 17:21:26,2024-02-01 17:29:26,8,completed,17,21,3,0,0,0,1,2,1,1
1828,UP80SX2424,car,C2,2024-02-01 17:39:01,2024-02-01 19:23:01,104,completed,17,39,3,0,0,0,1,2,1,0
1829,UP80AT5315,car,C3,2024-02-01 17:18:59,2024-02-01 19:28:59,130,completed,17,18,3,0,0,0,1,2,1,0
1830,UP80KQ8668,bike,B1,2024-02-01 17:51:20,2024-02-01 19:11:20,80,completed,17,51,3,0,0,0,1,2,1,1
1831,UP80GX3546,car,C4,2024-02-01 17:50:37,2024-02-01 18:51:37,61,completed,17,50,3,0,0,0,1,2,1,0
1832,UP80PT9928,car,C5,2024-02-01 17:42:46,2024-02-01 19:39:46,117,completed,17,42,3,0,0,0,1,2,1,0
1833,UP80CA6111,bike,B2,2024-02-01 18:04:59,2024-02-01 18:46:59,42,completed,18,4,3,0,0,0,1,2,1,1
1834,UP80VA3615,car,C1,2024-02-01 18:35:46,2024-02-01 20:04:46,89,completed,18,35,3,0,0,0,1,2,1,0
1835,UP80QA2535,bike,B2,2024-02-01 18:54:56,2024-02-01 19:40:56,46,completed,18,54,3,0,0,0,1,2,1,1
1836,UP80NZ7201,car,C4,2024-02-01 18:33:28,2024-02-01 19:35:28,62,completed,18,33,3,0,0,0,1,2,1,0
1837,UP80RU2307,car,C6,2024-02-01 18:53:36,2024-02-01 19:57:36,64,completed,18,53,3,0,0,0,1,2,1,0
1838,UP80VA3615,car,C7,2024-02-01 18:23:14,2024-02-01 20:40:14,137,completed,18,23,3,0,0,0,1,2,1,0
1839,UP80DD9830,car,C8,2024-02-01 18:44:15,2024-02-01 19:55:15,71,completed,18,44,3,0,0,0,1,2,1,0
1840,UP80CF4986,bike,B3,2024-02-01 18:32:04,2024-02-01 20:04:04,92,completed,18,32,3,0,0,0,1,2,1,1
1841,UP80DD9830,car,C9,2024-02-01 18:30:38,2024-02-01 20:07:38,97,completed,18,30,3,0,0,0,1,2,1,0
1842,UP80DD9830,car,C10,2024-02-01 18:08:59,2024-02-01 20:33:59,145,completed,18,8,3,0,0,0,1,2,1,0
1843,UP80ZU9317,car,C11,2024-02-01 18:43:37,2024-02-01 20:11:37,88,completed,18,43,3,0,0,0,1,2,1,0
1844,UP80DD9830,car,C12,2024-02-01 19:20:07,2024-02-01 21:14:07,114,completed,19,20,3,0,0,0,1,2,1,0
1845,UP80NZ7201,car,C2,2024-02-01 19:32:09,2024-02-01 21:51:09,139,completed,19,32,3,0,0,0,1,2,1,0
1846,UP80WW7227,car,C3,2024-02-01 19:00:10,2024-02-01 19:53:10,53,completed,19,0,3,0,0,0,1,2,1,0
1847,UP80KE7883,car,C4,2024-02-01 19:48:35,2024-02-01 21:17:35,89,completed,19,48,3,0,0,0,1,2,1,0
1848,UP80CC6635,car,C5,2024-02-01 19:02:53,2024-02-01 20:16:53,74,completed,19,2,3,0,0,0,1,2,1,0
1849,UP80NZ1188,bike,B1,2024-02-01 20:04:08,2024-02-01 22:06:08,122,completed,20,4,3,0,0,0,0,2,1,1
1850,UP80UU6573,car,C1,2024-02-01 20:22:08,2024-02-01 21:39:08,77,completed,20,22,3,0,0,0,0,2,1,0
1851,UP80DK4598,car,C3,2024-02-01 20:15:45,2024-02-01 23:23:45,188,completed,20,15,3,0,0,0,0,2,1,0
1852,UP80SX2424,car,C5,2024-02-01 20:37:38,2024-02-01 21:45:38,68,completed,20,37,3,0,0,0,0,2,1,0
1853,UP80UN4919,bike,B2,2024-02-01 20:04:47,2024-02-01 21:48:47,104,completed,20,4,3,0,0,0,0,2,1,1
1854,UP80WD3621,bike,B3,2024-02-01 21:47:53,2024-02-01 22:43:53,56,completed,21,47,3,0,0,0,0,2,1,1
1855,UP80DV5978,car,C1,2024-02-01 21:44:08,2024-02-01 23:52:08,128,completed,21,44,3,0,0,0,0,2,1,0
1856,UP80RA5506,car,C2,2024-02-01 22:59:32,2024-02-01 23:30:32,31,completed,22,59,3,0,0,0,0,2,1,0
1857,UP80NC1771,car,C4,2024-02-01 22:37:37,2024-02-02 00:05:37,88,completed,22,37,3,0,0,0,0,2,1,0
1858,UP80LL5557,car,C5,2024-02-01 22:32:46,2024-02-02 01:01:46,149,completed,22,32,3,0,0,0,0,2,1,0
1859,UP80XA6442,car,C1,2024-02-02 01:16:05,2024-02-02 03:13:05,117,completed,1,16,4,0,0,0,0,2,2,0
1860,UP80PS1750,bike,B1,2024-02-02 06:22:51,2024-02-02 07:24:51,62,completed,6,22,4,0,0,0,0,2,2,1
1861,UP80KQ8668,bike,B2,2024-02-02 06:46:04,2024-02-02 07:46:04,60,completed,6,46,4,0,0,0,0,2,2,1
1862,UP80FN1434,bike,B1,2024-02-02 08:47:32,2024-02-02 13:43:32,296,completed,8,47,4,0,1,0,0,2,2,1
1863,UP80SX2424,car,C1,2024-02-02 08:45:44,2024-02-02 12:37:44,232,completed,8,45,4,0,1,0,0,2,2,0
1864,UP80UU6573,car,C2,2024-02-02 08:50:33,2024-02-02 15:46:33,416,completed,8,50,4,0,1,0,0,2,2,0
1865,UP80GW7932,bike,B2,2024-02-02 08:42:53,2024-02-02 14:02:53,320,completed,8,42,4,0,1,0,0,2,2,1
1866,UP80PS1750,bike,B3,2024-02-02 08:15:08,2024-02-02 11:48:08,213,completed,8,15,4,0,1,0,0,2,2,1
1867,UP80FU2674,car,C3,2024-02-02 09:43:12,2024-02-02 15:04:12,321,completed,9,43,4,0,1,0,0,2,2,0
1868,UP80PT9928,car,C4,2024-02-02 09:31:18,2024-02-02 15:34:18,363,completed,9,31,4,0,1,0,0,2,2,0
1869,UP80YC3200,bike,B4,2024-02-02 09:33:54,2024-02-02 13:55:54,262,completed,9,33,4,0,1,0,0,2,2,1
1870,UP80QV8527,car,C5,2024-02-02 09:35:39,2024-02-02 15:35:39,360,completed,9,35,4,0,1,0,0,2,2,0
1871,UP80XW5889,car,C6,2024-02-02 10:02:26,2024-02-02 11:23:26,81,completed,10,2,4,0,0,0,0,2,2,0
1872,UP80QV8527,car,C7,2024-02-02 10:40:22,2024-02-02 13:16:22,156,completed,10,40,4,0,0,0,0,2,2,0
1873,UP80KA8711,car,C8,2024-02-02 10:56:19,2024-02-02 12:33:19,97,completed,10,56,4,0,0,0,0,2,2,0
1874,UP80SC9797,car,C9,2024-02-02 10:40:25,2024-02-02 11:59:25,79,completed,10,40,4,0,0,0,0,2,2,0
1875,UP80VA3615,car,C10,2024-02-02 10:30:18,2024-02-02 13:52:18,202,completed,10,30,4,0,0,0,0,2,2,0
1876,UP80JZ3266,car,C6,2024-02-02 11:48:18,2024-02-02 13:28:18,100,completed,11,48,4,0,0,0,0,2,2,0
1877,UP80VA3615,car,C11,2024-02-02 11:20:15,2024-02-02 14:04:15,164,completed,11,20,4,0,0,0,0,2,2,0
1878,UP80FM8517,bike,B3,2024-02-02 12:42:07,2024-02-02 14:00:07,78,completed,12,42,4,0,0,1,0,2,2,1
1879,UP80MY5892,car,C1,2024-02-02 13:45:08,2024-02-02 15:06:08,81,completed,13,45,4,0,0,1,0,2,2,0
1880,UP80FD2679,bike,B1,2024-02-02 13:38:26,2024-02-02 13:57:26,19,completed,13,38,4,0,0,1,0,2,2,1
1881,UP80DD9830,car,C6,2024-02-02 13:18:17,2024-02-02 14:49:17,91,completed,13,18,4,0,0,1,0,2,2,0
1882,UP80FM8517,bike,B5,2024-02-02 13:16:43,2024-02-02 14:10:43,54,completed,13,16,4,0,0,1,0,2,2,1
1883,UP80WW7227,car,C1,2024-02-02 15:51:28,2024-02-02 18:17:28,146,completed,15,51,4,0,0,0,0,2,2,0
1884,UP80SX2424,car,C2,2024-02-02 15:46:14,2024-02-02 17:29:14,103,completed,15,46,4,0,0,0,0,2,2,0
1885,UP80CL8433,car,C3,2024-02-02 15:19:28,2024-02-02 17:54:28,155,completed,15,19,4,0,0,0,0,2,2,0
1886,UP80XW5889,car,C4,2024-02-02 16:49:40,2024-02-02 18:14:40,85,completed,16,49,4,0,0,0,0,2,2,0
1887,UP80SC9797,car,C5,2024-02-02 16:39:21,2024-02-02 19:42:21,183,completed,16,39,4,0,0,0,0,2,2,0
1888,UP80DK4598,car,C6,2024-02-02 16:51:24,2024-02-02 18:58:24,127,completed,16,51,4,0,0,0,0,2,2,0
1889,UP80MG7043,car,C7,2024-02-02 16:58:22,2024-02-02 19:09:22,131,completed,16,58,4,0,0,0,0,2,2,0
1890,UP80CC6635,car,C8,2024-02-02 17:13:23,2024-02-02 18:46:23,93,completed,17,13,4,0,0,0,1,2,2,0
1891,UP80PS1750,bike,B1,2024-02-02 17:53:34,2024-02-02 19:04:34,71,completed,17,53,4,0,0,0,1,2,2,1
1892,UP80UU6573,car,C1,2024-02-02 18:23:21,2024-02-02 20:10:21,107,completed,18,23,4,0,0,0,1,2,2,0
1893,UP80GW7932,bike,B2,2024-02-02 18:46:15,2024-02-02 20:24:15,98,completed,18,46,4,0,0,0,1,2,2,1
1894,UP80VL2040,car,C2,2024-02-02 18:33:06,2024-02-02 19:21:06,48,completed,18,33,4,0,0,0,1,2,2,0
1895,UP80FD2679,bike,B3,2024-02-02 18:02:10,2024-02-02 19:22:10,80,completed,18,2,4,0,0,0,1,2,2,1
1896,UP80VA3615,car,C3,2024-02-02 18:15:02,2024-02-02 20:36:02,141,completed,18,15,4,0,0,0,1,2,2,0
1897,UP80FM8517,bike,B4,2024-02-02 18:52:50,2024-02-02 20:34:50,102,completed,18,52,4,0,0,0,1,2,2,1
1898,UP80FN1434,bike,B5,2024-02-02 18:17:55,2024-02-02 20:02:55,105,completed,18,17,4,0,0,0,1,2,2,1
1899,UP80QU4697,car,C2,2024-02-02 19:32:46,2024-02-02 20:57:46,85,completed,19,32,4,0,0,0,1,2,2,0
1900,UP80FU2674,car,C4,2024-02-02 19:53:34,2024-02-02 21:25:34,92,completed,19,53,4,0,0,0,1,2,2,0
1901,UP80FM8517,bike,B1,2024-02-02 19:06:47,2024-02-02 20:32:47,86,completed,19,6,4,0,0,0,1,2,2,1
1902,UP80KQ8668,bike,B3,2024-02-02 19:19:50,2024-02-02 21:06:50,107,completed,19,19,4,0,0,0,1,2,2,1
1903,UP80NC1771,car,C5,2024-02-02 19:47:01,2024-02-02 21:23:01,96,completed,19,47,4,0,0,0,1,2,2,0
1904,UP80DJ5374,bike,B6,2024-02-02 19:41:36,2024-02-02 21:14:36,93,completed,19,41,4,0,0,0,1,2,2,1
1905,UP80DD9830,car,C6,2024-02-02 19:27:05,2024-02-02 20:25:05,58,completed,19,27,4,0,0,0,1,2,2,0
1906,UP80RU2307,car,C1,2024-02-02 20:58:44,2024-02-02 22:40:44,102,completed,20,58,4,0,0,0,0,2,2,0
1907,UP80CF7818,bike,B1,2024-02-02 20:24:01,2024-02-02 21:20:01,56,completed,20,24,4,0,0,0,0,2,2,1
1908,UP80PS1750,bike,B2,2024-02-02 20:34:45,2024-02-02 22:03:45,89,completed,20,34,4,0,0,0,0,2,2,1
1909,UP80PS1750,bike,B4,2024-02-02 20:36:01,2024-02-02 21:24:01,48,completed,20,36,4,0,0,0,0,2,2,1
1910,UP80FU2674,car,C2,2024-02-02 21:06:41,2024-02-02 23:20:41,134,completed,21,6,4,0,0,0,0,2,2,0
1911,UP80FE8350,car,C1,2024-02-02 22:51:40,2024-02-03 00:25:40,94,completed,22,51,4,0,0,0,0,2,2,0
1912,UP80FU2674,car,C3,2024-02-02 22:31:37,2024-02-03 00:20:37,109,completed,22,31,4,0,0,0,0,2,2,0
1913,UP80FU2674,car,C1,2024-02-03 01:23:36,2024-02-03 03:10:36,107,completed,1,23,5,1,0,0,0,2,3,0
1914,UP80WW7227,car,C1,2024-02-03 08:45:23,2024-02-03 15:23:23,398,completed,8,45,5,1,1,0,0,2,3,0
1915,UP80SJ3547,car,C2,2024-02-03 09:13:59,2024-02-03 15:16:59,363,completed,9,13,5,1,1,0,0,2,3,0
1916,UP80WD3621,bike,B1,2024-02-03 09:20:26,2024-02-03 13:13:26,233,completed,9,20,5,1,1,0,0,2,3,1
1917,UP80LP5956,bike,B2,2024-02-03 10:00:19,2024-02-03 10:53:19,53,completed,10,0,5,1,0,0,0,2,3,1
1918,UP80CC6635,car,C3,2024-02-03 10:03:39,2024-02-03 10:56:39,53,completed,10,3,5,1,0,0,0,2,3,0
1919,UP80QR3041,car,C4,2024-02-03 10:40:35,2024-02-03 11:25:35,45,completed,10,40,5,1,0,0,0,2,3,0
1920,UP80VP1672,car,C5,2024-02-03 10:52:58,2024-02-03 11:45:58,53,completed,10,52,5,1,0,0,0,2,3,0
1921,UP80LB6974,bike,B2,2024-02-03 12:23:39,2024-02-03 12:42:39,19,completed,12,23,5,1,0,1,0,2,3,1
1922,UP80BH6925,bike,B3,2024-02-03 12:37:09,2024-02-03 13:07:09,30,completed,12,37,5,1,0,1,0,2,3,1
1923,UP80NZ1188,bike,B4,2024-02-03 12:16:36,2024-02-03 12:35:36,19,completed,12,16,5,1,0,1,0,2,3,1
1924,UP80GR6977,car,C3,2024-02-03 12:49:54,2024-02-03 13:34:54,45,completed,12,49,5,1,0,1,0,2,3,0
1925,UP80WD3621,bike,B1,2024-02-03 13:47:55,2024-02-03 14:22:55,35,completed,13,47,5,1,0,1,0,2,3,1
1926,UP80HF2419,bike,B2,2024-02-03 13:13:05,2024-02-03 13:47:05,34,completed,13,13,5,1,0,1,0,2,3,1
1927,UP80AQ6663,bike,B3,2024-02-03 13:10:30,2024-02-03 14:10:30,60,completed,13,10,5,1,0,1,0,2,3,1
1928,UP80WD3621,bike,B2,2024-02-03 13:51:28,2024-02-03 14:43:28,52,completed,13,51,5,1,0,1,0,2,3,1
1929,UP80UU6573,car,C3,2024-02-03 13:32:48,2024-02-03 14:04:48,32,completed,13,32,5,1,0,1,0,2,3,0
1930,UP80EZ5349,car,C4,2024-02-03 13:22:19,2024-02-03 14:36:19,74,completed,13,22,5,1,0,1,0,2,3,0
1931,UP80PA2343,car,C3,2024-02-03 14:56:38,2024-02-03 18:04:38,188,completed,14,56,5,1,0,0,0,2,3,0
1932,UP80VL2040,car,C4,2024-02-03 14:53:27,2024-02-03 16:25:27,92,completed,14,53,5,1,0,0,0,2,3,0
1933,UP80GQ7543,car,C5,2024-02-03 14:16:43,2024-02-03 16:06:43,110,completed,14,16,5,1,0,0,0,2,3,0
1934,UP80QR3041,car,C6,2024-02-03 14:54:29,2024-02-03 16:32:29,98,completed,14,54,5,1,0,0,0,2,3,0
1935,UP80NZ7201,car,C7,2024-02-03 14:13:39,2024-02-03 15:54:39,101,completed,14,13,5,1,0,0,0,2,3,0
1936,UP80NZ1188,bike,B1,2024-02-03 15:00:12,2024-02-03 16:06:12,66,completed,15,0,5,1,0,0,0,2,3,1
1937,UP80FA6168,bike,B2,2024-02-03 15:37:19,2024-02-03 16:47:19,70,completed,15,37,5,1,0,0,0,2,3,1
1938,UP80WD3621,bike,B1,2024-02-03 16:17:02,2024-02-03 17:08:02,51,completed,16,17,5,1,0,0,0,2,3,1
1939,UP80QA2535,bike,B3,2024-02-03 16:44:45,2024-02-03 18:50:45,126,completed,16,44,5,1,0,0,0,2,3,1
1940,UP80MJ5232,car,C1,2024-02-03 16:59:30,2024-02-03 18:32:30,93,completed,16,59,5,1,0,0,0,2,3,0
1941,UP80PF8800,bike,B2,2024-02-03 16:11:30,2024-02-03 17:04:30,53,completed,16,11,5,1,0,0,0,2,3,1
1942,UP80ZB4044,car,C2,2024-02-03 16:01:39,2024-02-03 16:47:39,46,completed,16,1,5,1,0,0,0,2,3,0
1943,UP80JK1887,car,C4,2024-02-03 16:11:55,2024-02-03 16:48:55,37,completed,16,11,5,1,0,0,0,2,3,0
1944,UP80LL5557,car,C2,2024-02-03 17:40:45,2024-02-03 19:43:45,123,completed,17,40,5,1,0,0,1,2,3,0
1945,UP80XW5889,car,C4,2024-02-03 17:17:54,2024-02-03 18:42:54,85,completed,17,17,5,1,0,0,1,2,3,0
1946,UP80LQ9565,car,C5,2024-02-03 17:57:20,2024-02-03 19:04:20,67,completed,17,57,5,1,0,0,1,2,3,0
1947,UP80EG6363,bike,B1,2024-02-03 17:37:46,2024-02-03 19:13:46,96,completed,17,37,5,1,0,0,1,2,3,1
1948,UP80NZ7201,car,C1,2024-02-03 18:42:42,2024-02-03 20:18:42,96,completed,18,42,5,1,0,0,1,2,3,0
1949,UP80JK1887,car,C3,2024-02-03 18:32:09,2024-02-03 20:00:09,88,completed,18,32,5,1,0,0,1,2,3,0
1950,UP80RA5506,car,C4,2024-02-03 18:44:32,2024-02-03 20:04:32,80,completed,18,44,5,1,0,0,1,2,3,0
1951,UP80NC1771,car,C6,2024-02-03 18:35:22,2024-02-03 19:19:22,44,completed,18,35,5,1,0,0,1,2,3,0
1952,UP80PT9928,car,C7,2024-02-03 18:29:05,2024-02-03 19:23:05,54,completed,18,29,5,1,0,0,1,2,3,0
1953,UP80FD2679,bike,B2,2024-02-03 18:05:11,2024-02-03 19:07:11,62,completed,18,5,5,1,0,0,1,2,3,1
1954,UP80RU2307,car,C8,2024-02-03 18:23:29,2024-02-03 18:53:29,30,completed,18,23,5,1,0,0,1,2,3,0
1955,UP80BF5345,bike,B4,2024-02-03 18:43:41,2024-02-03 19:44:41,61,completed,18,43,5,1,0,0,1,2,3,1
1956,UP80GR6977,car,C9,2024-02-03 18:24:45,2024-02-03 18:54:45,30,completed,18,24,5,1,0,0,1,2,3,0
1957,UP80NZ7201,car,C5,2024-02-03 19:20:26,2024-02-03 20:55:26,95,completed,19,20,5,1,0,0,1,2,3,0
1958,UP80PT9928,car,C6,2024-02-03 19:16:44,2024-02-03 20:54:44,98,completed,19,16,5,1,0,0,1,2,3,0
1959,UP80NZ1188,bike,B1,2024-02-03 19:37:23,2024-02-03 20:19:23,42,completed,19,37,5,1,0,0,1,2,3,1
1960,UP80FU2674,car,C2,2024-02-03 20:02:53,2024-02-03 22:07:53,125,completed,20,2,5,1,0,0,0,2,3,0
1961,UP80DJ5374,bike,B1,2024-02-03 22:13:44,2024-02-03 23:29:44,76,completed,22,13,5,1,0,0,0,2,3,1
1962,UP80BT2790,bike,B1,2024-02-03 23:53:47,2024-02-04 01:34:47,101,completed,23,53,5,1,0,0,0,2,3,1
1963,UP80ZN7455,car,C1,2024-02-04 02:48:59,2024-02-04 04:51:59,123,completed,2,48,6,1,0,0,0,2,4,0
1964,UP80CC6635,car,C1,2024-02-04 07:36:25,2024-02-04 13:37:25,361,completed,7,36,6,1,1,0,0,2,4,0
1965,UP80BB5786,car,C2,2024-02-04 07:59:19,2024-02-04 15:11:19,432,completed,7,59,6,1,1,0,0,2,4,0
1966,UP80DK4598,car,C3,2024-02-04 08:48:08,2024-02-04 14:39:08,351,completed,8,48,6,1,1,0,0,2,4,0
1967,UP80FU2674,car,C4,2024-02-04 09:03:05,2024-02-04 13:55:05,292,completed,9,3,6,1,1,0,0,2,4,0
1968,UP80QV8527,car,C5,2024-02-04 10:00:42,2024-02-04 11:03:42,63,completed,10,0,6,1,0,0,0,2,4,0
1969,UP80BH6925,bike,B1,2024-02-04 10:05:11,2024-02-04 10:33:11,28,completed,10,5,6,1,0,0,0,2,4,1
1970,UP80DU9837,bike,B1,2024-02-04 11:35:54,2024-02-04 12:55:54,80,completed,11,35,6,1,0,0,0,2,4,1
1971,UP80FM8517,bike,B2,2024-02-04 11:22:06,2024-02-04 12:17:06,55,completed,11,22,6,1,0,0,0,2,4,1
1972,UP80GF5632,car,C5,2024-02-04 12:53:29,2024-02-04 13:12:29,19,completed,12,53,6,1,0,1,0,2,4,0
1973,UP80SJ3547,car,C6,2024-02-04 12:24:08,2024-02-04 13:01:08,37,completed,12,24,6,1,0,1,0,2,4,0
1974,UP80WV2729,bike,B2,2024-02-04 12:43:46,2024-02-04 13:28:46,45,completed,12,43,6,1,0,1,0,2,4,1
1975,UP80AT5315,car,C7,2024-02-04 12:04:22,2024-02-04 13:21:22,77,completed,12,4,6,1,0,1,0,2,4,0
1976,UP80KQ8668,bike,B1,2024-02-04 13:15:23,2024-02-04 14:06:23,51,completed,13,15,6,1,0,1,0,2,4,1
1977,UP80FM7669,car,C1,2024-02-04 13:39:38,2024-02-04 14:20:38,41,completed,13,39,6,1,0,1,0,2,4,0
1978,UP80DK4598,car,C5,2024-02-04 13:13:19,2024-02-04 13:56:19,43,completed,13,13,6,1,0,1,0,2,4,0
1979,UP80SS2169,bike,B2,2024-02-04 13:11:27,2024-02-04 13:28:27,17,completed,13,11,6,1,0,1,0,2,4,1
1980,UP80NZ1188,bike,B3,2024-02-04 13:26:11,2024-02-04 14:31:11,65,completed,13,26,6,1,0,1,0,2,4,1
1981,UP80LL5557,car,C1,2024-02-04 14:29:51,2024-02-04 16:08:51,99,completed,14,29,6,1,0,0,0,2,4,0
1982,UP80KQ8668,bike,B1,2024-02-04 14:10:20,2024-02-04 14:55:20,45,completed,14,10,6,1,0,0,0,2,4,1
1983,UP80FM8517,bike,B2,2024-02-04 14:29:00,2024-02-04 15:27:00,58,completed,14,29,6,1,0,0,0,2,4,1
1984,UP80JZ3266,car,C2,2024-02-04 15:47:40,2024-02-04 17:40:40,113,completed,15,47,6,1,0,0,0,2,4,0
1985,UP80TB6733,bike,B1,2024-02-04 15:49:30,2024-02-04 16:56:30,67,completed,15,49,6,1,0,0,0,2,4,1
1986,UP80HT4033,car,C3,2024-02-04 15:27:34,2024-02-04 16:52:34,85,completed,15,27,6,1,0,0,0,2,4,0
1987,UP80ML4020,car,C4,2024-02-04 16:00:21,2024-02-04 17:40:21,100,completed,16,0,6,1,0,0,0,2,4,0
1988,UP80QA2535,bike,B1,2024-02-04 17:46:55,2024-02-04 18:44:55,58,completed,17,46,6,1,0,0,1,2,4,1
1989,UP80BD7275,car,C1,2024-02-04 17:02:07,2024-02-04 17:48:07,46,completed,17,2,6,1,0,0,1,2,4,0
1990,UP80DJ5374,bike,B2,2024-02-04 17:16:27,2024-02-04 19:10:27,114,completed,17,16,6,1,0,0,1,2,4,1
1991,UP80DJ5374,bike,B3,2024-02-04 17:01:34,2024-02-04 18:00:34,59,completed,17,1,6,1,0,0,1,2,4,1
1992,UP80SW1916,bike,B4,2024-02-04 17:40:02,2024-02-04 18:58:02,78,completed,17,40,6,1,0,0,1,2,4,1
1993,UP80QV8527,car,C1,2024-02-04 18:34:47,2024-02-04 20:14:47,100,completed,18,34,6,1,0,0,1,2,4,0
1994,UP80GR6977,car,C2,2024-02-04 18:40:31,2024-02-04 20:01:31,81,completed,18,40,6,1,0,0,1,2,4,0
1995,UP80NZ1188,bike,B1,2024-02-04 19:29:44,2024-02-04 20:25:44,56,completed,19,29,6,1,0,0,1,2,4,1
1996,UP80LL5557,car,C3,2024-02-04 19:02:09,2024-02-04 20:15:09,73,completed,19,2,6,1,0,0,1,2,4,0
1997,UP80SS2169,bike,B1,2024-02-04 20:46:05,2024-02-04 22:01:05,75,completed,20,46,6,1,0,0,0,2,4,1
1998,UP80PT9928,car,C1,2024-02-04 20:16:46,2024-02-04 22:24:46,128,completed,20,16,6,1,0,0,0,2,4,0
1999,UP80KT2245,car,C2,2024-02-04 20:27:07,2024-02-04 22:13:07,106,completed,20,27,6,1,0,0,0,2,4,0
2000,UP80QA2535,bike,B1,2024-02-04 22:54:50,2024-02-05 00:15:50,81,completed,22,54,6,1,0,0,0,2,4,1
2001,UP80CC6635,car,C1,2024-02-05 00:07:36,2024-02-05 02:19:36,132,completed,0,7,0,0,0,0,0,2,5,0
2002,UP80BH6925,bike,B1,2024-02-05 07:25:35,2024-02-05 08:32:35,67,completed,7,25,0,0,1,0,0,2,5,1
2003,UP80QE5010,car,C1,2024-02-05 08:26:57,2024-02-05 14:36:57,370,completed,8,26,0,0,1,0,0,2,5,0
2004,UP80QE5010,car,C2,2024-02-05 08:42:56,2024-02-05 13:18:56,276,completed,8,42,0,0,1,0,0,2,5,0
2005,UP80PS1750,bike,B1,2024-02-05 08:32:34,2024-02-05 13:16:34,284,completed,8,32,0,0,1,0,0,2,5,1
2006,UP80GB5681,bike,B2,2024-02-05 08:29:18,2024-02-05 11:34:18,185,completed,8,29,0,0,1,0,0,2,5,1
2007,UP80KR4185,car,C3,2024-02-05 08:10:59,2024-02-05 13:52:59,342,completed,8,10,0,0,1,0,0,2,5,0
2008,UP80QV8527,car,C4,2024-02-05 08:21:48,2024-02-05 15:32:48,431,completed,8,21,0,0,1,0,0,2,5,0
2009,UP80AT5315,car,C5,2024-02-05 08:43:58,2024-02-05 13:10:58,267,completed,8,43,0,0,1,0,0,2,5,0
2010,UP80XW5889,car,C6,2024-02-05 09:26:12,2024-02-05 13:12:12,226,completed,9,26,0,0,1,0,0,2,5,0
2011,UP80KQ8668,bike,B3,2024-02-05 09:14:08,2024-02-05 14:35:08,321,completed,9,14,0,0,1,0,0,2,5,1
2012,UP80TH9379,car,C7,2024-02-05 09:46:26,2024-02-05 15:45:26,359,completed,9,46,0,0,1,0,0,2,5,0
2013,UP80WD3621,bike,B4,2024-02-05 09:39:15,2024-02-05 12:39:15,180,completed,9,39,0,0,1,0,0,2,5,1
2014,UP80KB6155,car,C8,2024-02-05 09:01:47,2024-02-05 12:45:47,224,completed,9,1,0,0,1,0,0,2,5,0
2015,UP80KY5033,car,C9,2024-02-05 09:35:32,2024-02-05 14:02:32,267,completed,9,35,0,0,1,0,0,2,5,0
2016,UP80NZ7201,car,C10,2024-02-05 09:15:11,2024-02-05 15:40:11,385,completed,9,15,0,0,1,0,0,2,5,0
2017,UP80FD2679,bike,B5,2024-02-05 10:20:08,2024-02-05 11:42:08,82,completed,10,20,0,0,0,0,0,2,5,1
2018,UP80RU2307,car,C11,2024-02-05 10:15:43,2024-02-05 12:57:43,162,completed,10,15,0,0,0,0,0,2,5,0
2019,UP80TW3091,car,C12,2024-02-05 10:50:11,2024-02-05 12:04:11,74,completed,10,50,0,0,0,0,0,2,5,0
2020,UP80BB4853,bike,B6,2024-02-05 10:53:21,2024-02-05 11:32:21,39,completed,10,53,0,0,0,0,0,2,5,1
2021,UP80BF8953,car,C13,2024-02-05 11:15:29,2024-02-05 13:25:29,130,completed,11,15,0,0,0,0,0,2,5,0
2022,UP80KE7883,car,C14,2024-02-05 11:43:26,2024-02-05 13:43:26,120,completed,11,43,0,0,0,0,0,2,5,0
2023,UP80DD9830,car,C8,2024-02-05 12:55:24,2024-02-05 14:34:24,99,completed,12,55,0,0,0,1,0,2,5,0
2024,UP80ZG9817,car,C12,2024-02-05 12:34:07,2024-02-05 13:23:07,49,completed,12,34,0,0,0,1,0,2,5,0
2025,UP80XT8777,car,C15,2024-02-05 12:41:34,2024-02-05 13:09:34,28,completed,12,41,0,0,0,1,0,2,5,0
2026,UP80SX2424,car,C16,2024-02-05 12:18:51,2024-02-05 13:21:51,63,completed,12,18,0,0,0,1,0,2,5,0
2027,UP80QR2375,bike,B2,2024-02-05 12:23:25,2024-02-05 12:56:25,33,completed,12,23,0,0,0,1,0,2,5,1
2028,UP80DK4598,car,C2,2024-02-05 13:46:10,2024-02-05 14:30:10,44,completed,13,46,0,0,0,1,0,2,5,0
2029,UP80WD3621,bike,B1,2024-02-05 13:09:58,2024-02-05 13:55:58,46,completed,13,9,0,0,0,1,0,2,5,1
2030,UP80VL2040,car,C5,2024-02-05 13:41:44,2024-02-05 14:49:44,68,completed,13,41,0,0,0,1,0,2,5,0
2031,UP80JB6409,bike,B2,2024-02-05 13:48:15,2024-02-05 14:28:15,40,completed,13,48,0,0,0,1,0,2,5,1
2032,UP80CL8433,car,C6,2024-02-05 13:50:28,2024-02-05 15:10:28,80,completed,13,50,0,0,0,1,0,2,5,0
2033,UP80SJ3547,car,C11,2024-02-05 13:17:38,2024-02-05 14:26:38,69,completed,13,17,0,0,0,1,0,2,5,0
2034,UP80FA6168,bike,B1,2024-02-05 14:14:56,2024-02-05 15:45:56,91,completed,14,14,0,0,0,0,0,2,5,1
2035,UP80CC6635,car,C1,2024-02-05 14:45:18,2024-02-05 16:13:18,88,completed,14,45,0,0,0,0,0,2,5,0
2036,UP80FU2674,car,C2,2024-02-05 14:45:28,2024-02-05 16:30:28,105,completed,14,45,0,0,0,0,0,2,5,0
2037,UP80FU2674,car,C3,2024-02-05 14:47:51,2024-02-05 15:45:51,58,completed,14,47,0,0,0,0,0,2,5,0
2038,UP80BH6925,bike,B2,2024-02-05 15:16:40,2024-02-05 16:00:40,44,completed,15,16,0,0,0,0,0,2,5,1
2039,UP80RA5506,car,C4,2024-02-05 15:37:19,2024-02-05 17:33:19,116,completed,15,37,0,0,0,0,0,2,5,0
2040,UP80TK7547,bike,B1,2024-02-05 15:47:55,2024-02-05 17:41:55,114,completed,15,47,0,0,0,0,0,2,5,1
2041,UP80QR3041,car,C3,2024-02-05 15:30:39,2024-02-05 16:57:39,87,completed,15,30,0,0,0,0,0,2,5,0
2042,UP80KB6155,car,C1,2024-02-05 16:32:20,2024-02-05 17:50:20,78,completed,16,32,0,0,0,0,0,2,5,0
2043,UP80CC6635,car,C2,2024-02-05 16:55:59,2024-02-05 19:26:59,151,completed,16,55,0,0,0,0,0,2,5,0
2044,UP80FN1434,bike,B2,2024-02-05 16:30:57,2024-02-05 17:24:57,54,completed,16,30,0,0,0,0,0,2,5,1
2045,UP80PS1750,bike,B3,2024-02-05 16:21:14,2024-02-05 17:56:14,95,completed,16,21,0,0,0,0,0,2,5,1
2046,UP80NZ7201,car,C5,2024-02-05 16:46:50,2024-02-05 19:30:50,164,completed,16,46,0,0,0,0,0,2,5,0
2047,UP80RA5506,car,C3,2024-02-05 17:22:31,2024-02-05 19:23:31,121,completed,17,22,0,0,0,0,1,2,5,0
2048,UP80PS1750,bike,B1,2024-02-05 17:50:50,2024-02-05 18:24:50,34,completed,17,50,0,0,0,0,1,2,5,1
2049,UP80SX2424,car,C1,2024-02-05 17:47:12,2024-02-05 19:06:12,79,completed,17,47,0,0,0,0,1,2,5,0
2050,UP80UU6573,car,C4,2024-02-05 17:21:32,2024-02-05 18:59:32,98,completed,17,21,0,0,0,0,1,2,5,0
2051,UP80EC8062,car,C6,2024-02-05 17:34:54,2024-02-05 19:14:54,100,completed,17,34,0,0,0,0,1,2,5,0
2052,UP80WW7227,car,C7,2024-02-05 17:36:33,2024-02-05 19:04:33,88,completed,17,36,0,0,0,0,1,2,5,0
2053,UP80RU2307,car,C8,2024-02-05 17:51:47,2024-02-05 19:27:47,96,completed,17,51,0,0,0,0,1,2,5,0
2054,UP80SJ7658,bike,B2,2024-02-05 18:11:02,2024-02-05 20:05:02,114,completed,18,11,0,0,0,0,1,2,5,1
2055,UP80NZ7201,car,C9,2024-02-05 18:35:17,2024-02-05 19:57:17,82,completed,18,35,0,0,0,0,1,2,5,0
2056,UP80SS2169,bike,B1,2024-02-05 18:57:57,2024-02-05 19:16:57,19,completed,18,57,0,0,0,0,1,2,5,1
2057,UP80AT5315,car,C10,2024-02-05 18:03:13,2024-02-05 19:35:13,92,completed,18,3,0,0,0,0,1,2,5,0
2058,UP80FB1344,car,C11,2024-02-05 18:06:34,2024-02-05 19:01:34,55,completed,18,6,0,0,0,0,1,2,5,0
2059,UP80NZ7201,car,C12,2024-02-05 18:20:50,2024-02-05 19:17:50,57,completed,18,20,0,0,0,0,1,2,5,0
2060,UP80AT5315,car,C13,2024-02-05 18:30:12,2024-02-05 20:04:12,94,completed,18,30,0,0,0,0,1,2,5,0
2061,UP80CL8433,car,C14,2024-02-05 18:13:38,2024-02-05 20:14:38,121,completed,18,13,0,0,0,0,1,2,5,0
2062,UP80LU5543,car,C15,2024-02-05 18:57:07,2024-02-05 20:28:07,91,completed,18,57,0,0,0,0,1,2,5,0
2063,UP80XW5889,car,C1,2024-02-05 19:49:41,2024-02-05 21:22:41,93,completed,19,49,0,0,0,0,1,2,5,0
2064,UP80GR6977,car,C2,2024-02-05 19:16:48,2024-02-05 19:21:48,5,completed,19,16,0,0,0,0,1,2,5,0
2065,UP80KQ8668,bike,B1,2024-02-05 20:31:40,2024-02-05 21:25:40,54,completed,20,31,0,0,0,0,0,2,5,1
2066,UP80SC9797,car,C2,2024-02-05 20:41:19,2024-02-05 22:44:19,123,completed,20,41,0,0,0,0,0,2,5,0
2067,UP80UU6573,car,C1,2024-02-05 22:15:21,2024-02-05 23:18:21,63,completed,22,15,0,0,0,0,0,2,5,0
2068,UP80UW7865,car,C3,2024-02-05 22:07:48,2024-02-06 00:05:48,118,completed,22,7,0,0,0,0,0,2,5,0
2069,UP80QE5010,car,C1,2024-02-06 07:21:46,2024-02-06 12:20:46,299,completed,7,21,1,0,1,0,0,2,6,0
2070,UP80FM8517,bike,B1,2024-02-06 08:25:48,2024-02-06 12:44:48,259,completed,8,25,1,0,1,0,0,2,6,1
2071,UP80SJ3547,car,C2,2024-02-06 08:03:26,2024-02-06 15:44:26,461,completed,8,3,1,0,1,0,0,2,6,0
2072,UP80AV5905,car,C3,2024-02-06 08:01:52,2024-02-06 13:44:52,343,completed,8,1,1,0,1,0,0,2,6,0
2073,UP80FA6168,bike,B2,2024-02-06 08:42:45,2024-02-06 13:44:45,302,completed,8,42,1,0,1,0,0,2,6,1
2074,UP80NZ7201,car,C4,2024-02-06 08:24:20,2024-02-06 14:33:20,369,completed,8,24,1,0,1,0,0,2,6,0
2075,UP80JZ3266,car,C5,2024-02-06 08:51:13,2024-02-06 15:08:13,377,completed,8,51,1,0,1,0,0,2,6,0
2076,UP80WD3621,bike,B3,2024-02-06 09:15:10,2024-02-06 12:52:10,217,completed,9,15,1,0,1,0,0,2,6,1
2077,UP80SX2424,car,C6,2024-02-06 09:46:37,2024-02-06 15:57:37,371,completed,9,46,1,0,1,0,0,2,6,0
2078,UP80GR6977,car,C7,2024-02-06 10:58:45,2024-02-06 12:18:45,80,completed,10,58,1,0,0,0,0,2,6,0
2079,UP80LL5557,car,C8,2024-02-06 10:38:37,2024-02-06 13:12:37,154,completed,10,38,1,0,0,0,0,2,6,0
2080,UP80DJ5374,bike,B4,2024-02-06 11:34:23,2024-02-06 12:56:23,82,completed,11,34,1,0,0,0,0,2,6,1
2081,UP80FN1434,bike,B5,2024-02-06 11:07:30,2024-02-06 12:02:30,55,completed,11,7,1,0,0,0,0,2,6,1
2082,UP80FU2674,car,C9,2024-02-06 11:26:52,2024-02-06 14:27:52,181,completed,11,26,1,0,0,0,0,2,6,0
2083,UP80UU6573,car,C10,2024-02-06 11:37:19,2024-02-06 14:02:19,145,completed,11,37,1,0,0,0,0,2,6,0
2084,UP80XV1653,car,C1,2024-02-06 13:36:34,2024-02-06 14:43:34,67,completed,13,36,1,0,0,1,0,2,6,0
2085,UP80HJ5952,bike,B1,2024-02-06 13:35:33,2024-02-06 14:45:33,70,completed,13,35,1,0,0,1,0,2,6,1
2086,UP80ZG8827,bike,B3,2024-02-06 13:04:55,2024-02-06 13:52:55,48,completed,13,4,1,0,0,1,0,2,6,1
2087,UP80SX5930,bike,B1,2024-02-06 14:47:20,2024-02-06 16:24:20,97,completed,14,47,1,0,0,0,0,2,6,1
2088,UP80NC1771,car,C1,2024-02-06 14:56:13,2024-02-06 16:31:13,95,completed,14,56,1,0,0,0,0,2,6,0
2089,UP80NZ7201,car,C3,2024-02-06 15:14:29,2024-02-06 16:46:29,92,completed,15,14,1,0,0,0,0,2,6,0
2090,UP80FF2290,car,C4,2024-02-06 15:16:38,2024-02-06 16:19:38,63,completed,15,16,1,0,0,0,0,2,6,0
2091,UP80GQ7543,car,C2,2024-02-06 16:08:07,2024-02-06 17:31:07,83,completed,16,8,1,0,0,0,0,2,6,0
2092,UP80KQ8668,bike,B1,2024-02-06 17:03:53,2024-02-06 18:35:53,92,completed,17,3,1,0,0,0,1,2,6,1
2093,UP80SX2424,car,C1,2024-02-06 17:23:01,2024-02-06 19:52:01,149,completed,17,23,1,0,0,0,1,2,6,0
2094,UP80DJ5374,bike,B2,2024-02-06 17:20:50,2024-02-06 18:22:50,62,completed,17,20,1,0,0,0,1,2,6,1
2095,UP80FN1434,bike,B3,2024-02-06 17:36:21,2024-02-06 17:48:21,12,completed,17,36,1,0,0,0,1,2,6,1
2096,UP80KQ8668,bike,B1,2024-02-06 18:49:07,2024-02-06 19:37:07,48,completed,18,49,1,0,0,0,1,2,6,1
2097,UP80NC1771,car,C2,2024-02-06 18:54:54,2024-02-06 19:11:54,17,completed,18,54,1,0,0,0,1,2,6,0
2098,UP80QT9270,bike,B2,2024-02-06 18:48:04,2024-02-06 19:12:04,24,completed,18,48,1,0,0,0,1,2,6,1
2099,UP80FU2674,car,C3,2024-02-06 18:52:17,2024-02-06 20:15:17,83,completed,18,52,1,0,0,0,1,2,6,0
2100,UP80NZ1188,bike,B3,2024-02-06 18:41:36,2024-02-06 19:48:36,67,completed,18,41,1,0,0,0,1,2,6,1
2101,UP80QT9270,bike,B4,2024-02-06 18:49:44,2024-02-06 20:23:44,94,completed,18,49,1,0,0,0,1,2,6,1
2102,UP80KB6155,car,C2,2024-02-06 19:18:00,2024-02-06 20:28:00,70,completed,19,18,1,0,0,0,1,2,6,0
2103,UP80GQ7543,car,C4,2024-02-06 19:01:00,2024-02-06 21:05:00,124,completed,19,1,1,0,0,0,1,2,6,0
2104,UP80TB6733,bike,B1,2024-02-06 20:37:43,2024-02-06 22:31:43,114,completed,20,37,1,0,0,0,0,2,6,1
2105,UP80CL8433,car,C1,2024-02-06 20:29:41,2024-02-06 23:44:41,195,completed,20,29,1,0,0,0,0,2,6,0
2106,UP80NZ7201,car,C2,2024-02-06 21:45:55,2024-02-06 23:06:55,81,completed,21,45,1,0,0,0,0,2,6,0
2107,UP80QV8527,car,C3,2024-02-06 21:49:09,2024-02-07 00:28:09,159,completed,21,49,1,0,0,0,0,2,6,0
2108,UP80UY4266,bike,B1,2024-02-06 22:54:02,2024-02-07 00:27:02,93,completed,22,54,1,0,0,0,0,2,6,1
2109,UP80CL8433,car,C1,2024-02-07 01:09:54,2024-02-07 03:57:54,168,completed,1,9,2,0,0,0,0,2,7,0
2110,UP80SX2424,car,C1,2024-02-07 08:08:44,2024-02-07 14:12:44,364,completed,8,8,2,0,1,0,0,2,7,0
2111,UP80HQ8025,car,C2,2024-02-07 08:03:38,2024-02-07 13:32:38,329,completed,8,3,2,0,1,0,0,2,7,0
2112,UP80QV8527,car,C3,2024-02-07 08:26:52,2024-02-07 13:36:52,310,completed,8,26,2,0,1,0,0,2,7,0
2113,UP80FU2674,car,C4,2024-02-07 08:11:59,2024-02-07 14:05:59,354,completed,8,11,2,0,1,0,0,2,7,0
2114,UP80BZ1241,bike,B1,2024-02-07 08:11:23,2024-02-07 10:21:23,130,completed,8,11,2,0,1,0,0,2,7,1
2115,UP80BH6925,bike,B2,2024-02-07 08:50:10,2024-02-07 12:20:10,210,completed,8,50,2,0,1,0,0,2,7,1
2116,UP80QE5010,car,C5,2024-02-07 09:58:53,2024-02-07 17:16:53,438,completed,9,58,2,0,1,0,0,2,7,0
2117,UP80FD2679,bike,B3,2024-02-07 09:01:50,2024-02-07 13:13:50,252,completed,9,1,2,0,1,0,0,2,7,1
2118,UP80TK7118,car,C6,2024-02-07 09:55:09,2024-02-07 15:44:09,349,completed,9,55,2,0,1,0,0,2,7,0
2119,UP80BR1878,car,C7,2024-02-07 09:34:24,2024-02-07 14:59:24,325,completed,9,34,2,0,1,0,0,2,7,0
2120,UP80BT2790,bike,B4,2024-02-07 09:00:22,2024-02-07 12:54:22,234,completed,9,0,2,0,1,0,0,2,7,1
2121,UP80WD3621,bike,B5,2024-02-07 09:26:04,2024-02-07 12:25:04,179,completed,9,26,2,0,1,0,0,2,7,1
2122,UP80ZU9317,car,C8,2024-02-07 10:57:34,2024-02-07 13:06:34,129,completed,10,57,2,0,0,0,0,2,7,0
2123,UP80WD3621,bike,B1,2024-02-07 10:51:40,2024-02-07 11:13:40,22,completed,10,51,2,0,0,0,0,2,7,1
2124,UP80FA6168,bike,B6,2024-02-07 10:08:20,2024-02-07 11:33:20,85,completed,10,8,2,0,0,0,0,2,7,1
2125,UP80WU7232,car,C9,2024-02-07 10:39:42,2024-02-07 11:23:42,44,completed,10,39,2,0,0,0,0,2,7,0
2126,UP80KQ8668,bike,B1,2024-02-07 11:36:12,2024-02-07 12:53:12,77,completed,11,36,2,0,0,0,0,2,7,1
2127,UP80ER5325,bike,B6,2024-02-07 11:08:51,2024-02-07 12:00:51,52,completed,11,8,2,0,0,0,0,2,7,1
2128,UP80XW5889,car,C9,2024-02-07 11:45:25,2024-02-07 12:49:25,64,completed,11,45,2,0,0,0,0,2,7,0
2129,UP80QV8527,car,C10,2024-02-07 11:06:15,2024-02-07 13:01:15,115,completed,11,6,2,0,0,0,0,2,7,0
2130,UP80NZ1188,bike,B7,2024-02-07 11:45:29,2024-02-07 12:39:29,54,completed,11,45,2,0,0,0,0,2,7,1
2131,UP80SJ7658,bike,B2,2024-02-07 12:33:36,2024-02-07 13:18:36,45,completed,12,33,2,0,0,1,0,2,7,1
2132,UP80AT5315,car,C11,2024-02-07 12:27:23,2024-02-07 13:16:23,49,completed,12,27,2,0,0,1,0,2,7,0
2133,UP80YE4457,bike,B5,2024-02-07 12:47:59,2024-02-07 13:44:59,57,completed,12,47,2,0,0,1,0,2,7,1
2134,UP80QV8527,car,C12,2024-02-07 12:03:50,2024-02-07 12:52:50,49,completed,12,3,2,0,0,1,0,2,7,0
2135,UP80RU2307,car,C13,2024-02-07 12:00:09,2024-02-07 13:09:09,69,completed,12,0,2,0,0,1,0,2,7,0
2136,UP80SW1916,bike,B6,2024-02-07 12:36:30,2024-02-07 13:32:30,56,completed,12,36,2,0,0,1,0,2,7,1
2137,UP80QV4978,bike,B7,2024-02-07 12:12:40,2024-02-07 12:17:40,5,completed,12,12,2,0,0,1,0,2,7,1
2138,UP80JZ3266,car,C14,2024-02-07 12:29:39,2024-02-07 14:04:39,95,completed,12,29,2,0,0,1,0,2,7,0
2139,UP80KQ8668,bike,B7,2024-02-07 12:07:47,2024-02-07 13:04:47,57,completed,12,7,2,0,0,1,0,2,7,1
2140,UP80VL2040,car,C2,2024-02-07 13:57:11,2024-02-07 14:48:11,51,completed,13,57,2,0,0,1,0,2,7,0
2141,UP80LL5557,car,C3,2024-02-07 13:49:35,2024-02-07 14:39:35,50,completed,13,49,2,0,0,1,0,2,7,0
2142,UP80FA6168,bike,B1,2024-02-07 13:33:16,2024-02-07 14:06:16,33,completed,13,33,2,0,0,1,0,2,7,1
2143,UP80SC9797,car,C8,2024-02-07 13:27:41,2024-02-07 14:37:41,70,completed,13,27,2,0,0,1,0,2,7,0
2144,UP80UU6573,car,C9,2024-02-07 13:29:53,2024-02-07 14:39:53,70,completed,13,29,2,0,0,1,0,2,7,0
2145,UP80SW1916,bike,B2,2024-02-07 13:45:18,2024-02-07 14:24:18,39,completed,13,45,2,0,0,1,0,2,7,1
2146,UP80LY2188,car,C10,2024-02-07 14:05:55,2024-02-07 16:45:55,160,completed,14,5,2,0,0,0,0,2,7,0
2147,UP80QR2375,bike,B1,2024-02-07 14:25:52,2024-02-07 15:56:52,91,completed,14,25,2,0,0,0,0,2,7,1
2148,UP80SW1916,bike,B1,2024-02-07 17:14:49,2024-02-07 19:14:49,120,completed,17,14,2,0,0,0,1,2,7,1
2149,UP80CA6111,bike,B2,2024-02-07 17:33:38,2024-02-07 19:07:38,94,completed,17,33,2,0,0,0,1,2,7,1
2150,UP80PS1750,bike,B3,2024-02-07 17:51:34,2024-02-07 18:42:34,51,completed,17,51,2,0,0,0,1,2,7,1
2151,UP80CC6635,car,C1,2024-02-07 18:44:33,2024-02-07 20:28:33,104,completed,18,44,2,0,0,0,1,2,7,0
2152,UP80FU2674,car,C2,2024-02-07 18:40:54,2024-02-07 20:20:54,100,completed,18,40,2,0,0,0,1,2,7,0
2153,UP80NZ7201,car,C3,2024-02-07 18:34:39,2024-02-07 19:50:39,76,completed,18,34,2,0,0,0,1,2,7,0
2154,UP80NZ1188,bike,B3,2024-02-07 18:25:18,2024-02-07 20:42:18,137,completed,18,25,2,0,0,0,1,2,7,1
2155,UP80QE5010,car,C4,2024-02-07 18:26:57,2024-02-07 20:42:57,136,completed,18,26,2,0,0,0,1,2,7,0
2156,UP80UU6573,car,C5,2024-02-07 18:00:04,2024-02-07 20:23:04,143,completed,18,0,2,0,0,0,1,2,7,0
2157,UP80XW5889,car,C6,2024-02-07 18:42:19,2024-02-07 20:02:19,80,completed,18,42,2,0,0,0,1,2,7,0
2158,UP80WD3621,bike,B4,2024-02-07 18:48:26,2024-02-07 19:57:26,69,completed,18,48,2,0,0,0,1,2,7,1
2159,UP80PL1158,car,C3,2024-02-07 19:52:10,2024-02-07 21:08:10,76,completed,19,52,2,0,0,0,1,2,7,0
2160,UP80RU2307,car,C7,2024-02-07 19:26:25,2024-02-07 21:07:25,101,completed,19,26,2,0,0,0,1,2,7,0
2161,UP80GR6977,car,C8,2024-02-07 19:53:22,2024-02-07 21:42:22,109,completed,19,53,2,0,0,0,1,2,7,0
2162,UP80FU2674,car,C9,2024-02-07 19:46:47,2024-02-07 21:39:47,113,completed,19,46,2,0,0,0,1,2,7,0
2163,UP80GR6977,car,C10,2024-02-07 19:13:28,2024-02-07 20:43:28,90,completed,19,13,2,0,0,0,1,2,7,0
2164,UP80LL5557,car,C6,2024-02-07 20:07:33,2024-02-07 22:01:33,114,completed,20,7,2,0,0,0,0,2,7,0
2165,UP80PS1750,bike,B1,2024-02-07 20:49:40,2024-02-07 21:52:40,63,completed,20,49,2,0,0,0,0,2,7,1
2166,UP80FJ9849,bike,B2,2024-02-07 20:07:34,2024-02-07 21:04:34,57,completed,20,7,2,0,0,0,0,2,7,1
2167,UP80EB1043,car,C1,2024-02-07 21:09:04,2024-02-07 23:39:04,150,completed,21,9,2,0,0,0,0,2,7,0
2168,UP80WW7227,car,C2,2024-02-07 21:17:02,2024-02-07 22:57:02,100,completed,21,17,2,0,0,0,0,2,7,0
2169,UP80AT5315,car,C3,2024-02-07 22:07:40,2024-02-08 00:37:40,150,completed,22,7,2,0,0,0,0,2,7,0
2170,UP80DJ5374,bike,B1,2024-02-07 23:55:50,2024-02-08 01:44:50,109,completed,23,55,2,0,0,0,0,2,7,1
2171,UP80AW3979,car,C1,2024-02-08 05:02:25,2024-02-08 07:00:25,118,completed,5,2,3,0,0,0,0,2,8,0
2172,UP80QV8527,car,C1,2024-02-08 07:58:01,2024-02-08 12:54:01,296,completed,7,58,3,0,1,0,0,2,8,0
2173,UP80DE8579,car,C2,2024-02-08 07:01:40,2024-02-08 12:44:40,343,completed,7,1,3,0,1,0,0,2,8,0
2174,UP80WW7227,car,C3,2024-02-08 07:01:46,2024-02-08 14:00:46,419,completed,7,1,3,0,1,0,0,2,8,0
2175,UP80SW1916,bike,B1,2024-02-08 08:22:52,2024-02-08 13:06:52,284,completed,8,22,3,0,1,0,0,2,8,1
2176,UP80NC1771,car,C4,2024-02-08 08:28:50,2024-02-08 14:20:50,352,completed,8,28,3,0,1,0,0,2,8,0
2177,UP80CC6635,car,C5,2024-02-08 08:44:40,2024-02-08 15:10:40,386,completed,8,44,3,0,1,0,0,2,8,0
2178,UP80FM8517,bike,B2,2024-02-08 08:35:41,2024-02-08 14:14:41,339,completed,8,35,3,0,1,0,0,2,8,1
2179,UP80HG6147,car,C6,2024-02-08 08:48:22,2024-02-08 15:54:22,426,completed,8,48,3,0,1,0,0,2,8,0
2180,UP80PS1750,bike,B3,2024-02-08 09:21:22,2024-02-08 11:43:22,142,completed,9,21,3,0,1,0,0,2,8,1
2181,UP80PT9928,car,C7,2024-02-08 09:20:53,2024-02-08 14:46:53,326,completed,9,20,3,0,1,0,0,2,8,0
2182,UP80KB6155,car,C8,2024-02-08 09:31:40,2024-02-08 14:51:40,320,completed,9,31,3,0,1,0,0,2,8,0
2183,UP80UW7865,car,C9,2024-02-08 09:12:16,2024-02-08 14:07:16,295,completed,9,12,3,0,1,0,0,2,8,0
2184,UP80LQ9565,car,C10,2024-02-08 10:57:23,2024-02-08 13:55:23,178,completed,10,57,3,0,0,0,0,2,8,0
2185,UP80AT5315,car,C11,2024-02-08 11:20:01,2024-02-08 13:02:01,102,completed,11,20,3,0,0,0,0,2,8,0
2186,UP80UU6573,car,C12,2024-02-08 12:41:35,2024-02-08 14:03:35,82,completed,12,41,3,0,0,1,0,2,8,0
2187,UP80FN1434,bike,B1,2024-02-08 13:34:11,2024-02-08 14:21:11,47,completed,13,34,3,0,0,1,0,2,8,1
2188,UP80TK7547,bike,B3,2024-02-08 13:38:58,2024-02-08 14:29:58,51,completed,13,38,3,0,0,1,0,2,8,1
2189,UP80DK4598,car,C1,2024-02-08 13:54:16,2024-02-08 14:34:16,40,completed,13,54,3,0,0,1,0,2,8,0
2190,UP80DJ5374,bike,B4,2024-02-08 13:58:24,2024-02-08 14:39:24,41,completed,13,58,3,0,0,1,0,2,8,1
2191,UP80AQ6663,bike,B1,2024-02-08 14:39:36,2024-02-08 16:21:36,102,completed,14,39,3,0,0,0,0,2,8,1
2192,UP80GR6977,car,C1,2024-02-08 14:02:15,2024-02-08 16:01:15,119,completed,14,2,3,0,0,0,0,2,8,0
2193,UP80PS1750,bike,B2,2024-02-08 14:01:31,2024-02-08 15:16:31,75,completed,14,1,3,0,0,0,0,2,8,1
2194,UP80RA5506,car,C2,2024-02-08 15:41:51,2024-02-08 18:09:51,148,completed,15,41,3,0,0,0,0,2,8,0
2195,UP80UM5397,car,C1,2024-02-08 16:18:15,2024-02-08 17:35:15,77,completed,16,18,3,0,0,0,0,2,8,0
2196,UP80DJ2127,car,C3,2024-02-08 16:35:35,2024-02-08 18:39:35,124,completed,16,35,3,0,0,0,0,2,8,0
2197,UP80CU2983,bike,B1,2024-02-08 16:26:11,2024-02-08 17:14:11,48,completed,16,26,3,0,0,0,0,2,8,1
2198,UP80CA5658,bike,B1,2024-02-08 17:57:24,2024-02-08 19:31:24,94,completed,17,57,3,0,0,0,1,2,8,1
2199,UP80XF5088,bike,B2,2024-02-08 17:50:23,2024-02-08 18:43:23,53,completed,17,50,3,0,0,0,1,2,8,1
2200,UP80SC9797,car,C1,2024-02-08 17:59:59,2024-02-08 19:40:59,101,completed,17,59,3,0,0,0,1,2,8,0
2201,UP80LY8973,car,C4,2024-02-08 17:22:04,2024-02-08 18:27:04,65,completed,17,22,3,0,0,0,1,2,8,0
2202,UP80CU2983,bike,B3,2024-02-08 17:44:15,2024-02-08 19:41:15,117,completed,17,44,3,0,0,0,1,2,8,1
2203,UP80ZN7455,car,C5,2024-02-08 17:08:06,2024-02-08 18:28:06,80,completed,17,8,3,0,0,0,1,2,8,0
2204,UP80NG1832,bike,B4,2024-02-08 17:06:51,2024-02-08 17:51:51,45,completed,17,6,3,0,0,0,1,2,8,1
2205,UP80PF8800,bike,B5,2024-02-08 17:46:22,2024-02-08 19:46:22,120,completed,17,46,3,0,0,0,1,2,8,1
2206,UP80QA2535,bike,B6,2024-02-08 17:14:29,2024-02-08 18:22:29,68,completed,17,14,3,0,0,0,1,2,8,1
2207,UP80AT5315,car,C2,2024-02-08 18:29:39,2024-02-08 18:50:39,21,completed,18,29,3,0,0,0,1,2,8,0
2208,UP80UU6573,car,C4,2024-02-08 18:10:01,2024-02-08 20:08:01,118,completed,18,10,3,0,0,0,1,2,8,0
2209,UP80WU7232,car,C3,2024-02-08 18:41:03,2024-02-08 20:22:03,101,completed,18,41,3,0,0,0,1,2,8,0
2210,UP80GR6977,car,C5,2024-02-08 18:43:22,2024-02-08 20:00:22,77,completed,18,43,3,0,0,0,1,2,8,0
2211,UP80CF7818,bike,B4,2024-02-08 18:36:16,2024-02-08 20:24:16,108,completed,18,36,3,0,0,0,1,2,8,1
2212,UP80LY8973,car,C6,2024-02-08 18:27:45,2024-02-08 20:03:45,96,completed,18,27,3,0,0,0,1,2,8,0
2213,UP80SS2169,bike,B6,2024-02-08 18:25:13,2024-02-08 19:03:13,38,completed,18,25,3,0,0,0,1,2,8,1
2214,UP80KQ8668,bike,B2,2024-02-08 19:21:14,2024-02-08 20:27:14,66,completed,19,21,3,0,0,0,1,2,8,1
2215,UP80TZ9595,car,C2,2024-02-08 19:26:09,2024-02-08 20:04:09,38,completed,19,26,3,0,0,0,1,2,8,0
2216,UP80PE7211,car,C7,2024-02-08 19:39:03,2024-02-08 20:37:03,58,completed,19,39,3,0,0,0,1,2,8,0
2217,UP80FD8744,car,C8,2024-02-08 19:37:07,2024-02-08 20:39:07,62,completed,19,37,3,0,0,0,1,2,8,0
2218,UP80CY3442,car,C1,2024-02-08 19:46:10,2024-02-08 20:51:10,65,completed,19,46,3,0,0,0,1,2,8,0
2219,UP80FK5915,car,C9,2024-02-08 19:38:49,2024-02-08 21:11:49,93,completed,19,38,3,0,0,0,1,2,8,0
2220,UP80CX4114,bike,B1,2024-02-08 19:59:31,2024-02-08 21:08:31,69,completed,19,59,3,0,0,0,1,2,8,1
2221,UP80KT2245,car,C2,2024-02-08 20:05:06,2024-02-08 21:46:06,101,completed,20,5,3,0,0,0,0,2,8,0
2222,UP80WD3621,bike,B1,2024-02-08 21:51:26,2024-02-08 22:29:26,38,completed,21,51,3,0,0,0,0,2,8,1
2223,UP80LL5557,car,C1,2024-02-08 21:08:54,2024-02-08 22:58:54,110,completed,21,8,3,0,0,0,0,2,8,0
2224,UP80PT9928,car,C1,2024-02-08 23:27:56,2024-02-09 01:50:56,143,completed,23,27,3,0,0,0,0,2,8,0
2225,UP80FJ9849,bike,B1,2024-02-09 00:09:39,2024-02-09 01:52:39,103,completed,0,9,4,0,0,0,0,2,9,1
2226,UP80VA3615,car,C1,2024-02-09 05:24:50,2024-02-09 07:02:50,98,completed,5,24,4,0,0,0,0,2,9,0
2227,UP80RU2307,car,C1,2024-02-09 07:42:35,2024-02-09 13:12:35,330,completed,7,42,4,0,1,0,0,2,9,0
2228,UP80FM8517,bike,B1,2024-02-09 07:52:31,2024-02-09 12:25:31,273,completed,7,52,4,0,1,0,0,2,9,1
2229,UP80WD3621,bike,B2,2024-02-09 08:02:22,2024-02-09 12:51:22,289,completed,8,2,4,0,1,0,0,2,9,1
2230,UP80DE8579,car,C2,2024-02-09 08:45:48,2024-02-09 12:42:48,237,completed,8,45,4,0,1,0,0,2,9,0
2231,UP80QE5010,car,C3,2024-02-09 08:54:33,2024-02-09 15:59:33,425,completed,8,54,4,0,1,0,0,2,9,0
2232,UP80SC9797,car,C4,2024-02-09 08:44:34,2024-02-09 14:03:34,319,completed,8,44,4,0,1,0,0,2,9,0
2233,UP80SJ3547,car,C5,2024-02-09 08:41:12,2024-02-09 14:03:12,322,completed,8,41,4,0,1,0,0,2,9,0
2234,UP80KB6155,car,C6,2024-02-09 08:40:27,2024-02-09 14:52:27,372,completed,8,40,4,0,1,0,0,2,9,0
2235,UP80LL5557,car,C7,2024-02-09 08:05:31,2024-02-09 13:35:31,330,completed,8,5,4,0,1,0,0,2,9,0
2236,UP80DJ5374,bike,B3,2024-02-09 08:24:19,2024-02-09 13:26:19,302,completed,8,24,4,0,1,0,0,2,9,1
2237,UP80NZ1188,bike,B4,2024-02-09 08:49:43,2024-02-09 13:07:43,258,completed,8,49,4,0,1,0,0,2,9,1
2238,UP80YE4457,bike,B5,2024-02-09 08:05:19,2024-02-09 11:31:19,206,completed,8,5,4,0,1,0,0,2,9,1
2239,UP80QE5010,car,C8,2024-02-09 09:57:36,2024-02-09 15:51:36,354,completed,9,57,4,0,1,0,0,2,9,0
2240,UP80SW1916,bike,B6,2024-02-09 09:03:19,2024-02-09 11:48:19,165,completed,9,3,4,0,1,0,0,2,9,1
2241,UP80QZ4180,bike,B7,2024-02-09 09:34:03,2024-02-09 14:42:03,308,completed,9,34,4,0,1,0,0,2,9,1
2242,UP80FA6168,bike,B8,2024-02-09 10:33:54,2024-02-09 11:18:54,45,completed,10,33,4,0,0,0,0,2,9,1
2243,UP80BH6925,bike,B9,2024-02-09 10:43:44,2024-02-09 12:47:44,124,completed,10,43,4,0,0,0,0,2,9,1
2244,UP80FD8744,car,C9,2024-02-09 11:57:14,2024-02-09 14:53:14,176,completed,11,57,4,0,0,0,0,2,9,0
2245,UP80CL8433,car,C10,2024-02-09 11:45:13,2024-02-09 13:40:13,115,completed,11,45,4,0,0,0,0,2,9,0
2246,UP80VA3615,car,C2,2024-02-09 12:59:24,2024-02-09 13:56:24,57,completed,12,59,4,0,0,1,0,2,9,0
2247,UP80RU2307,car,C11,2024-02-09 12:59:18,2024-02-09 13:35:18,36,completed,12,59,4,0,0,1,0,2,9,0
2248,UP80NG1832,bike,B1,2024-02-09 12:21:11,2024-02-09 12:37:11,16,completed,12,21,4,0,0,1,0,2,9,1
2249,UP80TK7118,car,C1,2024-02-09 13:23:58,2024-02-09 14:38:58,75,completed,13,23,4,0,0,1,0,2,9,0
2250,UP80GQ7543,car,C7,2024-02-09 13:39:42,2024-02-09 15:01:42,82,completed,13,39,4,0,0,1,0,2,9,0
2251,UP80AW3979,car,C10,2024-02-09 13:43:36,2024-02-09 14:25:36,42,completed,13,43,4,0,0,1,0,2,9,0
2252,UP80FR1090,bike,B1,2024-02-09 14:41:47,2024-02-09 16:51:47,130,completed,14,41,4,0,0,0,0,2,9,1
2253,UP80DD9830,car,C1,2024-02-09 14:44:00,2024-02-09 15:48:00,64,completed,14,44,4,0,0,0,0,2,9,0
2254,UP80PW3426,car,C2,2024-02-09 15:12:52,2024-02-09 18:05:52,173,completed,15,12,4,0,0,0,0,2,9,0
2255,UP80FM8517,bike,B2,2024-02-09 16:38:00,2024-02-09 18:34:00,116,completed,16,38,4,0,0,0,0,2,9,1
2256,UP80FN1434,bike,B3,2024-02-09 16:08:42,2024-02-09 17:34:42,86,completed,16,8,4,0,0,0,0,2,9,1
2257,UP80VL2040,car,C1,2024-02-09 16:40:07,2024-02-09 19:25:07,165,completed,16,40,4,0,0,0,0,2,9,0
2258,UP80FM8517,bike,B1,2024-02-09 17:10:47,2024-02-09 18:37:47,87,completed,17,10,4,0,0,0,1,2,9,1
2259,UP80CL8433,car,C3,2024-02-09 17:18:34,2024-02-09 18:44:34,86,completed,17,18,4,0,0,0,1,2,9,0
2260,UP80LP5956,bike,B4,2024-02-09 17:25:52,2024-02-09 19:22:52,117,completed,17,25,4,0,0,0,1,2,9,1
2261,UP80LP5956,bike,B5,2024-02-09 17:05:35,2024-02-09 19:17:35,132,completed,17,5,4,0,0,0,1,2,9,1
2262,UP80PS1750,bike,B6,2024-02-09 17:30:30,2024-02-09 19:43:30,133,completed,17,30,4,0,0,0,1,2,9,1
2263,UP80PT9928,car,C4,2024-02-09 17:02:53,2024-02-09 18:36:53,94,completed,17,2,4,0,0,0,1,2,9,0
2264,UP80JZ3266,car,C2,2024-02-09 18:15:27,2024-02-09 18:50:27,35,completed,18,15,4,0,0,0,1,2,9,0
2265,UP80SX2424,car,C3,2024-02-09 18:47:09,2024-02-09 19:58:09,71,completed,18,47,4,0,0,0,1,2,9,0
2266,UP80QE5010,car,C4,2024-02-09 18:12:49,2024-02-09 19:11:49,59,completed,18,12,4,0,0,0,1,2,9,0
2267,UP80FU2674,car,C5,2024-02-09 18:02:36,2024-02-09 18:52:36,50,completed,18,2,4,0,0,0,1,2,9,0
2268,UP80NZ7201,car,C1,2024-02-09 19:58:11,2024-02-09 22:29:11,151,completed,19,58,4,0,0,0,1,2,9,0
2269,UP80KB6155,car,C2,2024-02-09 19:57:41,2024-02-09 21:41:41,104,completed,19,57,4,0,0,0,1,2,9,0
2270,UP80NZ7201,car,C3,2024-02-09 19:04:14,2024-02-09 20:54:14,110,completed,19,4,4,0,0,0,1,2,9,0
2271,UP80CM2133,car,C4,2024-02-09 20:21:42,2024-02-09 22:31:42,130,completed,20,21,4,0,0,0,0,2,9,0
2272,UP80UU6573,car,C5,2024-02-09 20:15:38,2024-02-09 22:04:38,109,completed,20,15,4,0,0,0,0,2,9,0
2273,UP80QE5010,car,C6,2024-02-09 20:10:09,2024-02-09 23:06:09,176,completed,20,10,4,0,0,0,0,2,9,0
2274,UP80XW5889,car,C3,2024-02-09 21:26:33,2024-02-09 23:47:33,141,completed,21,26,4,0,0,0,0,2,9,0
2275,UP80AQ6663,bike,B1,2024-02-09 22:46:10,2024-02-09 23:51:10,65,completed,22,46,4,0,0,0,0,2,9,1
2276,UP80GL6279,car,C1,2024-02-10 00:24:16,2024-02-10 02:39:16,135,completed,0,24,5,1,0,0,0,2,10,0
2277,UP80SX2424,car,C2,2024-02-10 01:27:51,2024-02-10 02:21:51,54,completed,1,27,5,1,0,0,0,2,10,0
2278,UP80SW1916,bike,B1,2024-02-10 07:14:25,2024-02-10 10:40:25,206,completed,7,14,5,1,1,0,0,2,10,1
2279,UP80BD7275,car,C1,2024-02-10 08:25:26,2024-02-10 13:27:26,302,completed,8,25,5,1,1,0,0,2,10,0
2280,UP80FM8517,bike,B2,2024-02-10 08:23:21,2024-02-10 10:35:21,132,completed,8,23,5,1,1,0,0,2,10,1
2281,UP80NZ7201,car,C2,2024-02-10 11:33:13,2024-02-10 12:04:13,31,completed,11,33,5,1,0,0,0,2,10,0
2282,UP80NC1771,car,C2,2024-02-10 12:50:39,2024-02-10 13:26:39,36,completed,12,50,5,1,0,1,0,2,10,0
2283,UP80SS2169,bike,B1,2024-02-10 12:48:50,2024-02-10 13:22:50,34,completed,12,48,5,1,0,1,0,2,10,1
2284,UP80XW5889,car,C3,2024-02-10 12:41:28,2024-02-10 13:42:28,61,completed,12,41,5,1,0,1,0,2,10,0
2285,UP80CC6635,car,C1,2024-02-10 14:12:13,2024-02-10 15:12:13,60,completed,14,12,5,1,0,0,0,2,10,0
2286,UP80KB6155,car,C2,2024-02-10 14:28:01,2024-02-10 15:05:01,37,completed,14,28,5,1,0,0,0,2,10,0
2287,UP80TZ9595,car,C3,2024-02-10 14:11:17,2024-02-10 15:35:17,84,completed,14,11,5,1,0,0,0,2,10,0
2288,UP80DD9830,car,C1,2024-02-10 15:50:51,2024-02-10 17:21:51,91,completed,15,50,5,1,0,0,0,2,10,0
2289,UP80GF5632,car,C2,2024-02-10 15:15:55,2024-02-10 17:57:55,162,completed,15,15,5,1,0,0,0,2,10,0
2290,UP80GW7932,bike,B1,2024-02-10 15:39:33,2024-02-10 16:42:33,63,completed,15,39,5,1,0,0,0,2,10,1
2291,UP80RA5506,car,C3,2024-02-10 15:50:04,2024-02-10 18:28:04,158,completed,15,50,5,1,0,0,0,2,10,0
2292,UP80PE7211,car,C4,2024-02-10 16:05:20,2024-02-10 17:08:20,63,completed,16,5,5,1,0,0,0,2,10,0
2293,UP80FN1434,bike,B2,2024-02-10 16:09:13,2024-02-10 16:45:13,36,completed,16,9,5,1,0,0,0,2,10,1
2294,UP80QV8527,car,C5,2024-02-10 16:53:28,2024-02-10 19:25:28,152,completed,16,53,5,1,0,0,0,2,10,0
2295,UP80FU2674,car,C6,2024-02-10 17:06:51,2024-02-10 18:50:51,104,completed,17,6,5,1,0,0,1,2,10,0
2296,UP80WD3621,bike,B1,2024-02-10 18:26:10,2024-02-10 19:50:10,84,completed,18,26,5,1,0,0,1,2,10,1
2297,UP80CY3442,car,C1,2024-02-10 18:17:44,2024-02-10 19:58:44,101,completed,18,17,5,1,0,0,1,2,10,0
2298,UP80LY8973,car,C2,2024-02-10 18:28:06,2024-02-10 19:55:06,87,completed,18,28,5,1,0,0,1,2,10,0
2299,UP80FD2679,bike,B2,2024-02-10 18:30:24,2024-02-10 18:39:24,9,completed,18,30,5,1,0,0,1,2,10,1
2300,UP80JZ3266,car,C3,2024-02-10 19:28:37,2024-02-10 20:14:37,46,completed,19,28,5,1,0,0,1,2,10,0
2301,UP80DK4598,car,C4,2024-02-10 19:31:42,2024-02-10 21:21:42,110,completed,19,31,5,1,0,0,1,2,10,0
2302,UP80FM8517,bike,B1,2024-02-10 20:08:39,2024-02-10 21:23:39,75,completed,20,8,5,1,0,0,0,2,10,1
2303,UP80GC4155,bike,B2,2024-02-10 20:07:59,2024-02-10 21:17:59,70,completed,20,7,5,1,0,0,0,2,10,1
2304,UP80ZU9317,car,C1,2024-02-10 20:50:50,2024-02-10 23:59:50,189,completed,20,50,5,1,0,0,0,2,10,0
2305,UP80AT5315,car,C2,2024-02-10 21:31:01,2024-02-10 23:13:01,102,completed,21,31,5,1,0,0,0,2,10,0
2306,UP80NZ1188,bike,B1,2024-02-10 22:12:32,2024-02-10 23:39:32,87,completed,22,12,5,1,0,0,0,2,10,1
2307,UP80DK4598,car,C1,2024-02-11 07:54:50,2024-02-11 13:13:50,319,completed,7,54,6,1,1,0,0,2,11,0
2308,UP80PT9928,car,C2,2024-02-11 08:12:31,2024-02-11 15:19:31,427,completed,8,12,6,1,1,0,0,2,11,0
2309,UP80QE5010,car,C3,2024-02-11 08:58:42,2024-02-11 14:11:42,313,completed,8,58,6,1,1,0,0,2,11,0
2310,UP80PL1158,car,C4,2024-02-11 08:08:51,2024-02-11 11:19:51,191,completed,8,8,6,1,1,0,0,2,11,0
2311,UP80RU2307,car,C5,2024-02-11 09:23:04,2024-02-11 13:51:04,268,completed,9,23,6,1,1,0,0,2,11,0
2312,UP80GL8613,car,C6,2024-02-11 10:00:47,2024-02-11 10:30:47,30,completed,10,0,6,1,0,0,0,2,11,0
2313,UP80BD7275,car,C4,2024-02-11 12:37:40,2024-02-11 13:23:40,46,completed,12,37,6,1,0,1,0,2,11,0
2314,UP80SJ3547,car,C6,2024-02-11 12:39:07,2024-02-11 13:15:07,36,completed,12,39,6,1,0,1,0,2,11,0
2315,UP80PT9928,car,C1,2024-02-11 13:47:59,2024-02-11 14:37:59,50,completed,13,47,6,1,0,1,0,2,11,0
2316,UP80PT9928,car,C4,2024-02-11 13:43:14,2024-02-11 14:26:14,43,completed,13,43,6,1,0,1,0,2,11,0
2317,UP80NZ7201,car,C6,2024-02-11 13:40:33,2024-02-11 14:32:33,52,completed,13,40,6,1,0,1,0,2,11,0
2318,UP80BR1207,bike,B1,2024-02-11 14:30:18,2024-02-11 15:18:18,48,completed,14,30,6,1,0,0,0,2,11,1
2319,UP80RA5506,car,C3,2024-02-11 14:03:28,2024-02-11 16:56:28,173,completed,14,3,6,1,0,0,0,2,11,0
2320,UP80NZ7201,car,C1,2024-02-11 15:56:34,2024-02-11 18:44:34,168,completed,15,56,6,1,0,0,0,2,11,0
2321,UP80QV8527,car,C2,2024-02-11 15:44:48,2024-02-11 17:49:48,125,completed,15,44,6,1,0,0,0,2,11,0
2322,UP80FV8541,car,C4,2024-02-11 16:25:40,2024-02-11 17:26:40,61,completed,16,25,6,1,0,0,0,2,11,0
2323,UP80GQ7543,car,C3,2024-02-11 17:32:40,2024-02-11 18:43:40,71,completed,17,32,6,1,0,0,1,2,11,0
2324,UP80TZ9595,car,C4,2024-02-11 17:00:41,2024-02-11 18:34:41,94,completed,17,0,6,1,0,0,1,2,11,0
2325,UP80FN1434,bike,B1,2024-02-11 18:48:10,2024-02-11 19:03:10,15,completed,18,48,6,1,0,0,1,2,11,1
2326,UP80JZ3266,car,C1,2024-02-11 18:48:52,2024-02-11 19:53:52,65,completed,18,48,6,1,0,0,1,2,11,0
2327,UP80AT5315,car,C2,2024-02-11 18:47:43,2024-02-11 20:23:43,96,completed,18,47,6,1,0,0,1,2,11,0
2328,UP80PX7149,bike,B2,2024-02-11 18:38:43,2024-02-11 18:54:43,16,completed,18,38,6,1,0,0,1,2,11,1
2329,UP80WD3621,bike,B1,2024-02-11 19:53:20,2024-02-11 20:47:20,54,completed,19,53,6,1,0,0,1,2,11,1
2330,UP80AT5315,car,C1,2024-02-11 20:34:47,2024-02-11 22:25:47,111,completed,20,34,6,1,0,0,0,2,11,0
2331,UP80NC1771,car,C2,2024-02-11 20:44:22,2024-02-11 22:18:22,94,completed,20,44,6,1,0,0,0,2,11,0
2332,UP80SS2052,car,C2,2024-02-11 22:25:29,2024-02-12 01:06:29,161,completed,22,25,6,1,0,0,0,2,11,0
2333,UP80SJ3547,car,C1,2024-02-12 06:21:46,2024-02-12 07:08:46,47,completed,6,21,0,0,0,0,0,2,12,0
2334,UP80DD9830,car,C1,2024-02-12 08:04:01,2024-02-12 16:00:01,476,completed,8,4,0,0,1,0,0,2,12,0
2335,UP80HJ5952,bike,B1,2024-02-12 08:15:13,2024-02-12 12:27:13,252,completed,8,15,0,0,1,0,0,2,12,1
2336,UP80KU1320,car,C2,2024-02-12 08:20:40,2024-02-12 16:20:40,480,completed,8,20,0,0,1,0,0,2,12,0
2337,UP80CL8433,car,C3,2024-02-12 08:50:17,2024-02-12 15:15:17,385,completed,8,50,0,0,1,0,0,2,12,0
2338,UP80MJ5232,car,C4,2024-02-12 08:57:08,2024-02-12 13:27:08,270,completed,8,57,0,0,1,0,0,2,12,0
2339,UP80AT5315,car,C5,2024-02-12 09:36:58,2024-02-12 14:11:58,275,completed,9,36,0,0,1,0,0,2,12,0
2340,UP80FD2679,bike,B2,2024-02-12 09:15:31,2024-02-12 12:05:31,170,completed,9,15,0,0,1,0,0,2,12,1
2341,UP80CY4848,car,C6,2024-02-12 09:20:32,2024-02-12 15:20:32,360,completed,9,20,0,0,1,0,0,2,12,0
2342,UP80ZU9317,car,C7,2024-02-12 09:05:33,2024-02-12 13:41:33,276,completed,9,5,0,0,1,0,0,2,12,0
2343,UP80CF7818,bike,B3,2024-02-12 10:57:57,2024-02-12 12:09:57,72,completed,10,57,0,0,0,0,0,2,12,1
2344,UP80WZ3900,car,C8,2024-02-12 10:49:12,2024-02-12 13:32:12,163,completed,10,49,0,0,0,0,0,2,12,0
2345,UP80QA2535,bike,B4,2024-02-12 11:45:09,2024-02-12 12:42:09,57,completed,11,45,0,0,0,0,0,2,12,1
2346,UP80XW5889,car,C9,2024-02-12 12:00:20,2024-02-12 13:02:20,62,completed,12,0,0,0,0,1,0,2,12,0
2347,UP80GR6977,car,C10,2024-02-12 12:30:35,2024-02-12 13:52:35,82,completed,12,30,0,0,0,1,0,2,12,0
2348,UP80LP5956,bike,B1,2024-02-12 12:20:38,2024-02-12 13:00:38,40,completed,12,20,0,0,0,1,0,2,12,1
2349,UP80ZU9317,car,C11,2024-02-12 12:52:51,2024-02-12 13:38:51,46,completed,12,52,0,0,0,1,0,2,12,0
2350,UP80GY7906,bike,B2,2024-02-12 12:03:47,2024-02-12 12:40:47,37,completed,12,3,0,0,0,1,0,2,12,1
2351,UP80KB6155,car,C4,2024-02-12 13:51:32,2024-02-12 14:18:32,27,completed,13,51,0,0,0,1,0,2,12,0
2352,UP80FU2674,car,C7,2024-02-12 13:00:19,2024-02-12 14:17:19,77,completed,13,0,0,0,0,1,0,2,12,0
2353,UP80DD9830,car,C5,2024-02-12 14:18:01,2024-02-12 16:57:01,159,completed,14,18,0,0,0,0,0,2,12,0
2354,UP80KB6155,car,C4,2024-02-12 14:58:09,2024-02-12 17:19:09,141,completed,14,58,0,0,0,0,0,2,12,0
2355,UP80QE5010,car,C7,2024-02-12 14:35:10,2024-02-12 16:59:10,144,completed,14,35,0,0,0,0,0,2,12,0
2356,UP80FJ9849,bike,B1,2024-02-12 14:17:12,2024-02-12 15:44:12,87,completed,14,17,0,0,0,0,0,2,12,1
2357,UP80QE5010,car,C8,2024-02-12 14:18:10,2024-02-12 16:37:10,139,completed,14,18,0,0,0,0,0,2,12,0
2358,UP80FA6168,bike,B2,2024-02-12 14:55:20,2024-02-12 16:06:20,71,completed,14,55,0,0,0,0,0,2,12,1
2359,UP80NV3780,car,C9,2024-02-12 15:09:20,2024-02-12 16:15:20,66,completed,15,9,0,0,0,0,0,2,12,0
2360,UP80QE5010,car,C3,2024-02-12 15:41:20,2024-02-12 17:23:20,102,completed,15,41,0,0,0,0,0,2,12,0
2361,UP80CT9004,bike,B1,2024-02-12 17:39:53,2024-02-12 18:47:53,68,completed,17,39,0,0,0,0,1,2,12,1
2362,UP80QF4608,car,C1,2024-02-12 17:36:02,2024-02-12 19:43:02,127,completed,17,36,0,0,0,0,1,2,12,0
2363,UP80AJ7624,bike,B2,2024-02-12 17:46:45,2024-02-12 19:09:45,83,completed,17,46,0,0,0,0,1,2,12,1
2364,UP80RU2307,car,C2,2024-02-12 17:09:06,2024-02-12 18:43:06,94,completed,17,9,0,0,0,0,1,2,12,0
2365,UP80SW1916,bike,B3,2024-02-12 17:05:48,2024-02-12 18:06:48,61,completed,17,5,0,0,0,0,1,2,12,1
2366,UP80SC9797,car,C3,2024-02-12 17:48:04,2024-02-12 19:44:04,116,completed,17,48,0,0,0,0,1,2,12,0
2367,UP80FM8517,bike,B4,2024-02-12 17:03:33,2024-02-12 18:07:33,64,completed,17,3,0,0,0,0,1,2,12,1
2368,UP80CC6635,car,C4,2024-02-12 18:05:52,2024-02-12 18:59:52,54,completed,18,5,0,0,0,0,1,2,12,0
2369,UP80XV1653,car,C5,2024-02-12 18:07:48,2024-02-12 19:38:48,91,completed,18,7,0,0,0,0,1,2,12,0
2370,UP80PS1750,bike,B3,2024-02-12 18:43:35,2024-02-12 20:06:35,83,completed,18,43,0,0,0,0,1,2,12,1
2371,UP80PS1750,bike,B4,2024-02-12 18:30:02,2024-02-12 20:44:02,134,completed,18,30,0,0,0,0,1,2,12,1
2372,UP80KB6155,car,C2,2024-02-12 19:08:32,2024-02-12 20:14:32,66,completed,19,8,0,0,0,0,1,2,12,0
2373,UP80FD2679,bike,B1,2024-02-12 19:48:40,2024-02-12 20:42:40,54,completed,19,48,0,0,0,0,1,2,12,1
2374,UP80UF9486,car,C1,2024-02-12 19:01:42,2024-02-12 20:29:42,88,completed,19,1,0,0,0,0,1,2,12,0
2375,UP80AT5315,car,C3,2024-02-12 19:35:04,2024-02-12 21:26:04,111,completed,19,35,0,0,0,0,1,2,12,0
2376,UP80PT9928,car,C4,2024-02-12 19:31:00,2024-02-12 21:05:00,94,completed,19,31,0,0,0,0,1,2,12,0
2377,UP80CC6635,car,C1,2024-02-12 20:37:56,2024-02-12 22:18:56,101,completed,20,37,0,0,0,0,0,2,12,0
2378,UP80XW5889,car,C2,2024-02-12 20:00:58,2024-02-12 22:13:58,133,completed,20,0,0,0,0,0,0,2,12,0
2379,UP80KQ8668,bike,B1,2024-02-12 21:18:17,2024-02-12 21:56:17,38,completed,21,18,0,0,0,0,0,2,12,1
2380,UP80NZ7201,car,C3,2024-02-12 21:48:38,2024-02-13 00:36:38,168,completed,21,48,0,0,0,0,0,2,12,0
2381,UP80VA3615,car,C4,2024-02-12 21:20:57,2024-02-12 22:54:57,94,completed,21,20,0,0,0,0,0,2,12,0
2382,UP80WD3621,bike,B1,2024-02-13 00:43:50,2024-02-13 01:35:50,52,completed,0,43,1,0,0,0,0,2,13,1
2383,UP80RU2307,car,C1,2024-02-13 00:11:00,2024-02-13 00:50:00,39,completed,0,11,1,0,0,0,0,2,13,0
2384,UP80FD2679,bike,B1,2024-02-13 05:44:35,2024-02-13 07:13:35,89,completed,5,44,1,0,0,0,0,2,13,1
2385,UP80FU2674,car,C1,2024-02-13 07:44:36,2024-02-13 13:57:36,373,completed,7,44,1,0,1,0,0,2,13,0
2386,UP80GQ7543,car,C2,2024-02-13 07:24:01,2024-02-13 14:22:01,418,completed,7,24,1,0,1,0,0,2,13,0
2387,UP80RA5506,car,C3,2024-02-13 07:53:29,2024-02-13 13:37:29,344,completed,7,53,1,0,1,0,0,2,13,0
2388,UP80ML4020,car,C4,2024-02-13 07:04:49,2024-02-13 12:55:49,351,completed,7,4,1,0,1,0,0,2,13,0
2389,UP80GR6977,car,C5,2024-02-13 07:18:46,2024-02-13 14:05:46,407,completed,7,18,1,0,1,0,0,2,13,0
2390,UP80JZ3266,car,C6,2024-02-13 08:55:12,2024-02-13 15:02:12,367,completed,8,55,1,0,1,0,0,2,13,0
2391,UP80TK7118,car,C7,2024-02-13 08:51:00,2024-02-13 16:10:00,439,completed,8,51,1,0,1,0,0,2,13,0
2392,UP80NT4613,car,C8,2024-02-13 08:27:35,2024-02-13 13:05:35,278,completed,8,27,1,0,1,0,0,2,13,0
2393,UP80HQ2625,bike,B1,2024-02-13 08:50:14,2024-02-13 13:44:14,294,completed,8,50,1,0,1,0,0,2,13,1
2394,UP80WD3621,bike,B2,2024-02-13 08:38:23,2024-02-13 12:54:23,256,completed,8,38,1,0,1,0,0,2,13,1
2395,UP80FA6168,bike,B3,2024-02-13 08:34:10,2024-02-13 12:22:10,228,completed,8,34,1,0,1,0,0,2,13,1
2396,UP80DD9830,car,C9,2024-02-13 09:20:47,2024-02-13 14:05:47,285,completed,9,20,1,0,1,0,0,2,13,0
2397,UP80NC1771,car,C10,2024-02-13 09:11:37,2024-02-13 16:52:37,461,completed,9,11,1,0,1,0,0,2,13,0
2398,UP80VL2040,car,C11,2024-02-13 09:09:52,2024-02-13 14:58:52,349,completed,9,9,1,0,1,0,0,2,13,0
2399,UP80GQ7543,car,C12,2024-02-13 09:43:34,2024-02-13 16:22:34,399,completed,9,43,1,0,1,0,0,2,13,0
2400,UP80PF8800,bike,B4,2024-02-13 09:08:21,2024-02-13 13:31:21,263,completed,9,8,1,0,1,0,0,2,13,1
2401,UP80TZ9595,car,C13,2024-02-13 10:29:28,2024-02-13 12:35:28,126,completed,10,29,1,0,0,0,0,2,13,0
2402,UP80AW3979,car,C14,2024-02-13 10:32:58,2024-02-13 12:42:58,130,completed,10,32,1,0,0,0,0,2,13,0
2403,UP80CC6635,car,C15,2024-02-13 10:09:38,2024-02-13 12:39:38,150,completed,10,9,1,0,0,0,0,2,13,0
2404,UP80FM8517,bike,B5,2024-02-13 11:52:50,2024-02-13 12:40:50,48,completed,11,52,1,0,0,0,0,2,13,1
2405,UP80VA3615,car,C16,2024-02-13 11:05:52,2024-02-13 13:55:52,170,completed,11,5,1,0,0,0,0,2,13,0
2406,UP80CC6635,car,C4,2024-02-13 12:59:35,2024-02-13 13:57:35,58,completed,12,59,1,0,0,1,0,2,13,0
2407,UP80DK4598,car,C13,2024-02-13 12:47:14,2024-02-13 13:29:14,42,completed,12,47,1,0,0,1,0,2,13,0
2408,UP80FM8517,bike,B2,2024-02-13 12:53:51,2024-02-13 13:38:51,45,completed,12,53,1,0,0,1,0,2,13,1
2409,UP80GQ6617,car,C14,2024-02-13 12:33:42,2024-02-13 13:03:42,30,completed,12,33,1,0,0,1,0,2,13,0
2410,UP80ER5325,bike,B1,2024-02-13 13:44:48,2024-02-13 14:17:48,33,completed,13,44,1,0,0,1,0,2,13,1
2411,UP80NZ7201,car,C3,2024-02-13 13:40:41,2024-02-13 14:31:41,51,completed,13,40,1,0,0,1,0,2,13,0
2412,UP80FU2674,car,C8,2024-02-13 13:32:51,2024-02-13 13:50:51,18,completed,13,32,1,0,0,1,0,2,13,0
2413,UP80SS2169,bike,B1,2024-02-13 14:58:04,2024-02-13 16:14:04,76,completed,14,58,1,0,0,0,0,2,13,1
2414,UP80LL5557,car,C1,2024-02-13 14:52:13,2024-02-13 17:32:13,160,completed,14,52,1,0,0,0,0,2,13,0
2415,UP80FD2679,bike,B2,2024-02-13 14:52:12,2024-02-13 16:02:12,70,completed,14,52,1,0,0,0,0,2,13,1
2416,UP80FN1434,bike,B3,2024-02-13 14:52:49,2024-02-13 16:23:49,91,completed,14,52,1,0,0,0,0,2,13,1
2417,UP80LV9702,bike,B1,2024-02-13 16:16:28,2024-02-13 18:05:28,109,completed,16,16,1,0,0,0,0,2,13,1
2418,UP80DK4598,car,C2,2024-02-13 16:00:44,2024-02-13 17:40:44,100,completed,16,0,1,0,0,0,0,2,13,0
2419,UP80GQ7543,car,C3,2024-02-13 16:24:23,2024-02-13 17:18:23,54,completed,16,24,1,0,0,0,0,2,13,0
2420,UP80VL2040,car,C1,2024-02-13 17:40:39,2024-02-13 18:24:39,44,completed,17,40,1,0,0,0,1,2,13,0
2421,UP80FD2679,bike,B2,2024-02-13 17:02:31,2024-02-13 18:15:31,73,completed,17,2,1,0,0,0,1,2,13,1
2422,UP80YU4241,bike,B3,2024-02-13 17:51:24,2024-02-13 19:34:24,103,completed,17,51,1,0,0,0,1,2,13,1
2423,UP80XW5889,car,C2,2024-02-13 17:06:27,2024-02-13 19:29:27,143,completed,17,6,1,0,0,0,1,2,13,0
2424,UP80RG6491,bike,B4,2024-02-13 17:43:31,2024-02-13 18:16:31,33,completed,17,43,1,0,0,0,1,2,13,1
2425,UP80SZ2612,car,C3,2024-02-13 17:02:31,2024-02-13 17:54:31,52,completed,17,2,1,0,0,0,1,2,13,0
2426,UP80CB9056,car,C4,2024-02-13 17:05:15,2024-02-13 18:40:15,95,completed,17,5,1,0,0,0,1,2,13,0
2427,UP80KB6155,car,C5,2024-02-13 17:40:59,2024-02-13 19:09:59,89,completed,17,40,1,0,0,0,1,2,13,0
2428,UP80UU6573,car,C1,2024-02-13 18:30:02,2024-02-13 19:37:02,67,completed,18,30,1,0,0,0,1,2,13,0
2429,UP80GX3546,car,C3,2024-02-13 18:49:45,2024-02-13 20:08:45,79,completed,18,49,1,0,0,0,1,2,13,0
2430,UP80FD2679,bike,B1,2024-02-13 18:43:08,2024-02-13 19:50:08,67,completed,18,43,1,0,0,0,1,2,13,1
2431,UP80KQ8668,bike,B2,2024-02-13 18:59:32,2024-02-13 20:22:32,83,completed,18,59,1,0,0,0,1,2,13,1
2432,UP80FB1659,car,C4,2024-02-13 18:36:24,2024-02-13 20:27:24,111,completed,18,36,1,0,0,0,1,2,13,0
2433,UP80AT5315,car,C6,2024-02-13 18:41:46,2024-02-13 20:37:46,116,completed,18,41,1,0,0,0,1,2,13,0
2434,UP80CC6635,car,C7,2024-02-13 18:11:57,2024-02-13 20:05:57,114,completed,18,11,1,0,0,0,1,2,13,0
2435,UP80GQ7543,car,C8,2024-02-13 18:02:18,2024-02-13 19:45:18,103,completed,18,2,1,0,0,0,1,2,13,0
2436,UP80VL2040,car,C9,2024-02-13 18:53:04,2024-02-13 20:34:04,101,completed,18,53,1,0,0,0,1,2,13,0
2437,UP80QV8527,car,C10,2024-02-13 18:15:00,2024-02-13 19:46:00,91,completed,18,15,1,0,0,0,1,2,13,0
2438,UP80AT5315,car,C5,2024-02-13 19:11:14,2024-02-13 20:32:14,81,completed,19,11,1,0,0,0,1,2,13,0
2439,UP80JZ3266,car,C1,2024-02-13 19:54:31,2024-02-13 21:50:31,116,completed,19,54,1,0,0,0,1,2,13,0
2440,UP80SJ3547,car,C2,2024-02-13 19:07:06,2024-02-13 19:28:06,21,completed,19,7,1,0,0,0,1,2,13,0
2441,UP80JZ3266,car,C2,2024-02-13 19:47:38,2024-02-13 20:23:38,36,completed,19,47,1,0,0,0,1,2,13,0
2442,UP80AN5494,bike,B1,2024-02-13 20:27:01,2024-02-13 21:43:01,76,completed,20,27,1,0,0,0,0,2,13,1
2443,UP80DD9830,car,C2,2024-02-13 20:23:40,2024-02-13 21:51:40,88,completed,20,23,1,0,0,0,0,2,13,0
2444,UP80FN1434,bike,B2,2024-02-13 20:35:44,2024-02-13 21:53:44,78,completed,20,35,1,0,0,0,0,2,13,1
2445,UP80JL6023,car,C3,2024-02-13 20:05:16,2024-02-13 21:39:16,94,completed,20,5,1,0,0,0,0,2,13,0
2446,UP80DH1958,bike,B1,2024-02-13 21:58:15,2024-02-13 23:32:15,94,completed,21,58,1,0,0,0,0,2,13,1
2447,UP80CL8433,car,C1,2024-02-13 21:07:01,2024-02-13 23:17:01,130,completed,21,7,1,0,0,0,0,2,13,0
2448,UP80WW7227,car,C2,2024-02-13 22:42:34,2024-02-14 01:06:34,144,completed,22,42,1,0,0,0,0,2,13,0
2449,UP80FM8517,bike,B1,2024-02-14 02:41:02,2024-02-14 03:49:02,68,completed,2,41,2,0,0,0,0,2,14,1
2450,UP80SC9797,car,C1,2024-02-14 05:58:21,2024-02-14 08:54:21,176,completed,5,58,2,0,0,0,0,2,14,0
2451,UP80KE7883,car,C2,2024-02-14 06:38:20,2024-02-14 07:58:20,80,completed,6,38,2,0,0,0,0,2,14,0
2452,UP80UU6573,car,C3,2024-02-14 07:55:53,2024-02-14 13:50:53,355,completed,7,55,2,0,1,0,0,2,14,0
2453,UP80CL8433,car,C2,2024-02-14 07:59:43,2024-02-14 14:34:43,395,completed,7,59,2,0,1,0,0,2,14,0
2454,UP80TB6733,bike,B1,2024-02-14 07:44:31,2024-02-14 12:25:31,281,completed,7,44,2,0,1,0,0,2,14,1
2455,UP80WW7227,car,C4,2024-02-14 07:33:39,2024-02-14 11:56:39,263,completed,7,33,2,0,1,0,0,2,14,0
2456,UP80PS1750,bike,B2,2024-02-14 07:55:18,2024-02-14 10:13:18,138,completed,7,55,2,0,1,0,0,2,14,1
2457,UP80RG8239,bike,B3,2024-02-14 07:20:59,2024-02-14 10:29:59,189,completed,7,20,2,0,1,0,0,2,14,1
2458,UP80EG6363,bike,B4,2024-02-14 08:19:12,2024-02-14 11:56:12,217,completed,8,19,2,0,1,0,0,2,14,1
2459,UP80ZU9317,car,C5,2024-02-14 08:43:26,2024-02-14 13:24:26,281,completed,8,43,2,0,1,0,0,2,14,0
2460,UP80DH1958,bike,B5,2024-02-14 08:49:39,2024-02-14 13:29:39,280,completed,8,49,2,0,1,0,0,2,14,1
2461,UP80NZ7201,car,C6,2024-02-14 08:51:49,2024-02-14 14:29:49,338,completed,8,51,2,0,1,0,0,2,14,0
2462,UP80NC1771,car,C7,2024-02-14 08:34:35,2024-02-14 13:41:35,307,completed,8,34,2,0,1,0,0,2,14,0
2463,UP80DJ5374,bike,B6,2024-02-14 08:37:33,2024-02-14 12:10:33,213,completed,8,37,2,0,1,0,0,2,14,1
2464,UP80LY2188,car,C8,2024-02-14 08:50:40,2024-02-14 14:18:40,328,completed,8,50,2,0,1,0,0,2,14,0
2465,UP80ML4501,bike,B7,2024-02-14 08:56:41,2024-02-14 12:57:41,241,completed,8,56,2,0,1,0,0,2,14,1
2466,UP80SC9797,car,C1,2024-02-14 08:17:59,2024-02-14 15:26:59,429,completed,8,17,2,0,1,0,0,2,14,0
2467,UP80FN1434,bike,B8,2024-02-14 08:21:09,2024-02-14 12:18:09,237,completed,8,21,2,0,1,0,0,2,14,1
2468,UP80WN4258,car,C9,2024-02-14 08:52:35,2024-02-14 17:28:35,516,completed,8,52,2,0,1,0,0,2,14,0
2469,UP80LB6974,bike,B9,2024-02-14 09:04:12,2024-02-14 14:03:12,299,completed,9,4,2,0,1,0,0,2,14,1
2470,UP80QR2375,bike,B10,2024-02-14 09:35:37,2024-02-14 13:06:37,211,completed,9,35,2,0,1,0,0,2,14,1
2471,UP80QA2535,bike,B11,2024-02-14 09:36:26,2024-02-14 14:59:26,323,completed,9,36,2,0,1,0,0,2,14,1
2472,UP80GQ7543,car,C10,2024-02-14 09:31:38,2024-02-14 15:21:38,350,completed,9,31,2,0,1,0,0,2,14,0
2473,UP80QV8527,car,C11,2024-02-14 09:24:20,2024-02-14 16:36:20,432,completed,9,24,2,0,1,0,0,2,14,0
2474,UP80XA6442,car,C12,2024-02-14 10:03:02,2024-02-14 12:50:02,167,completed,10,3,2,0,0,0,0,2,14,0
2475,UP80SJ3547,car,C13,2024-02-14 10:06:35,2024-02-14 12:25:35,139,completed,10,6,2,0,0,0,0,2,14,0
2476,UP80CL8433,car,C4,2024-02-14 12:43:27,2024-02-14 12:58:27,15,completed,12,43,2,0,0,1,0,2,14,0
2477,UP80XW5889,car,C13,2024-02-14 12:03:00,2024-02-14 12:59:00,56,completed,12,3,2,0,0,1,0,2,14,0
2478,UP80ZU9317,car,C14,2024-02-14 12:15:14,2024-02-14 12:58:14,43,completed,12,15,2,0,0,1,0,2,14,0
2479,UP80UU6573,car,C4,2024-02-14 13:36:48,2024-02-14 14:27:48,51,completed,13,36,2,0,0,1,0,2,14,0
2480,UP80PS1750,bike,B1,2024-02-14 13:01:35,2024-02-14 13:54:35,53,completed,13,1,2,0,0,1,0,2,14,1
2481,UP80CY4848,car,C5,2024-02-14 13:10:51,2024-02-14 14:18:51,68,completed,13,10,2,0,0,1,0,2,14,0
2482,UP80XW5889,car,C3,2024-02-14 14:10:05,2024-02-14 17:02:05,172,completed,14,10,2,0,0,0,0,2,14,0
2483,UP80LL5557,car,C7,2024-02-14 14:17:51,2024-02-14 16:17:51,120,completed,14,17,2,0,0,0,0,2,14,0
2484,UP80QV8527,car,C12,2024-02-14 14:15:29,2024-02-14 16:55:29,160,completed,14,15,2,0,0,0,0,2,14,0
2485,UP80RA5506,car,C2,2024-02-14 14:58:14,2024-02-14 17:00:14,122,completed,14,58,2,0,0,0,0,2,14,0
2486,UP80KB6155,car,C1,2024-02-14 15:37:55,2024-02-14 18:11:55,154,completed,15,37,2,0,0,0,0,2,14,0
2487,UP80PT9928,car,C4,2024-02-14 16:28:13,2024-02-14 17:51:13,83,completed,16,28,2,0,0,0,0,2,14,0
2488,UP80HF2419,bike,B1,2024-02-14 16:09:47,2024-02-14 17:38:47,89,completed,16,9,2,0,0,0,0,2,14,1
2489,UP80GR6977,car,C5,2024-02-14 16:48:24,2024-02-14 19:04:24,136,completed,16,48,2,0,0,0,0,2,14,0
2490,UP80JB6409,bike,B2,2024-02-14 17:27:50,2024-02-14 19:17:50,110,completed,17,27,2,0,0,0,1,2,14,1
2491,UP80XW5889,car,C2,2024-02-14 17:20:01,2024-02-14 18:25:01,65,completed,17,20,2,0,0,0,1,2,14,0
2492,UP80FN1434,bike,B3,2024-02-14 17:13:23,2024-02-14 18:45:23,92,completed,17,13,2,0,0,0,1,2,14,1
2493,UP80KB6155,car,C3,2024-02-14 17:38:53,2024-02-14 19:22:53,104,completed,17,38,2,0,0,0,1,2,14,0
2494,UP80GR6977,car,C6,2024-02-14 17:13:20,2024-02-14 19:09:20,116,completed,17,13,2,0,0,0,1,2,14,0
2495,UP80PS1750,bike,B1,2024-02-14 17:15:45,2024-02-14 17:52:45,37,completed,17,15,2,0,0,0,1,2,14,1
2496,UP80PL1158,car,C7,2024-02-14 17:01:43,2024-02-14 19:13:43,132,completed,17,1,2,0,0,0,1,2,14,0
2497,UP80FD2679,bike,B4,2024-02-14 17:41:44,2024-02-14 18:38:44,57,completed,17,41,2,0,0,0,1,2,14,1
2498,UP80JZ3266,car,C1,2024-02-14 18:24:01,2024-02-14 20:11:01,107,completed,18,24,2,0,0,0,1,2,14,0
2499,UP80WW7227,car,C2,2024-02-14 18:58:27,2024-02-14 20:14:27,76,completed,18,58,2,0,0,0,1,2,14,0
2500,UP80CC6635,car,C4,2024-02-14 18:58:16,2024-02-14 20:47:16,109,completed,18,58,2,0,0,0,1,2,14,0
2501,UP80NZ1188,bike,B1,2024-02-14 18:14:54,2024-02-14 18:51:54,37,completed,18,14,2,0,0,0,1,2,14,1
2502,UP80KW5978,bike,B1,2024-02-14 18:54:02,2024-02-14 19:42:02,48,completed,18,54,2,0,0,0,1,2,14,1
2503,UP80CC6635,car,C8,2024-02-14 18:03:48,2024-02-14 20:11:48,128,completed,18,3,2,0,0,0,1,2,14,0
2504,UP80WW7227,car,C9,2024-02-14 18:03:16,2024-02-14 19:58:16,115,completed,18,3,2,0,0,0,1,2,14,0
2505,UP80GQ7543,car,C10,2024-02-14 18:28:09,2024-02-14 19:46:09,78,completed,18,28,2,0,0,0,1,2,14,0
2506,UP80NZ1188,bike,B3,2024-02-14 18:14:26,2024-02-14 20:23:26,129,completed,18,14,2,0,0,0,1,2,14,1
2507,UP80GL8613,car,C11,2024-02-14 18:04:14,2024-02-14 20:15:14,131,completed,18,4,2,0,0,0,1,2,14,0
2508,UP80HQ8025,car,C3,2024-02-14 19:50:55,2024-02-14 21:34:55,104,completed,19,50,2,0,0,0,1,2,14,0
2509,UP80GQ7543,car,C5,2024-02-14 19:11:18,2024-02-14 20:58:18,107,completed,19,11,2,0,0,0,1,2,14,0
2510,UP80FN1434,bike,B1,2024-02-14 19:51:12,2024-02-14 20:54:12,63,completed,19,51,2,0,0,0,1,2,14,1
2511,UP80QV8527,car,C6,2024-02-14 19:04:49,2024-02-14 19:43:49,39,completed,19,4,2,0,0,0,1,2,14,0
2512,UP80QV8527,car,C7,2024-02-14 19:35:48,2024-02-14 20:53:48,78,completed,19,35,2,0,0,0,1,2,14,0
2513,UP80PL1158,car,C10,2024-02-14 19:09:34,2024-02-14 20:45:34,96,completed,19,9,2,0,0,0,1,2,14,0
2514,UP80FD2679,bike,B2,2024-02-14 19:10:49,2024-02-14 20:03:49,53,completed,19,10,2,0,0,0,1,2,14,1
2515,UP80DB8784,car,C12,2024-02-14 19:32:32,2024-02-14 21:08:32,96,completed,19,32,2,0,0,0,1,2,14,0
2516,UP80ZU9317,car,C6,2024-02-14 20:09:54,2024-02-14 22:18:54,129,completed,20,9,2,0,0,0,0,2,14,0
2517,UP80GR6977,car,C1,2024-02-14 20:53:23,2024-02-14 22:10:23,77,completed,20,53,2,0,0,0,0,2,14,0
2518,UP80KY5033,car,C1,2024-02-14 22:45:07,2024-02-15 00:55:07,130,completed,22,45,2,0,0,0,0,2,14,0
2519,UP80DK4598,car,C1,2024-02-15 04:23:01,2024-02-15 06:36:01,133,completed,4,23,3,0,0,0,0,2,15,0
2520,UP80QA2535,bike,B1,2024-02-15 06:39:20,2024-02-15 07:27:20,48,completed,6,39,3,0,0,0,0,2,15,1
2521,UP80JZ3266,car,C1,2024-02-15 07:51:33,2024-02-15 13:54:33,363,completed,7,51,3,0,1,0,0,2,15,0
2522,UP80UU6573,car,C2,2024-02-15 07:32:02,2024-02-15 12:28:02,296,completed,7,32,3,0,1,0,0,2,15,0
2523,UP80FN1434,bike,B1,2024-02-15 07:46:47,2024-02-15 12:20:47,274,completed,7,46,3,0,1,0,0,2,15,1
2524,UP80JZ3266,car,C3,2024-02-15 07:52:24,2024-02-15 13:51:24,359,completed,7,52,3,0,1,0,0,2,15,0
2525,UP80FU2674,car,C4,2024-02-15 07:46:46,2024-02-15 15:09:46,443,completed,7,46,3,0,1,0,0,2,15,0
2526,UP80FM8517,bike,B2,2024-02-15 07:05:39,2024-02-15 12:48:39,343,completed,7,5,3,0,1,0,0,2,15,1
2527,UP80RA5506,car,C5,2024-02-15 08:14:02,2024-02-15 14:51:02,397,completed,8,14,3,0,1,0,0,2,15,0
2528,UP80FU2674,car,C6,2024-02-15 08:36:12,2024-02-15 14:24:12,348,completed,8,36,3,0,1,0,0,2,15,0
2529,UP80BH6925,bike,B3,2024-02-15 08:27:35,2024-02-15 12:49:35,262,completed,8,27,3,0,1,0,0,2,15,1
2530,UP80WD3621,bike,B4,2024-02-15 08:54:02,2024-02-15 12:54:02,240,completed,8,54,3,0,1,0,0,2,15,1
2531,UP80CC6635,car,C7,2024-02-15 08:50:04,2024-02-15 15:52:04,422,completed,8,50,3,0,1,0,0,2,15,0
2532,UP80DK4598,car,C8,2024-02-15 08:05:42,2024-02-15 13:33:42,328,completed,8,5,3,0,1,0,0,2,15,0
2533,UP80KE7883,car,C9,2024-02-15 08:39:46,2024-02-15 15:23:46,404,completed,8,39,3,0,1,0,0,2,15,0
2534,UP80HQ8025,car,C10,2024-02-15 08:35:35,2024-02-15 14:22:35,347,completed,8,35,3,0,1,0,0,2,15,0
2535,UP80NZ1188,bike,B5,2024-02-15 08:21:40,2024-02-15 13:11:40,290,completed,8,21,3,0,1,0,0,2,15,1
2536,UP80GR6977,car,C11,2024-02-15 08:45:37,2024-02-15 16:00:37,435,completed,8,45,3,0,1,0,0,2,15,0
2537,UP80PL1158,car,C12,2024-02-15 08:51:38,2024-02-15 14:52:38,361,completed,8,51,3,0,1,0,0,2,15,0
2538,UP80KQ8668,bike,B6,2024-02-15 09:30:17,2024-02-15 13:42:17,252,completed,9,30,3,0,1,0,0,2,15,1
2539,UP80TK7547,bike,B7,2024-02-15 09:19:31,2024-02-15 14:35:31,316,completed,9,19,3,0,1,0,0,2,15,1
2540,UP80FU2674,car,C13,2024-02-15 09:51:55,2024-02-15 16:16:55,385,completed,9,51,3,0,1,0,0,2,15,0
2541,UP80GQ6617,car,C14,2024-02-15 09:35:14,2024-02-15 16:08:14,393,completed,9,35,3,0,1,0,0,2,15,0
2542,UP80BB5786,car,C15,2024-02-15 09:57:09,2024-02-15 15:26:09,329,completed,9,57,3,0,1,0,0,2,15,0
2543,UP80FM8517,bike,B8,2024-02-15 10:34:32,2024-02-15 11:29:32,55,completed,10,34,3,0,0,0,0,2,15,1
2544,UP80WD3621,bike,B9,2024-02-15 10:05:15,2024-02-15 11:30:15,85,completed,10,5,3,0,0,0,0,2,15,1
2545,UP80QE5010,car,C16,2024-02-15 10:59:42,2024-02-15 13:11:42,132,completed,10,59,3,0,0,0,0,2,15,0
2546,UP80FA6168,bike,B8,2024-02-15 11:30:01,2024-02-15 12:41:01,71,completed,11,30,3,0,0,0,0,2,15,1
2547,UP80FM8517,bike,B1,2024-02-15 12:59:25,2024-02-15 13:34:25,35,completed,12,59,3,0,0,1,0,2,15,1
2548,UP80NV4228,car,C2,2024-02-15 12:15:39,2024-02-15 13:21:39,66,completed,12,15,3,0,0,1,0,2,15,0
2549,UP80WN4258,car,C2,2024-02-15 13:41:09,2024-02-15 14:35:09,54,completed,13,41,3,0,0,1,0,2,15,0
2550,UP80SW1916,bike,B1,2024-02-15 13:18:53,2024-02-15 14:03:53,45,completed,13,18,3,0,0,1,0,2,15,1
2551,UP80CC6635,car,C1,2024-02-15 14:42:36,2024-02-15 17:09:36,147,completed,14,42,3,0,0,0,0,2,15,0
2552,UP80SX2424,car,C2,2024-02-15 14:02:37,2024-02-15 15:39:37,97,completed,14,2,3,0,0,0,0,2,15,0
2553,UP80DJ2127,car,C3,2024-02-15 14:39:00,2024-02-15 16:59:00,140,completed,14,39,3,0,0,0,0,2,15,0
2554,UP80AT5315,car,C5,2024-02-15 14:52:31,2024-02-15 15:29:31,37,completed,14,52,3,0,0,0,0,2,15,0
2555,UP80FD8744,car,C4,2024-02-15 15:18:39,2024-02-15 17:34:39,136,completed,15,18,3,0,0,0,0,2,15,0
2556,UP80WW7227,car,C6,2024-02-15 15:04:29,2024-02-15 16:35:29,91,completed,15,4,3,0,0,0,0,2,15,0
2557,UP80RD8564,car,C8,2024-02-15 15:10:41,2024-02-15 17:54:41,164,completed,15,10,3,0,0,0,0,2,15,0
2558,UP80DK4598,car,C2,2024-02-15 16:44:18,2024-02-15 19:15:18,151,completed,16,44,3,0,0,0,0,2,15,0
2559,UP80JZ3266,car,C5,2024-02-15 16:42:10,2024-02-15 18:11:10,89,completed,16,42,3,0,0,0,0,2,15,0
2560,UP80KR4185,car,C6,2024-02-15 16:18:41,2024-02-15 18:54:41,156,completed,16,18,3,0,0,0,0,2,15,0
2561,UP80JN9785,bike,B1,2024-02-15 16:26:51,2024-02-15 17:32:51,66,completed,16,26,3,0,0,0,0,2,15,1
2562,UP80GW7932,bike,B2,2024-02-15 17:29:09,2024-02-15 18:29:09,60,completed,17,29,3,0,0,0,1,2,15,1
2563,UP80VA3615,car,C1,2024-02-15 17:05:03,2024-02-15 19:39:03,154,completed,17,5,3,0,0,0,1,2,15,0
2564,UP80UK5065,bike,B3,2024-02-15 17:08:09,2024-02-15 19:34:09,146,completed,17,8,3,0,0,0,1,2,15,1
2565,UP80AT5315,car,C3,2024-02-15 17:49:21,2024-02-15 19:21:21,92,completed,17,49,3,0,0,0,1,2,15,0
2566,UP80GC4155,bike,B1,2024-02-15 18:26:07,2024-02-15 20:09:07,103,completed,18,26,3,0,0,0,1,2,15,1
2567,UP80FR7528,car,C4,2024-02-15 18:42:35,2024-02-15 20:31:35,109,completed,18,42,3,0,0,0,1,2,15,0
2568,UP80CC6635,car,C5,2024-02-15 18:30:41,2024-02-15 19:52:41,82,completed,18,30,3,0,0,0,1,2,15,0
2569,UP80QA2535,bike,B2,2024-02-15 18:25:12,2024-02-15 20:28:12,123,completed,18,25,3,0,0,0,1,2,15,1
2570,UP80VL2040,car,C7,2024-02-15 18:16:24,2024-02-15 19:57:24,101,completed,18,16,3,0,0,0,1,2,15,0
2571,UP80ML4020,car,C8,2024-02-15 18:29:42,2024-02-15 20:20:42,111,completed,18,29,3,0,0,0,1,2,15,0
2572,UP80ML4020,car,C9,2024-02-15 18:52:20,2024-02-15 19:57:20,65,completed,18,52,3,0,0,0,1,2,15,0
2573,UP80CL8433,car,C10,2024-02-15 18:27:42,2024-02-15 20:09:42,102,completed,18,27,3,0,0,0,1,2,15,0
2574,UP80WW7227,car,C6,2024-02-15 18:55:50,2024-02-15 20:10:50,75,completed,18,55,3,0,0,0,1,2,15,0
2575,UP80DK4598,car,C11,2024-02-15 18:26:05,2024-02-15 20:33:05,127,completed,18,26,3,0,0,0,1,2,15,0
2576,UP80GR6977,car,C12,2024-02-15 18:15:32,2024-02-15 20:34:32,139,completed,18,15,3,0,0,0,1,2,15,0
2577,UP80UF9486,car,C1,2024-02-15 19:58:12,2024-02-15 21:31:12,93,completed,19,58,3,0,0,0,1,2,15,0
2578,UP80XW5889,car,C2,2024-02-15 19:23:45,2024-02-15 20:53:45,90,completed,19,23,3,0,0,0,1,2,15,0
2579,UP80WD3621,bike,B3,2024-02-15 19:23:21,2024-02-15 20:46:21,83,completed,19,23,3,0,0,0,1,2,15,1
2580,UP80KQ8668,bike,B4,2024-02-15 19:12:13,2024-02-15 19:21:13,9,completed,19,12,3,0,0,0,1,2,15,1
2581,UP80NZ1188,bike,B5,2024-02-15 19:17:33,2024-02-15 21:06:33,109,completed,19,17,3,0,0,0,1,2,15,1
2582,UP80SX2424,car,C3,2024-02-15 19:39:12,2024-02-15 21:07:12,88,completed,19,39,3,0,0,0,1,2,15,0
2583,UP80DJ5374,bike,B4,2024-02-15 19:29:46,2024-02-15 20:03:46,34,completed,19,29,3,0,0,0,1,2,15,1
2584,UP80DD9830,car,C5,2024-02-15 19:02:18,2024-02-15 20:19:18,77,completed,19,2,3,0,0,0,1,2,15,0
2585,UP80FX6413,bike,B1,2024-02-15 20:37:40,2024-02-15 21:01:40,24,completed,20,37,3,0,0,0,0,2,15,1
2586,UP80ZG9817,car,C2,2024-02-15 20:59:29,2024-02-15 23:12:29,133,completed,20,59,3,0,0,0,0,2,15,0
2587,UP80BR1207,bike,B2,2024-02-15 20:36:14,2024-02-15 21:54:14,78,completed,20,36,3,0,0,0,0,2,15,1
2588,UP80NG1832,bike,B3,2024-02-15 20:57:41,2024-02-15 22:31:41,94,completed,20,57,3,0,0,0,0,2,15,1
2589,UP80FM8517,bike,B1,2024-02-15 21:42:57,2024-02-15 22:54:57,72,completed,21,42,3,0,0,0,0,2,15,1
2590,UP80GB5681,bike,B2,2024-02-15 22:02:14,2024-02-15 23:47:14,105,completed,22,2,3,0,0,0,0,2,15,1
2591,UP80QA2535,bike,B4,2024-02-15 22:15:25,2024-02-16 00:13:25,118,completed,22,15,3,0,0,0,0,2,15,1
2592,UP80WQ4908,bike,B1,2024-02-15 23:17:34,2024-02-16 00:20:34,63,completed,23,17,3,0,0,0,0,2,15,1
2593,UP80FN1434,bike,B1,2024-02-16 06:50:49,2024-02-16 08:16:49,86,completed,6,50,4,0,0,0,0,2,16,1
2594,UP80NZ7201,car,C1,2024-02-16 06:33:52,2024-02-16 09:04:52,151,completed,6,33,4,0,0,0,0,2,16,0
2595,UP80TH6067,bike,B2,2024-02-16 06:30:59,2024-02-16 08:33:59,123,completed,6,30,4,0,0,0,0,2,16,1
2596,UP80KQ8668,bike,B3,2024-02-16 07:50:48,2024-02-16 12:11:48,261,completed,7,50,4,0,1,0,0,2,16,1
2597,UP80CC6635,car,C2,2024-02-16 07:49:51,2024-02-16 14:20:51,391,completed,7,49,4,0,1,0,0,2,16,0
2598,UP80BF8953,car,C3,2024-02-16 08:49:37,2024-02-16 16:08:37,439,completed,8,49,4,0,1,0,0,2,16,0
2599,UP80XV2169,car,C4,2024-02-16 08:47:14,2024-02-16 13:04:14,257,completed,8,47,4,0,1,0,0,2,16,0
2600,UP80NZ7201,car,C5,2024-02-16 08:24:20,2024-02-16 14:27:20,363,completed,8,24,4,0,1,0,0,2,16,0
2601,UP80NZ7201,car,C6,2024-02-16 08:57:02,2024-02-16 15:53:02,416,completed,8,57,4,0,1,0,0,2,16,0
2602,UP80DK4598,car,C7,2024-02-16 08:42:59,2024-02-16 14:43:59,361,completed,8,42,4,0,1,0,0,2,16,0
2603,UP80HA5279,bike,B1,2024-02-16 08:26:47,2024-02-16 12:42:47,256,completed,8,26,4,0,1,0,0,2,16,1
2604,UP80UU6573,car,C1,2024-02-16 09:53:06,2024-02-16 15:33:06,340,completed,9,53,4,0,1,0,0,2,16,0
2605,UP80WD3621,bike,B2,2024-02-16 09:49:07,2024-02-16 10:29:07,40,completed,9,49,4,0,1,0,0,2,16,1
2606,UP80XW5889,car,C8,2024-02-16 09:46:48,2024-02-16 15:53:48,367,completed,9,46,4,0,1,0,0,2,16,0
2607,UP80PN4130,bike,B4,2024-02-16 09:51:02,2024-02-16 13:29:02,218,completed,9,51,4,0,1,0,0,2,16,1
2608,UP80LL5557,car,C9,2024-02-16 09:52:27,2024-02-16 16:39:27,407,completed,9,52,4,0,1,0,0,2,16,0
2609,UP80SJ3547,car,C10,2024-02-16 10:03:19,2024-02-16 11:38:19,95,completed,10,3,4,0,0,0,0,2,16,0
2610,UP80DD9830,car,C11,2024-02-16 10:09:17,2024-02-16 10:59:17,50,completed,10,9,4,0,0,0,0,2,16,0
2611,UP80VL2040,car,C12,2024-02-16 10:04:33,2024-02-16 11:51:33,107,completed,10,4,4,0,0,0,0,2,16,0
2612,UP80TH9379,car,C13,2024-02-16 10:01:01,2024-02-16 12:32:01,151,completed,10,1,4,0,0,0,0,2,16,0
2613,UP80SJ3547,car,C11,2024-02-16 11:11:45,2024-02-16 14:00:45,169,completed,11,11,4,0,0,0,0,2,16,0
2614,UP80LL5557,car,C10,2024-02-16 11:54:06,2024-02-16 13:31:06,97,completed,11,54,4,0,0,0,0,2,16,0
2615,UP80VA3615,car,C12,2024-02-16 12:16:49,2024-02-16 13:21:49,65,completed,12,16,4,0,0,1,0,2,16,0
2616,UP80GR6977,car,C13,2024-02-16 12:51:05,2024-02-16 14:03:05,72,completed,12,51,4,0,0,1,0,2,16,0
2617,UP80EB1043,car,C14,2024-02-16 12:19:53,2024-02-16 12:40:53,21,completed,12,19,4,0,0,1,0,2,16,0
2618,UP80CL8433,car,C4,2024-02-16 13:51:45,2024-02-16 14:40:45,49,completed,13,51,4,0,0,1,0,2,16,0
2619,UP80UU6573,car,C10,2024-02-16 13:55:44,2024-02-16 14:49:44,54,completed,13,55,4,0,0,1,0,2,16,0
2620,UP80JN9785,bike,B1,2024-02-16 14:25:48,2024-02-16 15:30:48,65,completed,14,25,4,0,0,0,0,2,16,1
2621,UP80DK4598,car,C2,2024-02-16 14:58:56,2024-02-16 16:56:56,118,completed,14,58,4,0,0,0,0,2,16,0
2622,UP80JL7071,car,C4,2024-02-16 14:04:06,2024-02-16 16:16:06,132,completed,14,4,4,0,0,0,0,2,16,0
2623,UP80ZY4295,bike,B2,2024-02-16 14:00:06,2024-02-16 14:51:06,51,completed,14,0,4,0,0,0,0,2,16,1
2624,UP80AT5315,car,C5,2024-02-16 14:34:06,2024-02-16 16:41:06,127,completed,14,34,4,0,0,0,0,2,16,0
2625,UP80EC8062,car,C1,2024-02-16 15:35:57,2024-02-16 17:22:57,107,completed,15,35,4,0,0,0,0,2,16,0
2626,UP80FY8260,bike,B1,2024-02-16 15:58:36,2024-02-16 17:26:36,88,completed,15,58,4,0,0,0,0,2,16,1
2627,UP80BH6925,bike,B2,2024-02-16 15:40:51,2024-02-16 16:53:51,73,completed,15,40,4,0,0,0,0,2,16,1
2628,UP80QR2375,bike,B3,2024-02-16 16:47:52,2024-02-16 17:49:52,62,completed,16,47,4,0,0,0,0,2,16,1
2629,UP80NZ1188,bike,B4,2024-02-16 16:15:26,2024-02-16 17:53:26,98,completed,16,15,4,0,0,0,0,2,16,1
2630,UP80MG8956,car,C1,2024-02-16 17:46:49,2024-02-16 18:48:49,62,completed,17,46,4,0,0,0,1,2,16,0
2631,UP80BH6925,bike,B1,2024-02-16 17:35:15,2024-02-16 18:31:15,56,completed,17,35,4,0,0,0,1,2,16,1
2632,UP80SJ3547,car,C2,2024-02-16 17:52:33,2024-02-16 19:02:33,70,completed,17,52,4,0,0,0,1,2,16,0
2633,UP80AT5315,car,C3,2024-02-16 17:25:37,2024-02-16 18:49:37,84,completed,17,25,4,0,0,0,1,2,16,0
2634,UP80DD9830,car,C4,2024-02-16 17:54:56,2024-02-16 19:46:56,112,completed,17,54,4,0,0,0,1,2,16,0
2635,UP80RA5506,car,C5,2024-02-16 18:16:41,2024-02-16 20:16:41,120,completed,18,16,4,0,0,0,1,2,16,0
2636,UP80SJ3547,car,C6,2024-02-16 18:12:47,2024-02-16 19:37:47,85,completed,18,12,4,0,0,0,1,2,16,0
2637,UP80CU2983,bike,B1,2024-02-16 18:36:11,2024-02-16 20:18:11,102,completed,18,36,4,0,0,0,1,2,16,1
2638,UP80RU2307,car,C7,2024-02-16 18:08:45,2024-02-16 20:08:45,120,completed,18,8,4,0,0,0,1,2,16,0
2639,UP80QZ4180,bike,B2,2024-02-16 18:47:02,2024-02-16 19:10:02,23,completed,18,47,4,0,0,0,1,2,16,1
2640,UP80BH6925,bike,B3,2024-02-16 18:17:07,2024-02-16 20:11:07,114,completed,18,17,4,0,0,0,1,2,16,1
2641,UP80QM2832,bike,B4,2024-02-16 18:45:07,2024-02-16 19:40:07,55,completed,18,45,4,0,0,0,1,2,16,1
2642,UP80VA3615,car,C8,2024-02-16 18:28:09,2024-02-16 20:12:09,104,completed,18,28,4,0,0,0,1,2,16,0
2643,UP80DD9830,car,C1,2024-02-16 18:55:23,2024-02-16 19:58:23,63,completed,18,55,4,0,0,0,1,2,16,0
2644,UP80FU2674,car,C3,2024-02-16 18:17:28,2024-02-16 20:12:28,115,completed,18,17,4,0,0,0,1,2,16,0
2645,UP80RU2307,car,C9,2024-02-16 18:13:24,2024-02-16 18:29:24,16,completed,18,13,4,0,0,0,1,2,16,0
2646,UP80GQ7543,car,C10,2024-02-16 18:27:03,2024-02-16 20:01:03,94,completed,18,27,4,0,0,0,1,2,16,0
2647,UP80QA2535,bike,B5,2024-02-16 18:29:10,2024-02-16 19:43:10,74,completed,18,29,4,0,0,0,1,2,16,1
2648,UP80DJ5374,bike,B6,2024-02-16 18:13:26,2024-02-16 18:57:26,44,completed,18,13,4,0,0,0,1,2,16,1
2649,UP80GQ7543,car,C11,2024-02-16 18:09:18,2024-02-16 19:43:18,94,completed,18,9,4,0,0,0,1,2,16,0
2650,UP80NC1771,car,C2,2024-02-16 19:48:33,2024-02-16 20:44:33,56,completed,19,48,4,0,0,0,1,2,16,0
2651,UP80JZ3266,car,C4,2024-02-16 19:22:19,2024-02-16 21:10:19,108,completed,19,22,4,0,0,0,1,2,16,0
2652,UP80ZT4878,bike,B2,2024-02-16 19:53:30,2024-02-16 21:55:30,122,completed,19,53,4,0,0,0,1,2,16,1
2653,UP80SJ3547,car,C1,2024-02-16 20:10:30,2024-02-16 22:39:30,149,completed,20,10,4,0,0,0,0,2,16,0
2654,UP80UU6573,car,C3,2024-02-16 20:31:24,2024-02-16 22:34:24,123,completed,20,31,4,0,0,0,0,2,16,0
2655,UP80BZ1241,bike,B1,2024-02-16 20:32:41,2024-02-16 21:44:41,72,completed,20,32,4,0,0,0,0,2,16,1
2656,UP80NZ1188,bike,B3,2024-02-16 20:16:44,2024-02-16 21:54:44,98,completed,20,16,4,0,0,0,0,2,16,1
2657,UP80FF2290,car,C2,2024-02-16 21:51:19,2024-02-17 01:23:19,212,completed,21,51,4,0,0,0,0,2,16,0
2658,UP80PW3426,car,C1,2024-02-16 23:06:15,2024-02-17 01:44:15,158,completed,23,6,4,0,0,0,0,2,16,0
2659,UP80DD9830,car,C1,2024-02-17 06:36:57,2024-02-17 08:35:57,119,completed,6,36,5,1,0,0,0,2,17,0
2660,UP80UU6573,car,C2,2024-02-17 07:47:04,2024-02-17 12:36:04,289,completed,7,47,5,1,1,0,0,2,17,0
2661,UP80GX3546,car,C3,2024-02-17 08:08:14,2024-02-17 12:13:14,245,completed,8,8,5,1,1,0,0,2,17,0
2662,UP80GR6977,car,C1,2024-02-17 09:37:26,2024-02-17 15:32:26,355,completed,9,37,5,1,1,0,0,2,17,0
2663,UP80BT2790,bike,B1,2024-02-17 09:56:28,2024-02-17 12:37:28,161,completed,9,56,5,1,1,0,0,2,17,1
2664,UP80FB1659,car,C4,2024-02-17 10:51:16,2024-02-17 13:15:16,144,completed,10,51,5,1,0,0,0,2,17,0
2665,UP80GR6977,car,C5,2024-02-17 11:48:15,2024-02-17 12:50:15,62,completed,11,48,5,1,0,0,0,2,17,0
2666,UP80GX3546,car,C6,2024-02-17 11:00:59,2024-02-17 12:46:59,106,completed,11,0,5,1,0,0,0,2,17,0
2667,UP80KQ8668,bike,B2,2024-02-17 11:56:21,2024-02-17 12:16:21,20,completed,11,56,5,1,0,0,0,2,17,1
2668,UP80SW1916,bike,B3,2024-02-17 11:27:44,2024-02-17 12:13:44,46,completed,11,27,5,1,0,0,0,2,17,1
2669,UP80LL5557,car,C7,2024-02-17 11:35:44,2024-02-17 14:21:44,166,completed,11,35,5,1,0,0,0,2,17,0
2670,UP80CL5533,bike,B4,2024-02-17 12:12:11,2024-02-17 12:54:11,42,completed,12,12,5,1,0,1,0,2,17,1
2671,UP80BH6925,bike,B1,2024-02-17 12:46:11,2024-02-17 13:21:11,35,completed,12,46,5,1,0,1,0,2,17,1
2672,UP80SX2424,car,C2,2024-02-17 12:28:14,2024-02-17 13:24:14,56,completed,12,28,5,1,0,1,0,2,17,0
2673,UP80SS2169,bike,B1,2024-02-17 13:58:46,2024-02-17 14:49:46,51,completed,13,58,5,1,0,1,0,2,17,1
2674,UP80KB6155,car,C2,2024-02-17 13:53:57,2024-02-17 14:22:57,29,completed,13,53,5,1,0,1,0,2,17,0
2675,UP80DD9830,car,C3,2024-02-17 13:23:02,2024-02-17 14:30:02,67,completed,13,23,5,1,0,1,0,2,17,0
2676,UP80PS1750,bike,B2,2024-02-17 14:09:26,2024-02-17 15:48:26,99,completed,14,9,5,1,0,0,0,2,17,1
2677,UP80ZG8827,bike,B3,2024-02-17 14:10:17,2024-02-17 14:52:17,42,completed,14,10,5,1,0,0,0,2,17,1
2678,UP80VP1672,car,C2,2024-02-17 14:59:37,2024-02-17 16:47:37,108,completed,14,59,5,1,0,0,0,2,17,0
2679,UP80ZU9317,car,C1,2024-02-17 15:56:28,2024-02-17 17:10:28,74,completed,15,56,5,1,0,0,0,2,17,0
2680,UP80JZ3266,car,C3,2024-02-17 15:27:11,2024-02-17 16:55:11,88,completed,15,27,5,1,0,0,0,2,17,0
2681,UP80FD2679,bike,B1,2024-02-17 15:16:38,2024-02-17 16:38:38,82,completed,15,16,5,1,0,0,0,2,17,1
2682,UP80AT5315,car,C4,2024-02-17 15:29:59,2024-02-17 17:22:59,113,completed,15,29,5,1,0,0,0,2,17,0
2683,UP80NG1832,bike,B1,2024-02-17 16:44:08,2024-02-17 17:59:08,75,completed,16,44,5,1,0,0,0,2,17,1
2684,UP80AT5315,car,C5,2024-02-17 16:35:30,2024-02-17 17:44:30,69,completed,16,35,5,1,0,0,0,2,17,0
2685,UP80QV8527,car,C2,2024-02-17 16:52:08,2024-02-17 18:00:08,68,completed,16,52,5,1,0,0,0,2,17,0
2686,UP80ZU9317,car,C3,2024-02-17 16:58:03,2024-02-17 18:41:03,103,completed,16,58,5,1,0,0,0,2,17,0
2687,UP80PT9928,car,C6,2024-02-17 17:04:15,2024-02-17 18:00:15,56,completed,17,4,5,1,0,0,1,2,17,0
2688,UP80QV8527,car,C1,2024-02-17 17:21:35,2024-02-17 18:48:35,87,completed,17,21,5,1,0,0,1,2,17,0
2689,UP80DH1958,bike,B2,2024-02-17 17:31:54,2024-02-17 18:48:54,77,completed,17,31,5,1,0,0,1,2,17,1
2690,UP80FN1434,bike,B1,2024-02-17 18:33:09,2024-02-17 19:23:09,50,completed,18,33,5,1,0,0,1,2,17,1
2691,UP80QE5010,car,C2,2024-02-17 18:40:34,2024-02-17 19:30:34,50,completed,18,40,5,1,0,0,1,2,17,0
2692,UP80RA5506,car,C4,2024-02-17 18:21:01,2024-02-17 20:03:01,102,completed,18,21,5,1,0,0,1,2,17,0
2693,UP80FD2679,bike,B2,2024-02-17 18:49:42,2024-02-17 20:16:42,87,completed,18,49,5,1,0,0,1,2,17,1
2694,UP80NZ7201,car,C1,2024-02-17 18:40:37,2024-02-17 20:08:37,88,completed,18,40,5,1,0,0,1,2,17,0
2695,UP80SC9797,car,C3,2024-02-17 18:51:06,2024-02-17 20:10:06,79,completed,18,51,5,1,0,0,1,2,17,0
2696,UP80SH5844,car,C2,2024-02-17 19:38:01,2024-02-17 20:45:01,67,completed,19,38,5,1,0,0,1,2,17,0
2697,UP80ZN7455,car,C5,2024-02-17 19:43:07,2024-02-17 20:30:07,47,completed,19,43,5,1,0,0,1,2,17,0
2698,UP80LJ8532,car,C1,2024-02-17 21:05:34,2024-02-17 22:09:34,64,completed,21,5,5,1,0,0,0,2,17,0
2699,UP80CT9004,bike,B1,2024-02-18 08:16:40,2024-02-18 12:49:40,273,completed,8,16,6,1,1,0,0,2,18,1
2700,UP80KB6155,car,C1,2024-02-18 08:59:15,2024-02-18 17:03:15,484,completed,8,59,6,1,1,0,0,2,18,0
2701,UP80FM8517,bike,B2,2024-02-18 08:12:33,2024-02-18 11:03:33,171,completed,8,12,6,1,1,0,0,2,18,1
2702,UP80DJ5374,bike,B3,2024-02-18 08:44:25,2024-02-18 13:15:25,271,completed,8,44,6,1,1,0,0,2,18,1
2703,UP80SS2169,bike,B4,2024-02-18 08:33:36,2024-02-18 11:20:36,167,completed,8,33,6,1,1,0,0,2,18,1
2704,UP80GL6279,car,C2,2024-02-18 09:26:48,2024-02-18 15:41:48,375,completed,9,26,6,1,1,0,0,2,18,0
2705,UP80LL5557,car,C3,2024-02-18 09:54:33,2024-02-18 13:49:33,235,completed,9,54,6,1,1,0,0,2,18,0
2706,UP80KA8711,car,C4,2024-02-18 10:55:02,2024-02-18 14:14:02,199,completed,10,55,6,1,0,0,0,2,18,0
2707,UP80FA6168,bike,B5,2024-02-18 10:40:24,2024-02-18 11:35:24,55,completed,10,40,6,1,0,0,0,2,18,1
2708,UP80FA6168,bike,B6,2024-02-18 10:25:50,2024-02-18 10:45:50,20,completed,10,25,6,1,0,0,0,2,18,1
2709,UP80FD2679,bike,B7,2024-02-18 10:43:11,2024-02-18 11:33:11,50,completed,10,43,6,1,0,0,0,2,18,1
2710,UP80RD8564,car,C5,2024-02-18 11:50:17,2024-02-18 13:05:17,75,completed,11,50,6,1,0,0,0,2,18,0
2711,UP80FD2679,bike,B1,2024-02-18 12:52:33,2024-02-18 13:32:33,40,completed,12,52,6,1,0,1,0,2,18,1
2712,UP80QV8527,car,C6,2024-02-18 12:35:44,2024-02-18 13:03:44,28,completed,12,35,6,1,0,1,0,2,18,0
2713,UP80LY8973,car,C7,2024-02-18 12:17:21,2024-02-18 12:33:21,16,completed,12,17,6,1,0,1,0,2,18,0
2714,UP80QA2535,bike,B1,2024-02-18 13:44:21,2024-02-18 14:40:21,56,completed,13,44,6,1,0,1,0,2,18,1
2715,UP80BH6925,bike,B2,2024-02-18 13:18:15,2024-02-18 14:01:15,43,completed,13,18,6,1,0,1,0,2,18,1
2716,UP80QE5010,car,C3,2024-02-18 13:53:33,2024-02-18 15:30:33,97,completed,13,53,6,1,0,1,0,2,18,0
2717,UP80PP6138,bike,B3,2024-02-18 13:07:25,2024-02-18 13:53:25,46,completed,13,7,6,1,0,1,0,2,18,1
2718,UP80VA3615,car,C5,2024-02-18 13:29:33,2024-02-18 14:16:33,47,completed,13,29,6,1,0,1,0,2,18,0
2719,UP80PT9928,car,C6,2024-02-18 13:38:12,2024-02-18 14:18:12,40,completed,13,38,6,1,0,1,0,2,18,0
2720,UP80PS1750,bike,B2,2024-02-18 14:25:41,2024-02-18 15:09:41,44,completed,14,25,6,1,0,0,0,2,18,1
2721,UP80FN1434,bike,B3,2024-02-18 14:26:54,2024-02-18 16:27:54,121,completed,14,26,6,1,0,0,0,2,18,1
2722,UP80TH9379,car,C3,2024-02-18 15:32:31,2024-02-18 17:16:31,104,completed,15,32,6,1,0,0,0,2,18,0
2723,UP80FR1090,bike,B1,2024-02-18 15:06:29,2024-02-18 16:20:29,74,completed,15,6,6,1,0,0,0,2,18,1
2724,UP80AV5905,car,C4,2024-02-18 15:00:00,2024-02-18 15:58:00,58,completed,15,0,6,1,0,0,0,2,18,0
2725,UP80DK4598,car,C2,2024-02-18 15:51:01,2024-02-18 17:23:01,92,completed,15,51,6,1,0,0,0,2,18,0
2726,UP80PL1158,car,C5,2024-02-18 15:38:33,2024-02-18 17:16:33,98,completed,15,38,6,1,0,0,0,2,18,0
2727,UP80VL2040,car,C6,2024-02-18 15:21:30,2024-02-18 17:28:30,127,completed,15,21,6,1,0,0,0,2,18,0
2728,UP80WN4258,car,C7,2024-02-18 15:07:46,2024-02-18 17:47:46,160,completed,15,7,6,1,0,0,0,2,18,0
2729,UP80XW5889,car,C8,2024-02-18 15:43:13,2024-02-18 17:13:13,90,completed,15,43,6,1,0,0,0,2,18,0
2730,UP80VA3615,car,C4,2024-02-18 16:19:38,2024-02-18 18:03:38,104,completed,16,19,6,1,0,0,0,2,18,0
2731,UP80LL5557,car,C9,2024-02-18 16:40:49,2024-02-18 17:59:49,79,completed,16,40,6,1,0,0,0,2,18,0
2732,UP80JL7071,car,C10,2024-02-18 16:30:21,2024-02-18 17:55:21,85,completed,16,30,6,1,0,0,0,2,18,0
2733,UP80CC6635,car,C11,2024-02-18 16:26:12,2024-02-18 19:00:12,154,completed,16,26,6,1,0,0,0,2,18,0
2734,UP80DK4598,car,C12,2024-02-18 16:04:15,2024-02-18 17:27:15,83,completed,16,4,6,1,0,0,0,2,18,0
2735,UP80SX2424,car,C1,2024-02-18 17:04:05,2024-02-18 18:01:05,57,completed,17,4,6,1,0,0,1,2,18,0
2736,UP80SX2424,car,C2,2024-02-18 17:33:34,2024-02-18 18:08:34,35,completed,17,33,6,1,0,0,1,2,18,0
2737,UP80NV4228,car,C3,2024-02-18 17:40:01,2024-02-18 19:03:01,83,completed,17,40,6,1,0,0,1,2,18,0
2738,UP80LL5557,car,C5,2024-02-18 17:50:47,2024-02-18 19:49:47,119,completed,17,50,6,1,0,0,1,2,18,0
2739,UP80YX6038,car,C1,2024-02-18 18:08:27,2024-02-18 20:52:27,164,completed,18,8,6,1,0,0,1,2,18,0
2740,UP80SX5930,bike,B1,2024-02-18 18:03:33,2024-02-18 18:47:33,44,completed,18,3,6,1,0,0,1,2,18,1
2741,UP80FD2679,bike,B1,2024-02-18 18:56:38,2024-02-18 19:29:38,33,completed,18,56,6,1,0,0,1,2,18,1
2742,UP80QV8527,car,C2,2024-02-18 18:47:13,2024-02-18 20:47:13,120,completed,18,47,6,1,0,0,1,2,18,0
2743,UP80QA2535,bike,B2,2024-02-18 18:16:57,2024-02-18 19:23:57,67,completed,18,16,6,1,0,0,1,2,18,1
2744,UP80VL2040,car,C3,2024-02-18 19:36:06,2024-02-18 20:25:06,49,completed,19,36,6,1,0,0,1,2,18,0
2745,UP80PS6511,bike,B1,2024-02-18 19:35:41,2024-02-18 20:41:41,66,completed,19,35,6,1,0,0,1,2,18,1
2746,UP80SS2169,bike,B2,2024-02-18 19:47:02,2024-02-18 21:37:02,110,completed,19,47,6,1,0,0,1,2,18,1
2747,UP80JZ3266,car,C4,2024-02-18 19:00:50,2024-02-18 20:15:50,75,completed,19,0,6,1,0,0,1,2,18,0
2748,UP80UK8253,car,C5,2024-02-18 19:55:42,2024-02-18 21:01:42,66,completed,19,55,6,1,0,0,1,2,18,0
2749,UP80PS1750,bike,B3,2024-02-18 20:08:26,2024-02-18 20:48:26,40,completed,20,8,6,1,0,0,0,2,18,1
2750,UP80FD2679,bike,B4,2024-02-18 20:06:42,2024-02-18 20:50:42,44,completed,20,6,6,1,0,0,0,2,18,1
2751,UP80CL8433,car,C6,2024-02-18 20:03:32,2024-02-18 21:30:32,87,completed,20,3,6,1,0,0,0,2,18,0
2752,UP80ZG8827,bike,B5,2024-02-18 20:36:11,2024-02-18 21:53:11,77,completed,20,36,6,1,0,0,0,2,18,1
2753,UP80TK7547,bike,B6,2024-02-18 20:16:37,2024-02-18 21:28:37,72,completed,20,16,6,1,0,0,0,2,18,1
2754,UP80KT2245,car,C1,2024-02-18 21:40:26,2024-02-18 22:38:26,58,completed,21,40,6,1,0,0,0,2,18,0
2755,UP80UU6573,car,C2,2024-02-18 21:55:49,2024-02-18 23:12:49,77,completed,21,55,6,1,0,0,0,2,18,0
2756,UP80FJ9849,bike,B1,2024-02-18 23:43:43,2024-02-19 00:14:43,31,completed,23,43,6,1,0,0,0,2,18,1
2757,UP80FA6168,bike,B2,2024-02-18 23:33:18,2024-02-19 00:13:18,40,completed,23,33,6,1,0,0,0,2,18,1
2758,UP80CA6111,bike,B1,2024-02-19 06:07:09,2024-02-19 07:05:09,58,completed,6,7,0,0,0,0,0,2,19,1
2759,UP80UU6573,car,C1,2024-02-19 07:39:27,2024-02-19 14:14:27,395,completed,7,39,0,0,1,0,0,2,19,0
2760,UP80WQ4908,bike,B1,2024-02-19 08:25:37,2024-02-19 10:46:37,141,completed,8,25,0,0,1,0,0,2,19,1
2761,UP80GR6977,car,C2,2024-02-19 08:43:09,2024-02-19 15:46:09,423,completed,8,43,0,0,1,0,0,2,19,0
2762,UP80FN1434,bike,B2,2024-02-19 08:36:24,2024-02-19 13:18:24,282,completed,8,36,0,0,1,0,0,2,19,1
2763,UP80UU6573,car,C3,2024-02-19 08:59:53,2024-02-19 13:56:53,297,completed,8,59,0,0,1,0,0,2,19,0
2764,UP80FU2674,car,C4,2024-02-19 09:43:53,2024-02-19 15:50:53,367,completed,9,43,0,0,1,0,0,2,19,0
2765,UP80HA5279,bike,B3,2024-02-19 09:49:12,2024-02-19 11:17:12,88,completed,9,49,0,0,1,0,0,2,19,1
2766,UP80NZ7201,car,C5,2024-02-19 09:48:07,2024-02-19 14:34:07,286,completed,9,48,0,0,1,0,0,2,19,0
2767,UP80FU2674,car,C6,2024-02-19 09:49:17,2024-02-19 15:55:17,366,completed,9,49,0,0,1,0,0,2,19,0
2768,UP80SX2424,car,C7,2024-02-19 09:19:54,2024-02-19 17:05:54,466,completed,9,19,0,0,1,0,0,2,19,0
2769,UP80PA2343,car,C8,2024-02-19 09:54:01,2024-02-19 15:11:01,317,completed,9,54,0,0,1,0,0,2,19,0
2770,UP80LX8305,car,C9,2024-02-19 10:00:42,2024-02-19 12:03:42,123,completed,10,0,0,0,0,0,0,2,19,0
2771,UP80SF4262,car,C10,2024-02-19 11:38:25,2024-02-19 13:50:25,132,completed,11,38,0,0,0,0,0,2,19,0
2772,UP80NZ7201,car,C11,2024-02-19 11:53:48,2024-02-19 13:58:48,125,completed,11,53,0,0,0,0,0,2,19,0
2773,UP80XW5889,car,C12,2024-02-19 11:04:05,2024-02-19 12:10:05,66,completed,11,4,0,0,0,0,0,2,19,0
2774,UP80FN1434,bike,B1,2024-02-19 12:54:01,2024-02-19 14:13:01,79,completed,12,54,0,0,0,1,0,2,19,1
2775,UP80GR6977,car,C9,2024-02-19 12:24:33,2024-02-19 13:48:33,84,completed,12,24,0,0,0,1,0,2,19,0
2776,UP80FB1344,car,C12,2024-02-19 12:04:54,2024-02-19 13:17:54,73,completed,12,4,0,0,0,1,0,2,19,0
2777,UP80MJ5232,car,C12,2024-02-19 13:29:26,2024-02-19 13:48:26,19,completed,13,29,0,0,0,1,0,2,19,0
2778,UP80FU2674,car,C13,2024-02-19 13:28:41,2024-02-19 14:22:41,54,completed,13,28,0,0,0,1,0,2,19,0
2779,UP80GR6977,car,C3,2024-02-19 14:03:46,2024-02-19 15:52:46,109,completed,14,3,0,0,0,0,0,2,19,0
2780,UP80FM8517,bike,B1,2024-02-19 14:28:28,2024-02-19 16:35:28,127,completed,14,28,0,0,0,0,0,2,19,1
2781,UP80UN4919,bike,B2,2024-02-19 15:10:03,2024-02-19 16:55:03,105,completed,15,10,0,0,0,0,0,2,19,1
2782,UP80SJ3547,car,C1,2024-02-19 16:48:55,2024-02-19 18:05:55,77,completed,16,48,0,0,0,0,0,2,19,0
2783,UP80UU6573,car,C2,2024-02-19 17:38:08,2024-02-19 19:22:08,104,completed,17,38,0,0,0,0,1,2,19,0
2784,UP80WD3621,bike,B1,2024-02-19 17:31:46,2024-02-19 18:06:46,35,completed,17,31,0,0,0,0,1,2,19,1
2785,UP80KY5033,car,C3,2024-02-19 17:59:24,2024-02-19 18:25:24,26,completed,17,59,0,0,0,0,1,2,19,0
2786,UP80FF2290,car,C4,2024-02-19 17:04:49,2024-02-19 18:06:49,62,completed,17,4,0,0,0,0,1,2,19,0
2787,UP80SC9797,car,C1,2024-02-19 18:25:59,2024-02-19 19:48:59,83,completed,18,25,0,0,0,0,1,2,19,0
2788,UP80PT9928,car,C3,2024-02-19 18:12:12,2024-02-19 21:01:12,169,completed,18,12,0,0,0,0,1,2,19,0
2789,UP80HA5279,bike,B1,2024-02-19 18:59:08,2024-02-19 19:37:08,38,completed,18,59,0,0,0,0,1,2,19,1
2790,UP80KR4185,car,C4,2024-02-19 18:12:22,2024-02-19 20:35:22,143,completed,18,12,0,0,0,0,1,2,19,0
2791,UP80PT9928,car,C5,2024-02-19 18:06:29,2024-02-19 19:16:29,70,completed,18,6,0,0,0,0,1,2,19,0
2792,UP80LL5557,car,C6,2024-02-19 18:57:58,2024-02-19 20:31:58,94,completed,18,57,0,0,0,0,1,2,19,0
2793,UP80KB6155,car,C7,2024-02-19 19:05:38,2024-02-19 21:12:38,127,completed,19,5,0,0,0,0,1,2,19,0
2794,UP80QE5010,car,C8,2024-02-19 19:15:52,2024-02-19 21:17:52,122,completed,19,15,0,0,0,0,1,2,19,0
2795,UP80CL8433,car,C9,2024-02-19 19:08:29,2024-02-19 21:06:29,118,completed,19,8,0,0,0,0,1,2,19,0
2796,UP80SC9797,car,C10,2024-02-19 19:12:13,2024-02-19 20:37:13,85,completed,19,12,0,0,0,0,1,2,19,0
2797,UP80QA2535,bike,B2,2024-02-19 19:18:19,2024-02-19 20:30:19,72,completed,19,18,0,0,0,0,1,2,19,1
2798,UP80FM8517,bike,B1,2024-02-19 20:37:20,2024-02-19 21:36:20,59,completed,20,37,0,0,0,0,0,2,19,1
2799,UP80LL5557,car,C1,2024-02-19 20:18:32,2024-02-19 21:48:32,90,completed,20,18,0,0,0,0,0,2,19,0
2800,UP80WW7227,car,C2,2024-02-19 21:03:15,2024-02-19 23:16:15,133,completed,21,3,0,0,0,0,0,2,19,0
2801,UP80SC9797,car,C1,2024-02-19 21:53:06,2024-02-20 00:10:06,137,completed,21,53,0,0,0,0,0,2,19,0
2802,UP80JL6023,car,C3,2024-02-19 21:29:47,2024-02-19 23:42:47,133,completed,21,29,0,0,0,0,0,2,19,0
2803,UP80FM7669,car,C4,2024-02-19 21:32:10,2024-02-19 23:55:10,143,completed,21,32,0,0,0,0,0,2,19,0
2804,UP80AT5315,car,C5,2024-02-19 21:05:56,2024-02-19 23:07:56,122,completed,21,5,0,0,0,0,0,2,19,0
2805,UP80NZ7201,car,C6,2024-02-19 22:34:52,2024-02-20 00:27:52,113,completed,22,34,0,0,0,0,0,2,19,0
2806,UP80DK4598,car,C7,2024-02-19 22:26:10,2024-02-20 01:58:10,212,completed,22,26,0,0,0,0,0,2,19,0
2807,UP80UU6573,car,C1,2024-02-20 06:54:47,2024-02-20 08:14:47,80,completed,6,54,1,0,0,0,0,2,20,0
2808,UP80SC9797,car,C2,2024-02-20 07:18:22,2024-02-20 12:15:22,297,completed,7,18,1,0,1,0,0,2,20,0
2809,UP80GB4929,car,C1,2024-02-20 08:32:29,2024-02-20 15:50:29,438,completed,8,32,1,0,1,0,0,2,20,0
2810,UP80QV8527,car,C3,2024-02-20 08:28:05,2024-02-20 13:39:05,311,completed,8,28,1,0,1,0,0,2,20,0
2811,UP80JZ3266,car,C4,2024-02-20 08:15:57,2024-02-20 13:44:57,329,completed,8,15,1,0,1,0,0,2,20,0
2812,UP80XW5889,car,C5,2024-02-20 08:49:42,2024-02-20 15:14:42,385,completed,8,49,1,0,1,0,0,2,20,0
2813,UP80FN1434,bike,B1,2024-02-20 08:28:17,2024-02-20 12:49:17,261,completed,8,28,1,0,1,0,0,2,20,1
2814,UP80MG8956,car,C6,2024-02-20 08:40:42,2024-02-20 14:35:42,355,completed,8,40,1,0,1,0,0,2,20,0
2815,UP80SC9797,car,C7,2024-02-20 08:39:34,2024-02-20 15:28:34,409,completed,8,39,1,0,1,0,0,2,20,0
2816,UP80FU2674,car,C8,2024-02-20 08:58:27,2024-02-20 16:05:27,427,completed,8,58,1,0,1,0,0,2,20,0
2817,UP80NZ1188,bike,B2,2024-02-20 09:53:53,2024-02-20 12:50:53,177,completed,9,53,1,0,1,0,0,2,20,1
2818,UP80TB6733,bike,B3,2024-02-20 09:47:02,2024-02-20 13:14:02,207,completed,9,47,1,0,1,0,0,2,20,1
2819,UP80FM8517,bike,B4,2024-02-20 09:20:43,2024-02-20 12:23:43,183,completed,9,20,1,0,1,0,0,2,20,1
2820,UP80GR6977,car,C9,2024-02-20 09:50:15,2024-02-20 14:38:15,288,completed,9,50,1,0,1,0,0,2,20,0
2821,UP80FA6168,bike,B5,2024-02-20 09:56:01,2024-02-20 13:58:01,242,completed,9,56,1,0,1,0,0,2,20,1
2822,UP80NC1771,car,C10,2024-02-20 09:46:39,2024-02-20 14:46:39,300,completed,9,46,1,0,1,0,0,2,20,0
2823,UP80VA3615,car,C11,2024-02-20 09:36:02,2024-02-20 16:39:02,423,completed,9,36,1,0,1,0,0,2,20,0
2824,UP80ML4501,bike,B6,2024-02-20 10:11:49,2024-02-20 12:12:49,121,completed,10,11,1,0,0,0,0,2,20,1
2825,UP80NZ1188,bike,B7,2024-02-20 10:17:16,2024-02-20 11:05:16,48,completed,10,17,1,0,0,0,0,2,20,1
2826,UP80XW5889,car,C12,2024-02-20 12:12:08,2024-02-20 13:28:08,76,completed,12,12,1,0,0,1,0,2,20,0
2827,UP80SJ3547,car,C2,2024-02-20 12:18:11,2024-02-20 13:04:11,46,completed,12,18,1,0,0,1,0,2,20,0
2828,UP80GQ6617,car,C13,2024-02-20 12:54:17,2024-02-20 13:24:17,30,completed,12,54,1,0,0,1,0,2,20,0
2829,UP80CL8433,car,C14,2024-02-20 12:55:12,2024-02-20 14:11:12,76,completed,12,55,1,0,0,1,0,2,20,0
2830,UP80QE5010,car,C15,2024-02-20 12:10:16,2024-02-20 13:02:16,52,completed,12,10,1,0,0,1,0,2,20,0
2831,UP80BR1878,car,C16,2024-02-20 12:11:34,2024-02-20 13:33:34,82,completed,12,11,1,0,0,1,0,2,20,0
2832,UP80CL8433,car,C2,2024-02-20 13:58:21,2024-02-20 14:56:21,58,completed,13,58,1,0,0,1,0,2,20,0
2833,UP80GQ6617,car,C3,2024-02-20 13:10:25,2024-02-20 14:19:25,69,completed,13,10,1,0,0,1,0,2,20,0
2834,UP80GL6279,car,C4,2024-02-20 13:33:38,2024-02-20 14:22:38,49,completed,13,33,1,0,0,1,0,2,20,0
2835,UP80ZN7455,car,C12,2024-02-20 13:06:14,2024-02-20 14:30:14,84,completed,13,6,1,0,0,1,0,2,20,0
2836,UP80VL2040,car,C13,2024-02-20 13:23:23,2024-02-20 14:42:23,79,completed,13,23,1,0,0,1,0,2,20,0
2837,UP80UD6096,car,C3,2024-02-20 14:33:16,2024-02-20 16:08:16,95,completed,14,33,1,0,0,0,0,2,20,0
2838,UP80GU2771,car,C4,2024-02-20 14:48:31,2024-02-20 17:36:31,168,completed,14,48,1,0,0,0,0,2,20,0
2839,UP80NZ7201,car,C6,2024-02-20 14:52:16,2024-02-20 16:32:16,100,completed,14,52,1,0,0,0,0,2,20,0
2840,UP80QV4978,bike,B1,2024-02-20 15:56:43,2024-02-20 17:43:43,107,completed,15,56,1,0,0,0,0,2,20,1
2841,UP80MY5892,car,C1,2024-02-20 15:04:59,2024-02-20 16:44:59,100,completed,15,4,1,0,0,0,0,2,20,0
2842,UP80GT1027,car,C2,2024-02-20 15:12:33,2024-02-20 16:58:33,106,completed,15,12,1,0,0,0,0,2,20,0
2843,UP80SX2424,car,C5,2024-02-20 15:37:15,2024-02-20 18:09:15,152,completed,15,37,1,0,0,0,0,2,20,0
2844,UP80DJ5374,bike,B2,2024-02-20 15:25:19,2024-02-20 16:52:19,87,completed,15,25,1,0,0,0,0,2,20,1
2845,UP80QE5010,car,C7,2024-02-20 15:29:06,2024-02-20 17:37:06,128,completed,15,29,1,0,0,0,0,2,20,0
2846,UP80BH6925,bike,B3,2024-02-20 15:11:23,2024-02-20 16:42:23,91,completed,15,11,1,0,0,0,0,2,20,1
2847,UP80NZ1188,bike,B4,2024-02-20 15:52:26,2024-02-20 17:43:26,111,completed,15,52,1,0,0,0,0,2,20,1
2848,UP80FD2679,bike,B5,2024-02-20 16:28:54,2024-02-20 18:08:54,100,completed,16,28,1,0,0,0,0,2,20,1
2849,UP80YN1931,bike,B6,2024-02-20 16:39:17,2024-02-20 17:42:17,63,completed,16,39,1,0,0,0,0,2,20,1
2850,UP80SZ2612,car,C3,2024-02-20 16:06:18,2024-02-20 17:11:18,65,completed,16,6,1,0,0,0,0,2,20,0
2851,UP80NC1771,car,C6,2024-02-20 16:02:49,2024-02-20 17:25:49,83,completed,16,2,1,0,0,0,0,2,20,0
2852,UP80WD3621,bike,B2,2024-02-20 17:07:44,2024-02-20 18:42:44,95,completed,17,7,1,0,0,0,1,2,20,1
2853,UP80SJ3547,car,C1,2024-02-20 17:35:03,2024-02-20 19:05:03,90,completed,17,35,1,0,0,0,1,2,20,0
2854,UP80KQ8668,bike,B3,2024-02-20 17:23:08,2024-02-20 18:35:08,72,completed,17,23,1,0,0,0,1,2,20,1
2855,UP80TH6067,bike,B7,2024-02-20 17:33:35,2024-02-20 18:05:35,32,completed,17,33,1,0,0,0,1,2,20,1
2856,UP80GQ7543,car,C2,2024-02-20 17:59:21,2024-02-20 20:05:21,126,completed,17,59,1,0,0,0,1,2,20,0
2857,UP80YU4241,bike,B1,2024-02-20 17:26:03,2024-02-20 18:18:03,52,completed,17,26,1,0,0,0,1,2,20,1
2858,UP80GR6977,car,C3,2024-02-20 17:48:28,2024-02-20 19:02:28,74,completed,17,48,1,0,0,0,1,2,20,0
2859,UP80VL2040,car,C4,2024-02-20 17:19:55,2024-02-20 18:39:55,80,completed,17,19,1,0,0,0,1,2,20,0
2860,UP80SC9797,car,C6,2024-02-20 17:47:57,2024-02-20 18:42:57,55,completed,17,47,1,0,0,0,1,2,20,0
2861,UP80LV9702,bike,B4,2024-02-20 17:40:21,2024-02-20 19:38:21,118,completed,17,40,1,0,0,0,1,2,20,1
2862,UP80HF2419,bike,B1,2024-02-20 18:20:50,2024-02-20 19:25:50,65,completed,18,20,1,0,0,0,1,2,20,1
2863,UP80SS2169,bike,B5,2024-02-20 18:18:11,2024-02-20 20:26:11,128,completed,18,18,1,0,0,0,1,2,20,1
2864,UP80DK4598,car,C5,2024-02-20 18:05:51,2024-02-20 19:17:51,72,completed,18,5,1,0,0,0,1,2,20,0
2865,UP80DU9837,bike,B6,2024-02-20 18:01:08,2024-02-20 19:21:08,80,completed,18,1,1,0,0,0,1,2,20,1
2866,UP80PS1750,bike,B2,2024-02-20 18:51:19,2024-02-20 20:01:19,70,completed,18,51,1,0,0,0,1,2,20,1
2867,UP80FD8744,car,C4,2024-02-20 18:37:41,2024-02-20 20:22:41,105,completed,18,37,1,0,0,0,1,2,20,0
2868,UP80ZY4872,car,C6,2024-02-20 18:56:52,2024-02-20 20:21:52,85,completed,18,56,1,0,0,0,1,2,20,0
2869,UP80BF8953,car,C7,2024-02-20 18:51:20,2024-02-20 20:27:20,96,completed,18,51,1,0,0,0,1,2,20,0
2870,UP80GQ7543,car,C8,2024-02-20 18:30:02,2024-02-20 20:25:02,115,completed,18,30,1,0,0,0,1,2,20,0
2871,UP80LL5557,car,C9,2024-02-20 18:35:47,2024-02-20 19:59:47,84,completed,18,35,1,0,0,0,1,2,20,0
2872,UP80KB6155,car,C10,2024-02-20 18:33:33,2024-02-20 20:26:33,113,completed,18,33,1,0,0,0,1,2,20,0
2873,UP80NT4613,car,C11,2024-02-20 18:37:39,2024-02-20 20:54:39,137,completed,18,37,1,0,0,0,1,2,20,0
2874,UP80JZ3266,car,C12,2024-02-20 18:44:59,2024-02-20 21:14:59,150,completed,18,44,1,0,0,0,1,2,20,0
2875,UP80BR1878,car,C1,2024-02-20 19:57:40,2024-02-20 22:07:40,130,completed,19,57,1,0,0,0,1,2,20,0
2876,UP80FA6168,bike,B1,2024-02-20 19:09:47,2024-02-20 20:12:47,63,completed,19,9,1,0,0,0,1,2,20,1
2877,UP80CA5658,bike,B3,2024-02-20 19:54:32,2024-02-20 21:20:32,86,completed,19,54,1,0,0,0,1,2,20,1
2878,UP80QV8527,car,C3,2024-02-20 19:13:04,2024-02-20 21:08:04,115,completed,19,13,1,0,0,0,1,2,20,0
2879,UP80VW2604,bike,B4,2024-02-20 19:45:34,2024-02-20 20:58:34,73,completed,19,45,1,0,0,0,1,2,20,1
2880,UP80FU2674,car,C5,2024-02-20 19:04:08,2024-02-20 20:14:08,70,completed,19,4,1,0,0,0,1,2,20,0
2881,UP80SS2169,bike,B6,2024-02-20 19:56:53,2024-02-20 21:04:53,68,completed,19,56,1,0,0,0,1,2,20,1
2882,UP80FH7211,car,C13,2024-02-20 19:47:00,2024-02-20 21:09:00,82,completed,19,47,1,0,0,0,1,2,20,0
2883,UP80CC6635,car,C14,2024-02-20 19:15:26,2024-02-20 20:55:26,100,completed,19,15,1,0,0,0,1,2,20,0
2884,UP80WD3621,bike,B7,2024-02-20 19:22:01,2024-02-20 21:07:01,105,completed,19,22,1,0,0,0,1,2,20,1
2885,UP80JL6023,car,C2,2024-02-20 20:25:33,2024-02-20 21:17:33,52,completed,20,25,1,0,0,0,0,2,20,0
2886,UP80QE5010,car,C4,2024-02-20 20:57:22,2024-02-20 23:16:22,139,completed,20,57,1,0,0,0,0,2,20,0
2887,UP80UD6096,car,C3,2024-02-20 21:16:47,2024-02-20 22:44:47,88,completed,21,16,1,0,0,0,0,2,20,0
2888,UP80DM3705,bike,B1,2024-02-20 21:24:09,2024-02-20 22:18:09,54,completed,21,24,1,0,0,0,0,2,20,1
2889,UP80KQ8668,bike,B2,2024-02-20 21:20:09,2024-02-20 22:54:09,94,completed,21,20,1,0,0,0,0,2,20,1
2890,UP80UU6573,car,C2,2024-02-20 21:47:29,2024-02-20 22:35:29,48,completed,21,47,1,0,0,0,0,2,20,0
2891,UP80QA2535,bike,B3,2024-02-20 21:15:46,2024-02-20 22:14:46,59,completed,21,15,1,0,0,0,0,2,20,1
2892,UP80QV8527,car,C1,2024-02-20 22:28:07,2024-02-21 00:20:07,112,completed,22,28,1,0,0,0,0,2,20,0
2893,UP80NZ7201,car,C2,2024-02-20 23:04:29,2024-02-21 00:04:29,60,completed,23,4,1,0,0,0,0,2,20,0
2894,UP80RU2307,car,C1,2024-02-21 08:04:10,2024-02-21 14:37:10,393,completed,8,4,2,0,1,0,0,2,21,0
2895,UP80NZ1188,bike,B1,2024-02-21 08:42:57,2024-02-21 14:02:57,320,completed,8,42,2,0,1,0,0,2,21,1
2896,UP80TH9379,car,C2,2024-02-21 09:13:31,2024-02-21 14:22:31,309,completed,9,13,2,0,1,0,0,2,21,0
2897,UP80EG6363,bike,B2,2024-02-21 09:08:37,2024-02-21 13:09:37,241,completed,9,8,2,0,1,0,0,2,21,1
2898,UP80DE8579,car,C3,2024-02-21 09:51:43,2024-02-21 16:25:43,394,completed,9,51,2,0,1,0,0,2,21,0
2899,UP80QA2535,bike,B3,2024-02-21 09:08:50,2024-02-21 12:32:50,204,completed,9,8,2,0,1,0,0,2,21,1
2900,UP80UU6573,car,C4,2024-02-21 09:56:02,2024-02-21 15:45:02,349,completed,9,56,2,0,1,0,0,2,21,0
2901,UP80QZ4180,bike,B4,2024-02-21 09:31:38,2024-02-21 14:25:38,294,completed,9,31,2,0,1,0,0,2,21,1
2902,UP80SW1916,bike,B5,2024-02-21 09:32:55,2024-02-21 12:43:55,191,completed,9,32,2,0,1,0,0,2,21,1
2903,UP80FA6168,bike,B6,2024-02-21 09:43:13,2024-02-21 13:14:13,211,completed,9,43,2,0,1,0,0,2,21,1
2904,UP80QA2535,bike,B7,2024-02-21 10:15:40,2024-02-21 11:09:40,54,completed,10,15,2,0,0,0,0,2,21,1
2905,UP80SL4824,bike,B8,2024-02-21 10:51:53,2024-02-21 12:10:53,79,completed,10,51,2,0,0,0,0,2,21,1
2906,UP80PF8800,bike,B9,2024-02-21 10:19:15,2024-02-21 11:35:15,76,completed,10,19,2,0,0,0,0,2,21,1
2907,UP80CL8433,car,C5,2024-02-21 11:05:52,2024-02-21 12:45:52,100,completed,11,5,2,0,0,0,0,2,21,0
2908,UP80AV5905,car,C6,2024-02-21 11:22:53,2024-02-21 14:02:53,160,completed,11,22,2,0,0,0,0,2,21,0
2909,UP80PT9928,car,C5,2024-02-21 13:55:46,2024-02-21 15:06:46,71,completed,13,55,2,0,0,1,0,2,21,0
2910,UP80CF7818,bike,B2,2024-02-21 13:36:10,2024-02-21 14:22:10,46,completed,13,36,2,0,0,1,0,2,21,1
2911,UP80FD2679,bike,B3,2024-02-21 13:37:47,2024-02-21 14:30:47,53,completed,13,37,2,0,0,1,0,2,21,1
2912,UP80QR2375,bike,B1,2024-02-21 14:17:41,2024-02-21 15:41:41,84,completed,14,17,2,0,0,0,0,2,21,1
2913,UP80NZ7201,car,C1,2024-02-21 15:12:03,2024-02-21 17:56:03,164,completed,15,12,2,0,0,0,0,2,21,0
2914,UP80AT5315,car,C2,2024-02-21 16:30:05,2024-02-21 18:02:05,92,completed,16,30,2,0,0,0,0,2,21,0
2915,UP80VA3615,car,C3,2024-02-21 16:31:05,2024-02-21 18:38:05,127,completed,16,31,2,0,0,0,0,2,21,0
2916,UP80BH6925,bike,B1,2024-02-21 16:09:46,2024-02-21 17:30:46,81,completed,16,9,2,0,0,0,0,2,21,1
2917,UP80SD9042,car,C4,2024-02-21 16:10:07,2024-02-21 18:49:07,159,completed,16,10,2,0,0,0,0,2,21,0
2918,UP80VA3615,car,C5,2024-02-21 16:48:42,2024-02-21 18:37:42,109,completed,16,48,2,0,0,0,0,2,21,0
2919,UP80SZ2612,car,C6,2024-02-21 16:38:49,2024-02-21 19:07:49,149,completed,16,38,2,0,0,0,0,2,21,0
2920,UP80ZY4295,bike,B2,2024-02-21 17:06:08,2024-02-21 18:37:08,91,completed,17,6,2,0,0,0,1,2,21,1
2921,UP80UN4919,bike,B3,2024-02-21 17:07:39,2024-02-21 18:37:39,90,completed,17,7,2,0,0,0,1,2,21,1
2922,UP80JZ3266,car,C7,2024-02-21 17:47:59,2024-02-21 19:37:59,110,completed,17,47,2,0,0,0,1,2,21,0
2923,UP80XW5889,car,C1,2024-02-21 17:59:15,2024-02-21 19:28:15,89,completed,17,59,2,0,0,0,1,2,21,0
2924,UP80KB6155,car,C8,2024-02-21 17:18:36,2024-02-21 18:27:36,69,completed,17,18,2,0,0,0,1,2,21,0
2925,UP80QV8527,car,C9,2024-02-21 17:21:13,2024-02-21 17:51:13,30,completed,17,21,2,0,0,0,1,2,21,0
2926,UP80FY8260,bike,B1,2024-02-21 17:51:19,2024-02-21 19:20:19,89,completed,17,51,2,0,0,0,1,2,21,1
2927,UP80FK5915,car,C9,2024-02-21 17:09:48,2024-02-21 18:58:48,109,completed,17,9,2,0,0,0,1,2,21,0
2928,UP80NZ1188,bike,B2,2024-02-21 18:50:35,2024-02-21 20:17:35,87,completed,18,50,2,0,0,0,1,2,21,1
2929,UP80RA5506,car,C2,2024-02-21 18:08:59,2024-02-21 19:14:59,66,completed,18,8,2,0,0,0,1,2,21,0
2930,UP80KB6155,car,C3,2024-02-21 18:08:09,2024-02-21 19:25:09,77,completed,18,8,2,0,0,0,1,2,21,0
2931,UP80BR1207,bike,B3,2024-02-21 18:08:01,2024-02-21 19:39:01,91,completed,18,8,2,0,0,0,1,2,21,1
2932,UP80FN1434,bike,B4,2024-02-21 18:22:46,2024-02-21 20:22:46,120,completed,18,22,2,0,0,0,1,2,21,1
2933,UP80WN4258,car,C4,2024-02-21 18:51:47,2024-02-21 20:28:47,97,completed,18,51,2,0,0,0,1,2,21,0
2934,UP80SJ3547,car,C5,2024-02-21 18:42:36,2024-02-21 19:52:36,70,completed,18,42,2,0,0,0,1,2,21,0
2935,UP80FD2679,bike,B5,2024-02-21 18:49:44,2024-02-21 20:06:44,77,completed,18,49,2,0,0,0,1,2,21,1
2936,UP80NZ7201,car,C1,2024-02-21 19:29:07,2024-02-21 20:37:07,68,completed,19,29,2,0,0,0,1,2,21,0
2937,UP80QE5010,car,C2,2024-02-21 19:27:59,2024-02-21 20:28:59,61,completed,19,27,2,0,0,0,1,2,21,0
2938,UP80FD2679,bike,B1,2024-02-21 19:48:59,2024-02-21 20:56:59,68,completed,19,48,2,0,0,0,1,2,21,1
2939,UP80XV2169,car,C3,2024-02-21 19:16:04,2024-02-21 20:55:04,99,completed,19,16,2,0,0,0,1,2,21,0
2940,UP80VA3615,car,C6,2024-02-21 19:30:59,2024-02-21 21:13:59,103,completed,19,30,2,0,0,0,1,2,21,0
2941,UP80PS1750,bike,B2,2024-02-21 20:23:39,2024-02-21 21:19:39,56,completed,20,23,2,0,0,0,0,2,21,1
2942,UP80JZ3266,car,C5,2024-02-21 20:10:38,2024-02-21 21:58:38,108,completed,20,10,2,0,0,0,0,2,21,0
2943,UP80QT9270,bike,B3,2024-02-21 20:46:46,2024-02-21 21:31:46,45,completed,20,46,2,0,0,0,0,2,21,1
2944,UP80DJ5374,bike,B1,2024-02-21 21:26:14,2024-02-21 22:55:14,89,completed,21,26,2,0,0,0,0,2,21,1
2945,UP80VW2604,bike,B2,2024-02-21 21:33:41,2024-02-21 22:37:41,64,completed,21,33,2,0,0,0,0,2,21,1
2946,UP80QZ4180,bike,B3,2024-02-21 21:55:10,2024-02-21 23:26:10,91,completed,21,55,2,0,0,0,0,2,21,1
2947,UP80RA5506,car,C1,2024-02-22 06:01:13,2024-02-22 06:38:13,37,completed,6,1,3,0,0,0,0,2,22,0
2948,UP80ZG9817,car,C1,2024-02-22 06:51:55,2024-02-22 11:12:55,261,completed,6,51,3,0,0,0,0,2,22,0
2949,UP80XT8777,car,C2,2024-02-22 07:25:10,2024-02-22 15:06:10,461,completed,7,25,3,0,1,0,0,2,22,0
2950,UP80FU2674,car,C3,2024-02-22 07:56:25,2024-02-22 13:02:25,306,completed,7,56,3,0,1,0,0,2,22,0
2951,UP80NZ1188,bike,B1,2024-02-22 07:05:22,2024-02-22 11:06:22,241,completed,7,5,3,0,1,0,0,2,22,1
2952,UP80QA2535,bike,B2,2024-02-22 07:54:30,2024-02-22 12:26:30,272,completed,7,54,3,0,1,0,0,2,22,1
2953,UP80LL5557,car,C4,2024-02-22 07:17:25,2024-02-22 12:57:25,340,completed,7,17,3,0,1,0,0,2,22,0
2954,UP80ZY4872,car,C5,2024-02-22 08:37:01,2024-02-22 15:26:01,409,completed,8,37,3,0,1,0,0,2,22,0
2955,UP80NC1771,car,C6,2024-02-22 08:03:28,2024-02-22 14:35:28,392,completed,8,3,3,0,1,0,0,2,22,0
2956,UP80AT5315,car,C7,2024-02-22 08:01:47,2024-02-22 14:33:47,392,completed,8,1,3,0,1,0,0,2,22,0
2957,UP80MG7043,car,C8,2024-02-22 08:15:34,2024-02-22 15:41:34,446,completed,8,15,3,0,1,0,0,2,22,0
2958,UP80MJ5232,car,C9,2024-02-22 08:48:44,2024-02-22 15:27:44,399,completed,8,48,3,0,1,0,0,2,22,0
2959,UP80QE5010,car,C10,2024-02-22 08:44:17,2024-02-22 14:44:17,360,completed,8,44,3,0,1,0,0,2,22,0
2960,UP80ZY4295,bike,B3,2024-02-22 08:04:20,2024-02-22 15:31:20,447,completed,8,4,3,0,1,0,0,2,22,1
2961,UP80SX2424,car,C11,2024-02-22 08:16:39,2024-02-22 14:33:39,377,completed,8,16,3,0,1,0,0,2,22,0
2962,UP80QU8461,bike,B4,2024-02-22 08:53:38,2024-02-22 12:05:38,192,completed,8,53,3,0,1,0,0,2,22,1
2963,UP80VL2040,car,C12,2024-02-22 09:50:38,2024-02-22 14:54:38,304,completed,9,50,3,0,1,0,0,2,22,0
2964,UP80VA3615,car,C13,2024-02-22 09:12:29,2024-02-22 14:05:29,293,completed,9,12,3,0,1,0,0,2,22,0
2965,UP80UU6573,car,C14,2024-02-22 09:52:26,2024-02-22 15:51:26,359,completed,9,52,3,0,1,0,0,2,22,0
2966,UP80YN1931,bike,B5,2024-02-22 09:58:24,2024-02-22 13:30:24,212,completed,9,58,3,0,1,0,0,2,22,1
2967,UP80QA2535,bike,B6,2024-02-22 09:13:31,2024-02-22 11:55:31,162,completed,9,13,3,0,1,0,0,2,22,1
2968,UP80GF5632,car,C15,2024-02-22 09:15:14,2024-02-22 15:22:14,367,completed,9,15,3,0,1,0,0,2,22,0
2969,UP80KQ8668,bike,B7,2024-02-22 09:20:27,2024-02-22 12:41:27,201,completed,9,20,3,0,1,0,0,2,22,1
2970,UP80UM5397,car,C16,2024-02-22 09:37:36,2024-02-22 14:26:36,289,completed,9,37,3,0,1,0,0,2,22,0
2971,UP80KQ8668,bike,B8,2024-02-22 10:01:13,2024-02-22 10:23:13,22,completed,10,1,3,0,0,0,0,2,22,1
2972,UP80FD2679,bike,B8,2024-02-22 10:03:53,2024-02-22 11:31:53,88,completed,10,3,3,0,0,0,0,2,22,1
2973,UP80WW7227,car,C1,2024-02-22 11:40:51,2024-02-22 14:56:51,196,completed,11,40,3,0,0,0,0,2,22,0
2974,UP80JK1887,car,C4,2024-02-22 12:59:34,2024-02-22 14:25:34,86,completed,12,59,3,0,0,1,0,2,22,0
2975,UP80FD2679,bike,B1,2024-02-22 13:18:59,2024-02-22 14:14:59,56,completed,13,18,3,0,0,1,0,2,22,1
2976,UP80WW7227,car,C3,2024-02-22 13:34:59,2024-02-22 13:58:59,24,completed,13,34,3,0,0,1,0,2,22,0
2977,UP80FD2679,bike,B2,2024-02-22 13:34:11,2024-02-22 14:18:11,44,completed,13,34,3,0,0,1,0,2,22,1
2978,UP80ZU9317,car,C3,2024-02-22 14:24:36,2024-02-22 16:36:36,132,completed,14,24,3,0,0,0,0,2,22,0
2979,UP80GC4155,bike,B1,2024-02-22 14:25:05,2024-02-22 15:52:05,87,completed,14,25,3,0,0,0,0,2,22,1
2980,UP80AT5315,car,C1,2024-02-22 15:57:31,2024-02-22 18:08:31,131,completed,15,57,3,0,0,0,0,2,22,0
2981,UP80GQ7543,car,C2,2024-02-22 15:17:50,2024-02-22 16:32:50,75,completed,15,17,3,0,0,0,0,2,22,0
2982,UP80CU2983,bike,B1,2024-02-22 15:29:46,2024-02-22 16:33:46,64,completed,15,29,3,0,0,0,0,2,22,1
2983,UP80JL6023,car,C4,2024-02-22 15:42:59,2024-02-22 17:21:59,99,completed,15,42,3,0,0,0,0,2,22,0
2984,UP80VA3615,car,C5,2024-02-22 15:37:22,2024-02-22 17:13:22,96,completed,15,37,3,0,0,0,0,2,22,0
2985,UP80CU2983,bike,B2,2024-02-22 15:16:57,2024-02-22 16:10:57,54,completed,15,16,3,0,0,0,0,2,22,1
2986,UP80CT9004,bike,B3,2024-02-22 15:02:31,2024-02-22 16:27:31,85,completed,15,2,3,0,0,0,0,2,22,1
2987,UP80UU6573,car,C6,2024-02-22 16:15:11,2024-02-22 17:41:11,86,completed,16,15,3,0,0,0,0,2,22,0
2988,UP80NC1771,car,C7,2024-02-22 16:24:22,2024-02-22 18:11:22,107,completed,16,24,3,0,0,0,0,2,22,0
2989,UP80HP8753,bike,B1,2024-02-22 16:37:51,2024-02-22 17:39:51,62,completed,16,37,3,0,0,0,0,2,22,1
2990,UP80ZU9317,car,C2,2024-02-22 17:18:40,2024-02-22 18:21:40,63,completed,17,18,3,0,0,0,1,2,22,0
2991,UP80UK5065,bike,B1,2024-02-22 17:59:26,2024-02-22 19:26:26,87,completed,17,59,3,0,0,0,1,2,22,1
2992,UP80UM5397,car,C3,2024-02-22 17:34:15,2024-02-22 18:38:15,64,completed,17,34,3,0,0,0,1,2,22,0
2993,UP80KQ8668,bike,B2,2024-02-22 17:27:01,2024-02-22 18:38:01,71,completed,17,27,3,0,0,0,1,2,22,1
2994,UP80LL5557,car,C4,2024-02-22 17:00:09,2024-02-22 18:40:09,100,completed,17,0,3,0,0,0,1,2,22,0
2995,UP80SW1916,bike,B3,2024-02-22 17:24:09,2024-02-22 18:22:09,58,completed,17,24,3,0,0,0,1,2,22,1
2996,UP80SC9797,car,C5,2024-02-22 17:40:26,2024-02-22 18:59:26,79,completed,17,40,3,0,0,0,1,2,22,0
2997,UP80CL8433,car,C6,2024-02-22 18:08:00,2024-02-22 20:28:00,140,completed,18,8,3,0,0,0,1,2,22,0
2998,UP80KQ8668,bike,B4,2024-02-22 18:17:34,2024-02-22 19:21:34,64,completed,18,17,3,0,0,0,1,2,22,1
2999,UP80GQ7543,car,C1,2024-02-22 18:14:39,2024-02-22 19:59:39,105,completed,18,14,3,0,0,0,1,2,22,0
3000,UP80GB4929,car,C2,2024-02-22 18:30:09,2024-02-22 20:17:09,107,completed,18,30,3,0,0,0,1,2,22,0
3001,UP80FN1434,bike,B3,2024-02-22 18:33:28,2024-02-22 19:16:28,43,completed,18,33,3,0,0,0,1,2,22,1
3002,UP80BH6925,bike,B5,2024-02-22 18:04:05,2024-02-22 19:34:05,90,completed,18,4,3,0,0,0,1,2,22,1
3003,UP80RU2307,car,C3,2024-02-22 18:53:07,2024-02-22 19:51:07,58,completed,18,53,3,0,0,0,1,2,22,0
3004,UP80QZ9666,bike,B2,2024-02-22 18:38:40,2024-02-22 20:25:40,107,completed,18,38,3,0,0,0,1,2,22,1
3005,UP80BH6925,bike,B1,2024-02-22 19:45:26,2024-02-22 20:34:26,49,completed,19,45,3,0,0,0,1,2,22,1
3006,UP80RU2307,car,C4,2024-02-22 19:00:21,2024-02-22 20:34:21,94,completed,19,0,3,0,0,0,1,2,22,0
3007,UP80UU6573,car,C5,2024-02-22 19:02:58,2024-02-22 20:01:58,59,completed,19,2,3,0,0,0,1,2,22,0
3008,UP80PA2343,car,C1,2024-02-22 20:49:53,2024-02-22 22:46:53,117,completed,20,49,3,0,0,0,0,2,22,0
3009,UP80GB4929,car,C2,2024-02-22 20:23:58,2024-02-22 22:15:58,112,completed,20,23,3,0,0,0,0,2,22,0
3010,UP80QE5010,car,C3,2024-02-22 20:07:39,2024-02-22 22:28:39,141,completed,20,7,3,0,0,0,0,2,22,0
3011,UP80BB5786,car,C4,2024-02-22 21:41:02,2024-02-22 23:38:02,117,completed,21,41,3,0,0,0,0,2,22,0
3012,UP80FN1434,bike,B1,2024-02-22 23:36:26,2024-02-23 00:56:26,80,completed,23,36,3,0,0,0,0,2,22,1
3013,UP80FA6168,bike,B1,2024-02-23 07:32:37,2024-02-23 10:44:37,192,completed,7,32,4,0,1,0,0,2,23,1
3014,UP80CL8433,car,C1,2024-02-23 07:00:03,2024-02-23 12:25:03,325,completed,7,0,4,0,1,0,0,2,23,0
3015,UP80NZ1188,bike,B2,2024-02-23 07:19:51,2024-02-23 12:03:51,284,completed,7,19,4,0,1,0,0,2,23,1
3016,UP80NV3780,car,C2,2024-02-23 08:03:18,2024-02-23 13:54:18,351,completed,8,3,4,0,1,0,0,2,23,0
3017,UP80UU6573,car,C3,2024-02-23 08:43:55,2024-02-23 13:54:55,311,completed,8,43,4,0,1,0,0,2,23,0
3018,UP80GQ7543,car,C4,2024-02-23 08:26:03,2024-02-23 13:44:03,318,completed,8,26,4,0,1,0,0,2,23,0
3019,UP80SS2169,bike,B3,2024-02-23 08:16:10,2024-02-23 11:28:10,192,completed,8,16,4,0,1,0,0,2,23,1
3020,UP80SC9797,car,C5,2024-02-23 08:31:48,2024-02-23 16:21:48,470,completed,8,31,4,0,1,0,0,2,23,0
3021,UP80SS2169,bike,B4,2024-02-23 08:57:01,2024-02-23 13:14:01,257,completed,8,57,4,0,1,0,0,2,23,1
3022,UP80ZU9317,car,C6,2024-02-23 08:12:50,2024-02-23 11:37:50,205,completed,8,12,4,0,1,0,0,2,23,0
3023,UP80FA6168,bike,B5,2024-02-23 09:01:27,2024-02-23 12:57:27,236,completed,9,1,4,0,1,0,0,2,23,1
3024,UP80QV8527,car,C7,2024-02-23 09:24:50,2024-02-23 16:25:50,421,completed,9,24,4,0,1,0,0,2,23,0
3025,UP80DJ5374,bike,B1,2024-02-23 10:49:26,2024-02-23 12:27:26,98,completed,10,49,4,0,0,0,0,2,23,1
3026,UP80PS1750,bike,B6,2024-02-23 10:21:38,2024-02-23 11:44:38,83,completed,10,21,4,0,0,0,0,2,23,1
3027,UP80GQ7543,car,C8,2024-02-23 10:59:03,2024-02-23 13:12:03,133,completed,10,59,4,0,0,0,0,2,23,0
3028,UP80JZ3266,car,C9,2024-02-23 11:11:09,2024-02-23 13:32:09,141,completed,11,11,4,0,0,0,0,2,23,0
3029,UP80WD3621,bike,B7,2024-02-23 11:27:56,2024-02-23 12:37:56,70,completed,11,27,4,0,0,0,0,2,23,1
3030,UP80FD2679,bike,B8,2024-02-23 11:20:39,2024-02-23 12:47:39,87,completed,11,20,4,0,0,0,0,2,23,1
3031,UP80LL5557,car,C6,2024-02-23 12:06:05,2024-02-23 13:42:05,96,completed,12,6,4,0,0,1,0,2,23,0
3032,UP80PW3426,car,C1,2024-02-23 12:54:32,2024-02-23 14:18:32,84,completed,12,54,4,0,0,1,0,2,23,0
3033,UP80KB6155,car,C10,2024-02-23 12:34:51,2024-02-23 13:36:51,62,completed,12,34,4,0,0,1,0,2,23,0
3034,UP80WD3621,bike,B1,2024-02-23 12:57:34,2024-02-23 13:41:34,44,completed,12,57,4,0,0,1,0,2,23,1
3035,UP80MY5892,car,C11,2024-02-23 12:37:33,2024-02-23 13:21:33,44,completed,12,37,4,0,0,1,0,2,23,0
3036,UP80HG6147,car,C12,2024-02-23 12:08:12,2024-02-23 12:13:12,5,completed,12,8,4,0,0,1,0,2,23,0
3037,UP80PE7211,car,C8,2024-02-23 13:36:38,2024-02-23 14:03:38,27,completed,13,36,4,0,0,1,0,2,23,0
3038,UP80UN4919,bike,B2,2024-02-23 13:00:59,2024-02-23 13:54:59,54,completed,13,0,4,0,0,1,0,2,23,1
3039,UP80WW7227,car,C9,2024-02-23 13:08:45,2024-02-23 14:25:45,77,completed,13,8,4,0,0,1,0,2,23,0
3040,UP80VA3615,car,C1,2024-02-23 14:27:04,2024-02-23 15:41:04,74,completed,14,27,4,0,0,0,0,2,23,0
3041,UP80NZ1188,bike,B1,2024-02-23 14:58:10,2024-02-23 16:12:10,74,completed,14,58,4,0,0,0,0,2,23,1
3042,UP80GQ7543,car,C1,2024-02-23 15:56:30,2024-02-23 19:01:30,185,completed,15,56,4,0,0,0,0,2,23,0
3043,UP80KB6155,car,C2,2024-02-23 15:22:44,2024-02-23 17:54:44,152,completed,15,22,4,0,0,0,0,2,23,0
3044,UP80CC6635,car,C3,2024-02-23 15:29:35,2024-02-23 16:52:35,83,completed,15,29,4,0,0,0,0,2,23,0
3045,UP80HG6147,car,C4,2024-02-23 15:23:16,2024-02-23 17:15:16,112,completed,15,23,4,0,0,0,0,2,23,0
3046,UP80TW3091,car,C6,2024-02-23 15:35:44,2024-02-23 17:54:44,139,completed,15,35,4,0,0,0,0,2,23,0
3047,UP80GR6977,car,C8,2024-02-23 15:20:56,2024-02-23 18:17:56,177,completed,15,20,4,0,0,0,0,2,23,0
3048,UP80FA6168,bike,B1,2024-02-23 16:27:16,2024-02-23 17:52:16,85,completed,16,27,4,0,0,0,0,2,23,1
3049,UP80FU2674,car,C3,2024-02-23 17:18:41,2024-02-23 19:27:41,129,completed,17,18,4,0,0,0,1,2,23,0
3050,UP80NZ7201,car,C4,2024-02-23 17:04:07,2024-02-23 17:51:07,47,completed,17,4,4,0,0,0,1,2,23,0
3051,UP80UN4919,bike,B2,2024-02-23 17:09:59,2024-02-23 18:17:59,68,completed,17,9,4,0,0,0,1,2,23,1
3052,UP80NT4613,car,C5,2024-02-23 17:48:47,2024-02-23 19:54:47,126,completed,17,48,4,0,0,0,1,2,23,0
3053,UP80JK1887,car,C7,2024-02-23 17:43:39,2024-02-23 18:11:39,28,completed,17,43,4,0,0,0,1,2,23,0
3054,UP80DJ5374,bike,B3,2024-02-23 17:25:48,2024-02-23 18:56:48,91,completed,17,25,4,0,0,0,1,2,23,1
3055,UP80CC6635,car,C9,2024-02-23 17:41:41,2024-02-23 19:03:41,82,completed,17,41,4,0,0,0,1,2,23,0
3056,UP80KB6155,car,C2,2024-02-23 17:55:53,2024-02-23 19:25:53,90,completed,17,55,4,0,0,0,1,2,23,0
3057,UP80KU1320,car,C4,2024-02-23 17:43:10,2024-02-23 19:10:10,87,completed,17,43,4,0,0,0,1,2,23,0
3058,UP80BF8953,car,C6,2024-02-23 17:34:03,2024-02-23 19:07:03,93,completed,17,34,4,0,0,0,1,2,23,0
3059,UP80RU2307,car,C10,2024-02-23 17:38:50,2024-02-23 19:18:50,100,completed,17,38,4,0,0,0,1,2,23,0
3060,UP80KB6155,car,C11,2024-02-23 17:45:40,2024-02-23 18:54:40,69,completed,17,45,4,0,0,0,1,2,23,0
3061,UP80TH9379,car,C7,2024-02-23 18:38:50,2024-02-23 20:01:50,83,completed,18,38,4,0,0,0,1,2,23,0
3062,UP80PS1750,bike,B1,2024-02-23 18:09:17,2024-02-23 18:54:17,45,completed,18,9,4,0,0,0,1,2,23,1
3063,UP80SS2169,bike,B2,2024-02-23 18:21:54,2024-02-23 20:25:54,124,completed,18,21,4,0,0,0,1,2,23,1
3064,UP80HQ8025,car,C8,2024-02-23 18:55:44,2024-02-23 20:29:44,94,completed,18,55,4,0,0,0,1,2,23,0
3065,UP80FM8517,bike,B1,2024-02-23 18:06:32,2024-02-23 18:53:32,47,completed,18,6,4,0,0,0,1,2,23,1
3066,UP80GQ7543,car,C11,2024-02-23 18:32:57,2024-02-23 20:14:57,102,completed,18,32,4,0,0,0,1,2,23,0
3067,UP80WW7227,car,C12,2024-02-23 18:22:11,2024-02-23 20:56:11,154,completed,18,22,4,0,0,0,1,2,23,0
3068,UP80SC9797,car,C13,2024-02-23 18:16:16,2024-02-23 19:08:16,52,completed,18,16,4,0,0,0,1,2,23,0
3069,UP80FA6168,bike,B4,2024-02-23 18:13:52,2024-02-23 19:17:52,64,completed,18,13,4,0,0,0,1,2,23,1
3070,UP80UU6573,car,C14,2024-02-23 18:39:13,2024-02-23 19:37:13,58,completed,18,39,4,0,0,0,1,2,23,0
3071,UP80QE5010,car,C15,2024-02-23 18:06:00,2024-02-23 19:38:00,92,completed,18,6,4,0,0,0,1,2,23,0
3072,UP80KQ8668,bike,B1,2024-02-23 19:09:34,2024-02-23 20:57:34,108,completed,19,9,4,0,0,0,1,2,23,1
3073,UP80SC9797,car,C1,2024-02-23 19:32:42,2024-02-23 20:57:42,85,completed,19,32,4,0,0,0,1,2,23,0
3074,UP80AT5315,car,C2,2024-02-23 19:36:37,2024-02-23 20:12:37,36,completed,19,36,4,0,0,0,1,2,23,0
3075,UP80GF5632,car,C3,2024-02-23 19:33:32,2024-02-23 20:59:32,86,completed,19,33,4,0,0,0,1,2,23,0
3076,UP80SJ3547,car,C2,2024-02-23 20:20:30,2024-02-23 22:06:30,106,completed,20,20,4,0,0,0,0,2,23,0
3077,UP80JZ3266,car,C4,2024-02-23 20:53:30,2024-02-23 22:40:30,107,completed,20,53,4,0,0,0,0,2,23,0
3078,UP80CF7818,bike,B2,2024-02-23 20:14:02,2024-02-23 21:11:02,57,completed,20,14,4,0,0,0,0,2,23,1
3079,UP80RG6491,bike,B3,2024-02-23 20:38:34,2024-02-23 21:49:34,71,completed,20,38,4,0,0,0,0,2,23,1
3080,UP80UU6573,car,C1,2024-02-23 21:08:57,2024-02-23 22:43:57,95,completed,21,8,4,0,0,0,0,2,23,0
3081,UP80CC6635,car,C3,2024-02-23 21:41:14,2024-02-23 23:11:14,90,completed,21,41,4,0,0,0,0,2,23,0
3082,UP80VA3615,car,C1,2024-02-23 23:50:06,2024-02-24 01:46:06,116,completed,23,50,4,0,0,0,0,2,23,0
3083,UP80QV8527,car,C1,2024-02-24 05:53:48,2024-02-24 08:30:48,157,completed,5,53,5,1,0,0,0,2,24,0
3084,UP80JZ3266,car,C2,2024-02-24 06:21:47,2024-02-24 08:26:47,125,completed,6,21,5,1,0,0,0,2,24,0
3085,UP80TK7118,car,C3,2024-02-24 06:21:01,2024-02-24 06:41:01,20,completed,6,21,5,1,0,0,0,2,24,0
3086,UP80RA5506,car,C4,2024-02-24 06:27:17,2024-02-24 09:19:17,172,completed,6,27,5,1,0,0,0,2,24,0
3087,UP80PT9928,car,C3,2024-02-24 08:25:58,2024-02-24 14:20:58,355,completed,8,25,5,1,1,0,0,2,24,0
3088,UP80JZ3266,car,C5,2024-02-24 08:14:18,2024-02-24 12:21:18,247,completed,8,14,5,1,1,0,0,2,24,0
3089,UP80AT5315,car,C6,2024-02-24 08:06:25,2024-02-24 12:16:25,250,completed,8,6,5,1,1,0,0,2,24,0
3090,UP80UU6573,car,C1,2024-02-24 09:39:00,2024-02-24 17:03:00,444,completed,9,39,5,1,1,0,0,2,24,0
3091,UP80DJ5374,bike,B1,2024-02-24 09:27:26,2024-02-24 12:30:26,183,completed,9,27,5,1,1,0,0,2,24,1
3092,UP80KB6155,car,C2,2024-02-24 10:36:39,2024-02-24 12:16:39,100,completed,10,36,5,1,0,0,0,2,24,0
3093,UP80SC9797,car,C4,2024-02-24 10:50:00,2024-02-24 12:07:00,77,completed,10,50,5,1,0,0,0,2,24,0
3094,UP80VL2040,car,C7,2024-02-24 10:36:07,2024-02-24 12:58:07,142,completed,10,36,5,1,0,0,0,2,24,0
3095,UP80AT5315,car,C8,2024-02-24 11:04:23,2024-02-24 12:32:23,88,completed,11,4,5,1,0,0,0,2,24,0
3096,UP80FF2290,car,C9,2024-02-24 11:36:29,2024-02-24 13:49:29,133,completed,11,36,5,1,0,0,0,2,24,0
3097,UP80PT9928,car,C10,2024-02-24 11:15:08,2024-02-24 14:11:08,176,completed,11,15,5,1,0,0,0,2,24,0
3098,UP80MJ5232,car,C2,2024-02-24 12:22:29,2024-02-24 13:44:29,82,completed,12,22,5,1,0,1,0,2,24,0
3099,UP80RG6491,bike,B1,2024-02-24 12:35:53,2024-02-24 13:54:53,79,completed,12,35,5,1,0,1,0,2,24,1
3100,UP80KT2245,car,C4,2024-02-24 12:00:48,2024-02-24 12:55:48,55,completed,12,0,5,1,0,1,0,2,24,0
3101,UP80SX5930,bike,B2,2024-02-24 13:08:04,2024-02-24 13:49:04,41,completed,13,8,5,1,0,1,0,2,24,1
3102,UP80PT9928,car,C4,2024-02-24 13:29:31,2024-02-24 14:41:31,72,completed,13,29,5,1,0,1,0,2,24,0
3103,UP80ZU9317,car,C2,2024-02-24 14:08:31,2024-02-24 16:03:31,115,completed,14,8,5,1,0,0,0,2,24,0
3104,UP80FU2674,car,C3,2024-02-24 14:51:53,2024-02-24 16:40:53,109,completed,14,51,5,1,0,0,0,2,24,0
3105,UP80SJ3547,car,C4,2024-02-24 14:38:45,2024-02-24 15:51:45,73,completed,14,38,5,1,0,0,0,2,24,0
3106,UP80FN1434,bike,B1,2024-02-24 14:30:21,2024-02-24 15:41:21,71,completed,14,30,5,1,0,0,0,2,24,1
3107,UP80XF5088,bike,B2,2024-02-24 14:51:45,2024-02-24 16:06:45,75,completed,14,51,5,1,0,0,0,2,24,1
3108,UP80DJ5374,bike,B3,2024-02-24 15:06:52,2024-02-24 15:49:52,43,completed,15,6,5,1,0,0,0,2,24,1
3109,UP80GQ7543,car,C4,2024-02-24 15:53:53,2024-02-24 18:01:53,128,completed,15,53,5,1,0,0,0,2,24,0
3110,UP80KW5978,bike,B1,2024-02-24 15:09:08,2024-02-24 16:04:08,55,completed,15,9,5,1,0,0,0,2,24,1
3111,UP80QA2535,bike,B3,2024-02-24 15:00:45,2024-02-24 16:45:45,105,completed,15,0,5,1,0,0,0,2,24,1
3112,UP80QA2535,bike,B4,2024-02-24 15:57:21,2024-02-24 17:11:21,74,completed,15,57,5,1,0,0,0,2,24,1
3113,UP80WD3621,bike,B1,2024-02-24 16:13:52,2024-02-24 18:04:52,111,completed,16,13,5,1,0,0,0,2,24,1
3114,UP80XA6442,car,C2,2024-02-24 16:39:20,2024-02-24 18:01:20,82,completed,16,39,5,1,0,0,0,2,24,0
3115,UP80NZ1188,bike,B2,2024-02-24 16:05:31,2024-02-24 17:34:31,89,completed,16,5,5,1,0,0,0,2,24,1
3116,UP80DD9830,car,C5,2024-02-24 16:15:05,2024-02-24 18:23:05,128,completed,16,15,5,1,0,0,0,2,24,0
3117,UP80YU4241,bike,B3,2024-02-24 16:59:34,2024-02-24 17:38:34,39,completed,16,59,5,1,0,0,0,2,24,1
3118,UP80QA2535,bike,B5,2024-02-24 16:22:35,2024-02-24 17:32:35,70,completed,16,22,5,1,0,0,0,2,24,1
3119,UP80UM5397,car,C1,2024-02-24 17:36:23,2024-02-24 19:23:23,107,completed,17,36,5,1,0,0,1,2,24,0
3120,UP80QV8527,car,C3,2024-02-24 17:52:42,2024-02-24 19:36:42,104,completed,17,52,5,1,0,0,1,2,24,0
3121,UP80FA6168,bike,B2,2024-02-24 17:47:56,2024-02-24 19:09:56,82,completed,17,47,5,1,0,0,1,2,24,1
3122,UP80NZ7201,car,C6,2024-02-24 17:03:52,2024-02-24 18:46:52,103,completed,17,3,5,1,0,0,1,2,24,0
3123,UP80BR1207,bike,B3,2024-02-24 17:29:04,2024-02-24 18:48:04,79,completed,17,29,5,1,0,0,1,2,24,1
3124,UP80CF4986,bike,B4,2024-02-24 17:16:57,2024-02-24 18:14:57,58,completed,17,16,5,1,0,0,1,2,24,1
3125,UP80UD6096,car,C2,2024-02-24 18:32:36,2024-02-24 19:34:36,62,completed,18,32,5,1,0,0,1,2,24,0
3126,UP80FH7211,car,C4,2024-02-24 18:41:09,2024-02-24 19:20:09,39,completed,18,41,5,1,0,0,1,2,24,0
3127,UP80DD9830,car,C5,2024-02-24 18:37:35,2024-02-24 19:31:35,54,completed,18,37,5,1,0,0,1,2,24,0
3128,UP80PT9928,car,C1,2024-02-24 19:30:49,2024-02-24 21:43:49,133,completed,19,30,5,1,0,0,1,2,24,0
3129,UP80FU2674,car,C2,2024-02-24 19:50:46,2024-02-24 21:20:46,90,completed,19,50,5,1,0,0,1,2,24,0
3130,UP80FN1434,bike,B1,2024-02-24 19:34:05,2024-02-24 20:25:05,51,completed,19,34,5,1,0,0,1,2,24,1
3131,UP80UU6573,car,C3,2024-02-24 19:21:02,2024-02-24 20:33:02,72,completed,19,21,5,1,0,0,1,2,24,0
3132,UP80YC3200,bike,B2,2024-02-24 19:04:29,2024-02-24 20:01:29,57,completed,19,4,5,1,0,0,1,2,24,1
3133,UP80XT8777,car,C4,2024-02-24 19:50:50,2024-02-24 21:20:50,90,completed,19,50,5,1,0,0,1,2,24,0
3134,UP80MP2988,car,C5,2024-02-24 19:21:55,2024-02-24 21:29:55,128,completed,19,21,5,1,0,0,1,2,24,0
3135,UP80SC9797,car,C6,2024-02-24 20:25:55,2024-02-24 21:17:55,52,completed,20,25,5,1,0,0,0,2,24,0
3136,UP80WW7227,car,C3,2024-02-24 20:37:35,2024-02-24 23:11:35,154,completed,20,37,5,1,0,0,0,2,24,0
3137,UP80UU6573,car,C7,2024-02-24 20:59:34,2024-02-24 22:52:34,113,completed,20,59,5,1,0,0,0,2,24,0
3138,UP80MJ5232,car,C8,2024-02-24 20:24:58,2024-02-24 23:00:58,156,completed,20,24,5,1,0,0,0,2,24,0
3139,UP80UY4266,bike,B1,2024-02-24 21:19:25,2024-02-24 22:43:25,84,completed,21,19,5,1,0,0,0,2,24,1
3140,UP80QA2535,bike,B2,2024-02-24 21:28:59,2024-02-24 22:37:59,69,completed,21,28,5,1,0,0,0,2,24,1
3141,UP80PT9928,car,C2,2024-02-24 21:28:39,2024-02-24 22:41:39,73,completed,21,28,5,1,0,0,0,2,24,0
3142,UP80WV2729,bike,B3,2024-02-24 22:11:46,2024-02-24 23:18:46,67,completed,22,11,5,1,0,0,0,2,24,1
3143,UP80QV8527,car,C1,2024-02-25 04:20:07,2024-02-25 06:53:07,153,completed,4,20,6,1,0,0,0,2,25,0
3144,UP80JZ3266,car,C1,2024-02-25 07:43:43,2024-02-25 12:56:43,313,completed,7,43,6,1,1,0,0,2,25,0
3145,UP80DJ5374,bike,B1,2024-02-25 08:39:21,2024-02-25 12:57:21,258,completed,8,39,6,1,1,0,0,2,25,1
3146,UP80SJ3547,car,C2,2024-02-25 08:28:45,2024-02-25 14:14:45,346,completed,8,28,6,1,1,0,0,2,25,0
3147,UP80ML4020,car,C3,2024-02-25 09:35:03,2024-02-25 15:16:03,341,completed,9,35,6,1,1,0,0,2,25,0
3148,UP80FN1434,bike,B2,2024-02-25 10:58:14,2024-02-25 11:25:14,27,completed,10,58,6,1,0,0,0,2,25,1
3149,UP80PS6511,bike,B2,2024-02-25 11:25:18,2024-02-25 12:43:18,78,completed,11,25,6,1,0,0,0,2,25,1
3150,UP80DM4502,car,C4,2024-02-25 11:13:44,2024-02-25 13:00:44,107,completed,11,13,6,1,0,0,0,2,25,0
3151,UP80YC3200,bike,B3,2024-02-25 12:22:08,2024-02-25 12:50:08,28,completed,12,22,6,1,0,1,0,2,25,1
3152,UP80SC9797,car,C5,2024-02-25 12:48:18,2024-02-25 13:45:18,57,completed,12,48,6,1,0,1,0,2,25,0
3153,UP80PS1750,bike,B1,2024-02-25 13:39:58,2024-02-25 14:34:58,55,completed,13,39,6,1,0,1,0,2,25,1
3154,UP80PE7211,car,C1,2024-02-25 13:57:11,2024-02-25 14:46:11,49,completed,13,57,6,1,0,1,0,2,25,0
3155,UP80QZ4180,bike,B2,2024-02-25 13:48:15,2024-02-25 14:19:15,31,completed,13,48,6,1,0,1,0,2,25,1
3156,UP80VL2040,car,C4,2024-02-25 13:04:02,2024-02-25 13:55:02,51,completed,13,4,6,1,0,1,0,2,25,0
3157,UP80FM8517,bike,B1,2024-02-25 14:36:00,2024-02-25 14:58:00,22,completed,14,36,6,1,0,0,0,2,25,1
3158,UP80KB6155,car,C2,2024-02-25 14:35:03,2024-02-25 15:52:03,77,completed,14,35,6,1,0,0,0,2,25,0
3159,UP80RU2307,car,C4,2024-02-25 14:30:16,2024-02-25 17:13:16,163,completed,14,30,6,1,0,0,0,2,25,0
3160,UP80GX3546,car,C5,2024-02-25 14:08:45,2024-02-25 16:02:45,114,completed,14,8,6,1,0,0,0,2,25,0
3161,UP80AT5315,car,C1,2024-02-25 15:36:54,2024-02-25 17:02:54,86,completed,15,36,6,1,0,0,0,2,25,0
3162,UP80NC1771,car,C3,2024-02-25 15:01:00,2024-02-25 15:08:00,7,completed,15,1,6,1,0,0,0,2,25,0
3163,UP80QE5010,car,C1,2024-02-25 17:54:54,2024-02-25 19:24:54,90,completed,17,54,6,1,0,0,1,2,25,0
3164,UP80KB6155,car,C2,2024-02-25 17:00:04,2024-02-25 18:15:04,75,completed,17,0,6,1,0,0,1,2,25,0
3165,UP80DJ5374,bike,B1,2024-02-25 17:08:57,2024-02-25 18:24:57,76,completed,17,8,6,1,0,0,1,2,25,1
3166,UP80CL8433,car,C3,2024-02-25 17:03:40,2024-02-25 18:53:40,110,completed,17,3,6,1,0,0,1,2,25,0
3167,UP80HW5573,bike,B2,2024-02-25 17:09:14,2024-02-25 17:58:14,49,completed,17,9,6,1,0,0,1,2,25,1
3168,UP80DD9830,car,C2,2024-02-25 18:50:02,2024-02-25 20:35:02,105,completed,18,50,6,1,0,0,1,2,25,0
3169,UP80SC9797,car,C4,2024-02-25 18:02:22,2024-02-25 18:50:22,48,completed,18,2,6,1,0,0,1,2,25,0
3170,UP80ZY4872,car,C5,2024-02-25 18:00:09,2024-02-25 18:58:09,58,completed,18,0,6,1,0,0,1,2,25,0
3171,UP80SJ3547,car,C6,2024-02-25 18:25:28,2024-02-25 19:57:28,92,completed,18,25,6,1,0,0,1,2,25,0
3172,UP80GT1027,car,C7,2024-02-25 18:21:59,2024-02-25 19:48:59,87,completed,18,21,6,1,0,0,1,2,25,0
3173,UP80WQ4908,bike,B1,2024-02-25 18:36:35,2024-02-25 19:05:35,29,completed,18,36,6,1,0,0,1,2,25,1
3174,UP80AT5315,car,C3,2024-02-25 19:05:10,2024-02-25 20:53:10,108,completed,19,5,6,1,0,0,1,2,25,0
3175,UP80PS1750,bike,B1,2024-02-25 19:19:10,2024-02-25 20:48:10,89,completed,19,19,6,1,0,0,1,2,25,1
3176,UP80AN5494,bike,B1,2024-02-25 20:56:11,2024-02-25 21:48:11,52,completed,20,56,6,1,0,0,0,2,25,1
3177,UP80FN1434,bike,B2,2024-02-25 20:23:22,2024-02-25 21:39:22,76,completed,20,23,6,1,0,0,0,2,25,1
3178,UP80JZ3266,car,C1,2024-02-25 20:44:38,2024-02-25 23:38:38,174,completed,20,44,6,1,0,0,0,2,25,0
3179,UP80ER5325,bike,B3,2024-02-25 20:51:22,2024-02-25 21:43:22,52,completed,20,51,6,1,0,0,0,2,25,1
3180,UP80DE8579,car,C2,2024-02-25 20:27:44,2024-02-25 21:34:44,67,completed,20,27,6,1,0,0,0,2,25,0
3181,UP80FN1434,bike,B4,2024-02-25 20:38:46,2024-02-25 21:20:46,42,completed,20,38,6,1,0,0,0,2,25,1
3182,UP80DV5978,car,C3,2024-02-25 20:33:36,2024-02-25 22:46:36,133,completed,20,33,6,1,0,0,0,2,25,0
3183,UP80LL5557,car,C4,2024-02-25 21:23:36,2024-02-25 23:02:36,99,completed,21,23,6,1,0,0,0,2,25,0
3184,UP80PT9928,car,C5,2024-02-25 21:23:21,2024-02-25 22:35:21,72,completed,21,23,6,1,0,0,0,2,25,0
3185,UP80NC1771,car,C2,2024-02-25 21:56:20,2024-02-25 23:37:20,101,completed,21,56,6,1,0,0,0,2,25,0
3186,UP80SX2424,car,C3,2024-02-25 23:06:24,2024-02-26 00:22:24,76,completed,23,6,6,1,0,0,0,2,25,0
3187,UP80RU2307,car,C1,2024-02-25 23:48:49,2024-02-26 00:39:49,51,completed,23,48,6,1,0,0,0,2,25,0
3188,UP80KB6155,car,C2,2024-02-25 23:54:13,2024-02-26 01:55:13,121,completed,23,54,6,1,0,0,0,2,25,0
3189,UP80LL5557,car,C1,2024-02-26 04:54:59,2024-02-26 06:56:59,122,completed,4,54,0,0,0,0,0,2,26,0
3190,UP80YU5673,bike,B1,2024-02-26 05:02:57,2024-02-26 06:56:57,114,completed,5,2,0,0,0,0,0,2,26,1
3191,UP80QA2535,bike,B1,2024-02-26 07:32:05,2024-02-26 10:41:05,189,completed,7,32,0,0,1,0,0,2,26,1
3192,UP80QF4608,car,C1,2024-02-26 07:00:43,2024-02-26 13:33:43,393,completed,7,0,0,0,1,0,0,2,26,0
3193,UP80CL5533,bike,B2,2024-02-26 07:22:45,2024-02-26 12:21:45,299,completed,7,22,0,0,1,0,0,2,26,1
3194,UP80AT5315,car,C2,2024-02-26 07:29:22,2024-02-26 13:03:22,334,completed,7,29,0,0,1,0,0,2,26,0
3195,UP80SJ3547,car,C3,2024-02-26 08:06:39,2024-02-26 14:16:39,370,completed,8,6,0,0,1,0,0,2,26,0
3196,UP80SZ2612,car,C4,2024-02-26 08:41:10,2024-02-26 13:10:10,269,completed,8,41,0,0,1,0,0,2,26,0
3197,UP80QZ4180,bike,B3,2024-02-26 08:26:43,2024-02-26 12:49:43,263,completed,8,26,0,0,1,0,0,2,26,1
3198,UP80ZY4295,bike,B4,2024-02-26 08:19:24,2024-02-26 12:15:24,236,completed,8,19,0,0,1,0,0,2,26,1
3199,UP80NZ1188,bike,B5,2024-02-26 08:55:10,2024-02-26 13:23:10,268,completed,8,55,0,0,1,0,0,2,26,1
3200,UP80SC9797,car,C5,2024-02-26 08:01:16,2024-02-26 16:22:16,501,completed,8,1,0,0,1,0,0,2,26,0
3201,UP80KB6155,car,C6,2024-02-26 08:52:17,2024-02-26 14:25:17,333,completed,8,52,0,0,1,0,0,2,26,0
3202,UP80DM4502,car,C7,2024-02-26 08:05:51,2024-02-26 14:26:51,381,completed,8,5,0,0,1,0,0,2,26,0
3203,UP80QA2535,bike,B6,2024-02-26 09:26:31,2024-02-26 12:34:31,188,completed,9,26,0,0,1,0,0,2,26,1
3204,UP80FM8517,bike,B7,2024-02-26 09:23:53,2024-02-26 14:19:53,296,completed,9,23,0,0,1,0,0,2,26,1
3205,UP80ZY4295,bike,B8,2024-02-26 09:29:48,2024-02-26 12:19:48,170,completed,9,29,0,0,1,0,0,2,26,1
3206,UP80KQ8668,bike,B9,2024-02-26 09:59:09,2024-02-26 15:01:09,302,completed,9,59,0,0,1,0,0,2,26,1
3207,UP80QA2535,bike,B10,2024-02-26 09:51:25,2024-02-26 13:34:25,223,completed,9,51,0,0,1,0,0,2,26,1
3208,UP80SX2424,car,C8,2024-02-26 09:48:50,2024-02-26 16:34:50,406,completed,9,48,0,0,1,0,0,2,26,0
3209,UP80NZ7201,car,C9,2024-02-26 10:28:27,2024-02-26 12:06:27,98,completed,10,28,0,0,0,0,0,2,26,0
3210,UP80DD9830,car,C10,2024-02-26 10:12:45,2024-02-26 11:22:45,70,completed,10,12,0,0,0,0,0,2,26,0
3211,UP80ZU9317,car,C11,2024-02-26 10:22:00,2024-02-26 11:50:00,88,completed,10,22,0,0,0,0,0,2,26,0
3212,UP80SJ3547,car,C12,2024-02-26 11:08:54,2024-02-26 13:38:54,150,completed,11,8,0,0,0,0,0,2,26,0
3213,UP80SZ2612,car,C9,2024-02-26 12:27:56,2024-02-26 13:23:56,56,completed,12,27,0,0,0,1,0,2,26,0
3214,UP80SJ3547,car,C2,2024-02-26 13:13:50,2024-02-26 14:23:50,70,completed,13,13,0,0,0,1,0,2,26,0
3215,UP80CF4986,bike,B1,2024-02-26 14:58:53,2024-02-26 15:52:53,54,completed,14,58,0,0,0,0,0,2,26,1
3216,UP80KQ8668,bike,B2,2024-02-26 14:43:09,2024-02-26 15:50:09,67,completed,14,43,0,0,0,0,0,2,26,1
3217,UP80SX2424,car,C1,2024-02-26 14:54:32,2024-02-26 16:08:32,74,completed,14,54,0,0,0,0,0,2,26,0
3218,UP80XW5889,car,C2,2024-02-26 15:38:43,2024-02-26 17:28:43,110,completed,15,38,0,0,0,0,0,2,26,0
3219,UP80RU2307,car,C3,2024-02-26 15:59:26,2024-02-26 17:44:26,105,completed,15,59,0,0,0,0,0,2,26,0
3220,UP80CL8433,car,C4,2024-02-26 15:45:05,2024-02-26 16:18:05,33,completed,15,45,0,0,0,0,0,2,26,0
3221,UP80NZ7201,car,C1,2024-02-26 16:43:24,2024-02-26 17:35:24,52,completed,16,43,0,0,0,0,0,2,26,0
3222,UP80UK5065,bike,B1,2024-02-26 16:56:08,2024-02-26 17:54:08,58,completed,16,56,0,0,0,0,0,2,26,1
3223,UP80JL6023,car,C2,2024-02-26 17:29:11,2024-02-26 19:33:11,124,completed,17,29,0,0,0,0,1,2,26,0
3224,UP80NZ7201,car,C4,2024-02-26 17:14:15,2024-02-26 18:57:15,103,completed,17,14,0,0,0,0,1,2,26,0
3225,UP80RG8239,bike,B2,2024-02-26 17:52:02,2024-02-26 19:41:02,109,completed,17,52,0,0,0,0,1,2,26,1
3226,UP80VL2040,car,C1,2024-02-26 17:23:54,2024-02-26 19:14:54,111,completed,17,23,0,0,0,0,1,2,26,0
3227,UP80GR6977,car,C3,2024-02-26 17:25:01,2024-02-26 18:31:01,66,completed,17,25,0,0,0,0,1,2,26,0
3228,UP80CA6111,bike,B3,2024-02-26 17:46:24,2024-02-26 19:21:24,95,completed,17,46,0,0,0,0,1,2,26,1
3229,UP80NC1771,car,C3,2024-02-26 18:43:17,2024-02-26 19:34:17,51,completed,18,43,0,0,0,0,1,2,26,0
3230,UP80BR1878,car,C5,2024-02-26 18:46:51,2024-02-26 20:43:51,117,completed,18,46,0,0,0,0,1,2,26,0
3231,UP80GT1027,car,C6,2024-02-26 18:49:57,2024-02-26 20:45:57,116,completed,18,49,0,0,0,0,1,2,26,0
3232,UP80WD3621,bike,B1,2024-02-26 18:15:27,2024-02-26 19:22:27,67,completed,18,15,0,0,0,0,1,2,26,1
3233,UP80ZU9317,car,C1,2024-02-26 19:54:17,2024-02-26 21:28:17,94,completed,19,54,0,0,0,0,1,2,26,0
3234,UP80GR6977,car,C2,2024-02-26 19:51:04,2024-02-26 20:51:04,60,completed,19,51,0,0,0,0,1,2,26,0
3235,UP80DJ5374,bike,B1,2024-02-26 20:08:05,2024-02-26 21:01:05,53,completed,20,8,0,0,0,0,0,2,26,1
3236,UP80XW5889,car,C1,2024-02-26 21:58:00,2024-02-27 00:34:00,156,completed,21,58,0,0,0,0,0,2,26,0
3237,UP80DK4598,car,C2,2024-02-26 21:58:19,2024-02-27 00:13:19,135,completed,21,58,0,0,0,0,0,2,26,0
3238,UP80CC6635,car,C1,2024-02-27 06:59:35,2024-02-27 09:36:35,157,completed,6,59,1,0,0,0,0,2,27,0
3239,UP80HP8753,bike,B1,2024-02-27 07:13:23,2024-02-27 10:49:23,216,completed,7,13,1,0,1,0,0,2,27,1
3240,UP80BD7275,car,C2,2024-02-27 08:27:56,2024-02-27 16:32:56,485,completed,8,27,1,0,1,0,0,2,27,0
3241,UP80RM1282,bike,B2,2024-02-27 08:16:17,2024-02-27 13:10:17,294,completed,8,16,1,0,1,0,0,2,27,1
3242,UP80CC6635,car,C3,2024-02-27 08:07:31,2024-02-27 13:22:31,315,completed,8,7,1,0,1,0,0,2,27,0
3243,UP80ET5530,car,C4,2024-02-27 08:55:41,2024-02-27 16:07:41,432,completed,8,55,1,0,1,0,0,2,27,0
3244,UP80BQ9238,car,C5,2024-02-27 08:50:21,2024-02-27 15:01:21,371,completed,8,50,1,0,1,0,0,2,27,0
3245,UP80JZ3266,car,C6,2024-02-27 09:14:57,2024-02-27 15:56:57,402,completed,9,14,1,0,1,0,0,2,27,0
3246,UP80NZ7201,car,C1,2024-02-27 09:43:20,2024-02-27 16:29:20,406,completed,9,43,1,0,1,0,0,2,27,0
3247,UP80QA2535,bike,B3,2024-02-27 09:29:00,2024-02-27 13:17:00,228,completed,9,29,1,0,1,0,0,2,27,1
3248,UP80ZB4044,car,C7,2024-02-27 09:48:40,2024-02-27 15:33:40,345,completed,9,48,1,0,1,0,0,2,27,0
3249,UP80FX6413,bike,B4,2024-02-27 09:52:28,2024-02-27 16:11:28,379,completed,9,52,1,0,1,0,0,2,27,1
3250,UP80SX2424,car,C8,2024-02-27 10:20:41,2024-02-27 12:34:41,134,completed,10,20,1,0,0,0,0,2,27,0
3251,UP80MY5892,car,C9,2024-02-27 10:02:01,2024-02-27 12:17:01,135,completed,10,2,1,0,0,0,0,2,27,0
3252,UP80QE5010,car,C10,2024-02-27 11:08:04,2024-02-27 12:48:04,100,completed,11,8,1,0,0,0,0,2,27,0
3253,UP80DJ2127,car,C11,2024-02-27 11:29:42,2024-02-27 13:35:42,126,completed,11,29,1,0,0,0,0,2,27,0
3254,UP80AN5494,bike,B1,2024-02-27 11:19:14,2024-02-27 12:37:14,78,completed,11,19,1,0,0,0,0,2,27,1
3255,UP80GX3546,car,C12,2024-02-27 11:50:07,2024-02-27 13:54:07,124,completed,11,50,1,0,0,0,0,2,27,0
3256,UP80CC6635,car,C8,2024-02-27 12:40:44,2024-02-27 13:15:44,35,completed,12,40,1,0,0,1,0,2,27,0
3257,UP80NZ7201,car,C9,2024-02-27 12:58:02,2024-02-27 13:44:02,46,completed,12,58,1,0,0,1,0,2,27,0
3258,UP80FM8517,bike,B1,2024-02-27 12:45:09,2024-02-27 13:39:09,54,completed,12,45,1,0,0,1,0,2,27,1
3259,UP80LJ8532,car,C10,2024-02-27 12:11:58,2024-02-27 12:54:58,43,completed,12,11,1,0,0,1,0,2,27,0
3260,UP80RU2307,car,C3,2024-02-27 13:40:54,2024-02-27 14:19:54,39,completed,13,40,1,0,0,1,0,2,27,0
3261,UP80HF2419,bike,B1,2024-02-27 15:22:08,2024-02-27 16:05:08,43,completed,15,22,1,0,0,0,0,2,27,1
3262,UP80RU2307,car,C3,2024-02-27 15:42:43,2024-02-27 18:49:43,187,completed,15,42,1,0,0,0,0,2,27,0
3263,UP80JZ3266,car,C4,2024-02-27 16:09:10,2024-02-27 18:17:10,128,completed,16,9,1,0,0,0,0,2,27,0
3264,UP80QV8527,car,C1,2024-02-27 16:57:33,2024-02-27 19:51:33,174,completed,16,57,1,0,0,0,0,2,27,0
3265,UP80WD3621,bike,B1,2024-02-27 16:00:18,2024-02-27 16:58:18,58,completed,16,0,1,0,0,0,0,2,27,1
3266,UP80SW1916,bike,B1,2024-02-27 17:50:53,2024-02-27 18:21:53,31,completed,17,50,1,0,0,0,1,2,27,1
3267,UP80GQ7543,car,C2,2024-02-27 17:14:08,2024-02-27 19:07:08,113,completed,17,14,1,0,0,0,1,2,27,0
3268,UP80QA2535,bike,B2,2024-02-27 17:02:30,2024-02-27 18:29:30,87,completed,17,2,1,0,0,0,1,2,27,1
3269,UP80QV8527,car,C4,2024-02-27 18:35:29,2024-02-27 19:37:29,62,completed,18,35,1,0,0,0,1,2,27,0
3270,UP80CC6635,car,C5,2024-02-27 18:07:48,2024-02-27 19:59:48,112,completed,18,7,1,0,0,0,1,2,27,0
3271,UP80SX2424,car,C3,2024-02-27 18:53:54,2024-02-27 20:51:54,118,completed,18,53,1,0,0,0,1,2,27,0
3272,UP80UU6573,car,C6,2024-02-27 18:09:25,2024-02-27 19:59:25,110,completed,18,9,1,0,0,0,1,2,27,0
3273,UP80ET5530,car,C2,2024-02-27 19:14:57,2024-02-27 19:32:57,18,completed,19,14,1,0,0,0,1,2,27,0
3274,UP80MG8956,car,C2,2024-02-27 19:45:05,2024-02-27 20:46:05,61,completed,19,45,1,0,0,0,1,2,27,0
3275,UP80LX8305,car,C4,2024-02-27 19:42:50,2024-02-27 21:57:50,135,completed,19,42,1,0,0,0,1,2,27,0
3276,UP80FM8517,bike,B1,2024-02-27 19:34:55,2024-02-27 20:29:55,55,completed,19,34,1,0,0,0,1,2,27,1
3277,UP80WW7227,car,C1,2024-02-27 20:30:12,2024-02-27 22:48:12,138,completed,20,30,1,0,0,0,0,2,27,0
3278,UP80PP6138,bike,B1,2024-02-27 20:13:44,2024-02-27 21:40:44,87,completed,20,13,1,0,0,0,0,2,27,1
3279,UP80YX6038,car,C5,2024-02-27 20:10:58,2024-02-27 21:25:58,75,completed,20,10,1,0,0,0,0,2,27,0
3280,UP80QR3041,car,C6,2024-02-27 20:18:16,2024-02-27 21:27:16,69,completed,20,18,1,0,0,0,0,2,27,0
3281,UP80CA6111,bike,B2,2024-02-27 20:35:42,2024-02-27 22:16:42,101,completed,20,35,1,0,0,0,0,2,27,1
3282,UP80FK5915,car,C2,2024-02-27 21:43:40,2024-02-28 00:43:40,180,completed,21,43,1,0,0,0,0,2,27,0
3283,UP80KB6155,car,C3,2024-02-27 21:46:22,2024-02-28 00:20:22,154,completed,21,46,1,0,0,0,0,2,27,0
3284,UP80QA2535,bike,B1,2024-02-27 22:21:13,2024-02-28 00:23:13,122,completed,22,21,1,0,0,0,0,2,27,1
3285,UP80WD3621,bike,B2,2024-02-27 22:57:24,2024-02-28 00:24:24,87,completed,22,57,1,0,0,0,0,2,27,1
3286,UP80QA2535,bike,B3,2024-02-27 23:54:41,2024-02-28 00:54:41,60,completed,23,54,1,0,0,0,0,2,27,1
3287,UP80AJ7624,bike,B1,2024-02-28 01:04:39,2024-02-28 02:52:39,108,completed,1,4,2,0,0,0,0,2,28,1
3288,UP80NZ7201,car,C1,2024-02-28 06:05:09,2024-02-28 08:41:09,156,completed,6,5,2,0,0,0,0,2,28,0
3289,UP80QT9270,bike,B1,2024-02-28 07:36:15,2024-02-28 12:45:15,309,completed,7,36,2,0,1,0,0,2,28,1
3290,UP80NC1771,car,C2,2024-02-28 07:29:34,2024-02-28 12:42:34,313,completed,7,29,2,0,1,0,0,2,28,0
3291,UP80NZ1188,bike,B2,2024-02-28 07:25:02,2024-02-28 11:01:02,216,completed,7,25,2,0,1,0,0,2,28,1
3292,UP80CL5533,bike,B3,2024-02-28 07:27:31,2024-02-28 11:30:31,243,completed,7,27,2,0,1,0,0,2,28,1
3293,UP80QV8527,car,C3,2024-02-28 07:05:51,2024-02-28 14:03:51,418,completed,7,5,2,0,1,0,0,2,28,0
3294,UP80DK4598,car,C1,2024-02-28 08:43:48,2024-02-28 15:47:48,424,completed,8,43,2,0,1,0,0,2,28,0
3295,UP80TB6733,bike,B4,2024-02-28 08:44:36,2024-02-28 11:41:36,177,completed,8,44,2,0,1,0,0,2,28,1
3296,UP80BH6925,bike,B5,2024-02-28 08:26:22,2024-02-28 11:25:22,179,completed,8,26,2,0,1,0,0,2,28,1
3297,UP80SS2169,bike,B6,2024-02-28 08:40:43,2024-02-28 13:03:43,263,completed,8,40,2,0,1,0,0,2,28,1
3298,UP80SS2169,bike,B7,2024-02-28 09:40:49,2024-02-28 14:57:49,317,completed,9,40,2,0,1,0,0,2,28,1
3299,UP80HT4033,car,C4,2024-02-28 09:12:01,2024-02-28 14:59:01,347,completed,9,12,2,0,1,0,0,2,28,0
3300,UP80FU2674,car,C5,2024-02-28 09:21:11,2024-02-28 14:03:11,282,completed,9,21,2,0,1,0,0,2,28,0
3301,UP80FN1434,bike,B8,2024-02-28 09:02:10,2024-02-28 12:54:10,232,completed,9,2,2,0,1,0,0,2,28,1
3302,UP80ZT4878,bike,B9,2024-02-28 10:22:31,2024-02-28 11:41:31,79,completed,10,22,2,0,0,0,0,2,28,1
3303,UP80DJ5374,bike,B10,2024-02-28 10:18:36,2024-02-28 10:53:36,35,completed,10,18,2,0,0,0,0,2,28,1
3304,UP80UU6573,car,C6,2024-02-28 10:00:08,2024-02-28 12:07:08,127,completed,10,0,2,0,0,0,0,2,28,0
3305,UP80SC9797,car,C7,2024-02-28 10:29:25,2024-02-28 12:07:25,98,completed,10,29,2,0,0,0,0,2,28,0
3306,UP80AT5315,car,C8,2024-02-28 10:25:19,2024-02-28 11:48:19,83,completed,10,25,2,0,0,0,0,2,28,0
3307,UP80PT9928,car,C9,2024-02-28 11:28:59,2024-02-28 13:04:59,96,completed,11,28,2,0,0,0,0,2,28,0
3308,UP80SX2424,car,C8,2024-02-28 11:56:22,2024-02-28 14:08:22,132,completed,11,56,2,0,0,0,0,2,28,0
3309,UP80FD2679,bike,B2,2024-02-28 11:16:54,2024-02-28 12:11:54,55,completed,11,16,2,0,0,0,0,2,28,1
3310,UP80SX2424,car,C2,2024-02-28 12:44:14,2024-02-28 13:54:14,70,completed,12,44,2,0,0,1,0,2,28,0
3311,UP80GR6977,car,C6,2024-02-28 12:37:47,2024-02-28 13:11:47,34,completed,12,37,2,0,0,1,0,2,28,0
3312,UP80CL8433,car,C7,2024-02-28 12:29:28,2024-02-28 13:17:28,48,completed,12,29,2,0,0,1,0,2,28,0
3313,UP80KB6155,car,C10,2024-02-28 12:41:22,2024-02-28 13:43:22,62,completed,12,41,2,0,0,1,0,2,28,0
3314,UP80RA5506,car,C11,2024-02-28 12:44:23,2024-02-28 13:57:23,73,completed,12,44,2,0,0,1,0,2,28,0
3315,UP80CC6635,car,C9,2024-02-28 13:11:23,2024-02-28 13:49:23,38,completed,13,11,2,0,0,1,0,2,28,0
3316,UP80RU2307,car,C2,2024-02-28 14:43:13,2024-02-28 16:34:13,111,completed,14,43,2,0,0,0,0,2,28,0
3317,UP80DJ5374,bike,B1,2024-02-28 14:05:54,2024-02-28 15:50:54,105,completed,14,5,2,0,0,0,0,2,28,1
3318,UP80DK4598,car,C3,2024-02-28 14:35:53,2024-02-28 16:06:53,91,completed,14,35,2,0,0,0,0,2,28,0
3319,UP80DJ5374,bike,B1,2024-02-28 16:39:25,2024-02-28 17:31:25,52,completed,16,39,2,0,0,0,0,2,28,1
3320,UP80KA8711,car,C1,2024-02-28 16:19:21,2024-02-28 18:40:21,141,completed,16,19,2,0,0,0,0,2,28,0
3321,UP80WW7227,car,C2,2024-02-28 16:47:14,2024-02-28 19:02:14,135,completed,16,47,2,0,0,0,0,2,28,0
3322,UP80CL8433,car,C3,2024-02-28 16:19:39,2024-02-28 17:09:39,50,completed,16,19,2,0,0,0,0,2,28,0
3323,UP80ZU9317,car,C4,2024-02-28 16:59:38,2024-02-28 19:01:38,122,completed,16,59,2,0,0,0,0,2,28,0
3324,UP80JZ3266,car,C5,2024-02-28 16:54:16,2024-02-28 19:56:16,182,completed,16,54,2,0,0,0,0,2,28,0
3325,UP80GR6977,car,C3,2024-02-28 17:18:14,2024-02-28 19:04:14,106,completed,17,18,2,0,0,0,1,2,28,0
3326,UP80UU6573,car,C6,2024-02-28 17:33:48,2024-02-28 18:46:48,73,completed,17,33,2,0,0,0,1,2,28,0
3327,UP80AT5315,car,C7,2024-02-28 17:10:09,2024-02-28 18:25:09,75,completed,17,10,2,0,0,0,1,2,28,0
3328,UP80BH6925,bike,B1,2024-02-28 17:38:46,2024-02-28 19:16:46,98,completed,17,38,2,0,0,0,1,2,28,1
3329,UP80CT9004,bike,B2,2024-02-28 17:36:42,2024-02-28 18:54:42,78,completed,17,36,2,0,0,0,1,2,28,1
3330,UP80RU2307,car,C8,2024-02-28 17:54:59,2024-02-28 18:47:59,53,completed,17,54,2,0,0,0,1,2,28,0
3331,UP80KS8699,car,C9,2024-02-28 17:10:06,2024-02-28 18:25:06,75,completed,17,10,2,0,0,0,1,2,28,0
3332,UP80WD3621,bike,B3,2024-02-28 18:44:11,2024-02-28 19:53:11,69,completed,18,44,2,0,0,0,1,2,28,1
3333,UP80SS2169,bike,B4,2024-02-28 18:48:02,2024-02-28 20:27:02,99,completed,18,48,2,0,0,0,1,2,28,1
3334,UP80DD9830,car,C1,2024-02-28 18:12:18,2024-02-28 19:20:18,68,completed,18,12,2,0,0,0,1,2,28,0
3335,UP80AT5315,car,C6,2024-02-28 18:23:21,2024-02-28 20:28:21,125,completed,18,23,2,0,0,0,1,2,28,0
3336,UP80SS2169,bike,B5,2024-02-28 18:02:15,2024-02-28 19:48:15,106,completed,18,2,2,0,0,0,1,2,28,1
3337,UP80SS2169,bike,B6,2024-02-28 18:17:36,2024-02-28 19:25:36,68,completed,18,17,2,0,0,0,1,2,28,1
3338,UP80QA2535,bike,B7,2024-02-28 18:46:39,2024-02-28 20:07:39,81,completed,18,46,2,0,0,0,1,2,28,1
3339,UP80SW1916,bike,B1,2024-02-28 19:52:01,2024-02-28 21:41:01,109,completed,19,52,2,0,0,0,1,2,28,1
3340,UP80GT1027,car,C1,2024-02-28 19:13:46,2024-02-28 21:15:46,122,completed,19,13,2,0,0,0,1,2,28,0
3341,UP80GB1317,car,C1,2024-02-28 22:54:25,2024-02-29 00:43:25,109,completed,22,54,2,0,0,0,0,2,28,0
3342,UP80WD3621,bike,B1,2024-02-28 22:21:37,2024-02-28 23:11:37,50,completed,22,21,2,0,0,0,0,2,28,1
3343,UP80EC8062,car,C2,2024-02-28 22:00:35,2024-02-29 00:48:35,168,completed,22,0,2,0,0,0,0,2,28,0
3344,UP80VL2040,car,C1,2024-02-29 06:51:41,2024-02-29 08:25:41,94,completed,6,51,3,0,0,0,0,2,29,0
3345,UP80NC1771,car,C2,2024-02-29 07:28:56,2024-02-29 13:11:56,343,completed,7,28,3,0,1,0,0,2,29,0
3346,UP80QF4608,car,C3,2024-02-29 08:19:13,2024-02-29 17:28:13,549,completed,8,19,3,0,1,0,0,2,29,0
3347,UP80FA6168,bike,B1,2024-02-29 08:09:14,2024-02-29 12:42:14,273,completed,8,9,3,0,1,0,0,2,29,1
3348,UP80GR6977,car,C1,2024-02-29 08:52:35,2024-02-29 14:40:35,348,completed,8,52,3,0,1,0,0,2,29,0
3349,UP80JZ3266,car,C4,2024-02-29 08:27:25,2024-02-29 14:27:25,360,completed,8,27,3,0,1,0,0,2,29,0
3350,UP80XJ3584,car,C5,2024-02-29 09:48:59,2024-02-29 14:10:59,262,completed,9,48,3,0,1,0,0,2,29,0
3351,UP80FU2674,car,C6,2024-02-29 09:12:08,2024-02-29 14:40:08,328,completed,9,12,3,0,1,0,0,2,29,0
3352,UP80FM8517,bike,B2,2024-02-29 09:08:01,2024-02-29 12:37:01,209,completed,9,8,3,0,1,0,0,2,29,1
3353,UP80RA5506,car,C7,2024-02-29 09:36:06,2024-02-29 15:41:06,365,completed,9,36,3,0,1,0,0,2,29,0
3354,UP80FN1434,bike,B3,2024-02-29 09:16:26,2024-02-29 13:57:26,281,completed,9,16,3,0,1,0,0,2,29,1
3355,UP80GQ7543,car,C8,2024-02-29 10:46:44,2024-02-29 12:53:44,127,completed,10,46,3,0,0,0,0,2,29,0
3356,UP80GQ7543,car,C9,2024-02-29 10:52:00,2024-02-29 12:14:00,82,completed,10,52,3,0,0,0,0,2,29,0
3357,UP80XW5889,car,C10,2024-02-29 10:09:49,2024-02-29 11:26:49,77,completed,10,9,3,0,0,0,0,2,29,0
3358,UP80HG6147,car,C11,2024-02-29 10:15:57,2024-02-29 13:15:57,180,completed,10,15,3,0,0,0,0,2,29,0
3359,UP80QA2535,bike,B4,2024-02-29 10:17:41,2024-02-29 12:19:41,122,completed,10,17,3,0,0,0,0,2,29,1
3360,UP80EQ2876,car,C10,2024-02-29 11:58:14,2024-02-29 14:38:14,160,completed,11,58,3,0,0,0,0,2,29,0
3361,UP80LQ9565,car,C9,2024-02-29 12:49:16,2024-02-29 13:50:16,61,completed,12,49,3,0,0,1,0,2,29,0
3362,UP80YU5673,bike,B1,2024-02-29 12:45:58,2024-02-29 13:40:58,55,completed,12,45,3,0,0,1,0,2,29,1
3363,UP80NC1771,car,C12,2024-02-29 12:02:08,2024-02-29 13:50:08,108,completed,12,2,3,0,0,1,0,2,29,0
3364,UP80YU4241,bike,B2,2024-02-29 12:37:51,2024-02-29 13:38:51,61,completed,12,37,3,0,0,1,0,2,29,1
3365,UP80CC6635,car,C13,2024-02-29 12:01:05,2024-02-29 13:29:05,88,completed,12,1,3,0,0,1,0,2,29,0
3366,UP80FA6168,bike,B4,2024-02-29 13:08:18,2024-02-29 13:47:18,39,completed,13,8,3,0,0,1,0,2,29,1
3367,UP80BR1878,car,C8,2024-02-29 13:03:28,2024-02-29 13:30:28,27,completed,13,3,3,0,0,1,0,2,29,0
3368,UP80LL5557,car,C1,2024-02-29 14:42:56,2024-02-29 17:20:56,158,completed,14,42,3,0,0,0,0,2,29,0
3369,UP80VL2040,car,C2,2024-02-29 15:53:58,2024-02-29 17:39:58,106,completed,15,53,3,0,0,0,0,2,29,0
3370,UP80LJ8532,car,C4,2024-02-29 16:06:39,2024-02-29 18:34:39,148,completed,16,6,3,0,0,0,0,2,29,0
3371,UP80WW7227,car,C5,2024-02-29 16:59:55,2024-02-29 19:34:55,155,completed,16,59,3,0,0,0,0,2,29,0
3372,UP80JZ3266,car,C1,2024-02-29 17:34:14,2024-02-29 19:12:14,98,completed,17,34,3,0,0,0,1,2,29,0
3373,UP80FU2674,car,C3,2024-02-29 17:09:50,2024-02-29 18:06:50,57,completed,17,9,3,0,0,0,1,2,29,0
3374,UP80ZU9317,car,C6,2024-02-29 17:04:11,2024-02-29 19:25:11,141,completed,17,4,3,0,0,0,1,2,29,0
3375,UP80HJ5952,bike,B1,2024-02-29 17:02:51,2024-02-29 18:03:51,61,completed,17,2,3,0,0,0,1,2,29,1
3376,UP80ZN7455,car,C2,2024-02-29 18:34:18,2024-02-29 20:29:18,115,completed,18,34,3,0,0,0,1,2,29,0
3377,UP80RU2307,car,C3,2024-02-29 18:46:47,2024-02-29 19:34:47,48,completed,18,46,3,0,0,0,1,2,29,0
3378,UP80FM7669,car,C4,2024-02-29 18:28:36,2024-02-29 20:01:36,93,completed,18,28,3,0,0,0,1,2,29,0
3379,UP80PT9928,car,C7,2024-02-29 18:50:11,2024-02-29 20:27:11,97,completed,18,50,3,0,0,0,1,2,29,0
3380,UP80ZY4295,bike,B1,2024-02-29 18:33:29,2024-02-29 19:51:29,78,completed,18,33,3,0,0,0,1,2,29,1
3381,UP80UU6573,car,C1,2024-02-29 19:15:44,2024-02-29 19:47:44,32,completed,19,15,3,0,0,0,1,2,29,0
3382,UP80FN1434,bike,B2,2024-02-29 19:39:03,2024-02-29 21:22:03,103,completed,19,39,3,0,0,0,1,2,29,1
3383,UP80VL2040,car,C3,2024-02-29 19:29:54,2024-02-29 20:56:54,87,completed,19,29,3,0,0,0,1,2,29,0
3384,UP80FU2674,car,C5,2024-02-29 19:40:59,2024-02-29 21:17:59,97,completed,19,40,3,0,0,0,1,2,29,0
3385,UP80XW5889,car,C6,2024-02-29 19:22:06,2024-02-29 20:17:06,55,completed,19,22,3,0,0,0,1,2,29,0
3386,UP80VA3615,car,C1,2024-02-29 21:11:38,2024-02-29 22:29:38,78,completed,21,11,3,0,0,0,0,2,29,0
3387,UP80FU2674,car,C1,2024-02-29 22:31:06,2024-03-01 01:50:06,199,completed,22,31,3,0,0,0,0,2,29,0
3388,UP80KB6155,car,C1,2024-03-01 04:48:11,2024-03-01 05:53:11,65,completed,4,48,4,0,0,0,0,3,1,0
3389,UP80XW5889,car,C2,2024-03-01 05:04:21,2024-03-01 06:06:21,62,completed,5,4,4,0,0,0,0,3,1,0
3390,UP80BH6925,bike,B1,2024-03-01 06:35:21,2024-03-01 07:46:21,71,completed,6,35,4,0,0,0,0,3,1,1
3391,UP80SC9797,car,C1,2024-03-01 06:46:06,2024-03-01 08:46:06,120,completed,6,46,4,0,0,0,0,3,1,0
3392,UP80PS1750,bike,B2,2024-03-01 07:17:36,2024-03-01 10:59:36,222,completed,7,17,4,0,1,0,0,3,1,1
3393,UP80PT9928,car,C2,2024-03-01 07:45:54,2024-03-01 14:00:54,375,completed,7,45,4,0,1,0,0,3,1,0
3394,UP80ML4501,bike,B1,2024-03-01 08:53:11,2024-03-01 13:23:11,270,completed,8,53,4,0,1,0,0,3,1,1
3395,UP80VA3615,car,C1,2024-03-01 08:47:18,2024-03-01 14:29:18,342,completed,8,47,4,0,1,0,0,3,1,0
3396,UP80SC9797,car,C3,2024-03-01 08:55:27,2024-03-01 13:42:27,287,completed,8,55,4,0,1,0,0,3,1,0
3397,UP80RA5506,car,C4,2024-03-01 08:31:25,2024-03-01 15:34:25,423,completed,8,31,4,0,1,0,0,3,1,0
3398,UP80SC9797,car,C5,2024-03-01 08:33:20,2024-03-01 15:21:20,408,completed,8,33,4,0,1,0,0,3,1,0
3399,UP80SS2169,bike,B3,2024-03-01 08:03:24,2024-03-01 12:03:24,240,completed,8,3,4,0,1,0,0,3,1,1
3400,UP80KB6155,car,C6,2024-03-01 08:43:00,2024-03-01 12:48:00,245,completed,8,43,4,0,1,0,0,3,1,0
3401,UP80AJ7624,bike,B4,2024-03-01 08:11:36,2024-03-01 11:02:36,171,completed,8,11,4,0,1,0,0,3,1,1
3402,UP80QE5010,car,C7,2024-03-01 08:15:53,2024-03-01 14:40:53,385,completed,8,15,4,0,1,0,0,3,1,0
3403,UP80PN4130,bike,B5,2024-03-01 09:49:47,2024-03-01 11:50:47,121,completed,9,49,4,0,1,0,0,3,1,1
3404,UP80VA3615,car,C8,2024-03-01 09:25:47,2024-03-01 16:48:47,443,completed,9,25,4,0,1,0,0,3,1,0
3405,UP80GX3546,car,C9,2024-03-01 09:38:27,2024-03-01 15:27:27,349,completed,9,38,4,0,1,0,0,3,1,0
3406,UP80LX8305,car,C10,2024-03-01 09:39:09,2024-03-01 16:15:09,396,completed,9,39,4,0,1,0,0,3,1,0
3407,UP80NZ7201,car,C11,2024-03-01 09:51:09,2024-03-01 16:11:09,380,completed,9,51,4,0,1,0,0,3,1,0
3408,UP80XW5889,car,C12,2024-03-01 09:04:02,2024-03-01 15:50:02,406,completed,9,4,4,0,1,0,0,3,1,0
3409,UP80VA3615,car,C13,2024-03-01 09:16:34,2024-03-01 15:02:34,346,completed,9,16,4,0,1,0,0,3,1,0
3410,UP80YU4241,bike,B6,2024-03-01 10:32:58,2024-03-01 12:15:58,103,completed,10,32,4,0,0,0,0,3,1,1
3411,UP80BT2790,bike,B7,2024-03-01 10:55:44,2024-03-01 11:36:44,41,completed,10,55,4,0,0,0,0,3,1,1
3412,UP80JL7071,car,C14,2024-03-01 10:09:52,2024-03-01 12:18:52,129,completed,10,9,4,0,0,0,0,3,1,0
3413,UP80XA6442,car,C15,2024-03-01 10:39:38,2024-03-01 11:55:38,76,completed,10,39,4,0,0,0,0,3,1,0
3414,UP80NZ7201,car,C16,2024-03-01 10:41:10,2024-03-01 12:18:10,97,completed,10,41,4,0,0,0,0,3,1,0
3415,UP80QA2535,bike,B8,2024-03-01 10:07:47,2024-03-01 11:27:47,80,completed,10,7,4,0,0,0,0,3,1,1
3416,UP80HQ2625,bike,B2,2024-03-01 11:26:01,2024-03-01 13:07:01,101,completed,11,26,4,0,0,0,0,3,1,1
3417,UP80FM8517,bike,B4,2024-03-01 11:34:21,2024-03-01 12:53:21,79,completed,11,34,4,0,0,0,0,3,1,1
3418,UP80BJ3143,bike,B8,2024-03-01 11:17:15,2024-03-01 12:42:15,85,completed,11,17,4,0,0,0,0,3,1,1
3419,UP80SW1916,bike,B9,2024-03-01 11:35:45,2024-03-01 12:35:45,60,completed,11,35,4,0,0,0,0,3,1,1
3420,UP80LQ9565,car,C14,2024-03-01 12:26:53,2024-03-01 13:22:53,56,completed,12,26,4,0,0,1,0,3,1,0
3421,UP80XW5889,car,C15,2024-03-01 12:42:49,2024-03-01 14:02:49,80,completed,12,42,4,0,0,1,0,3,1,0
3422,UP80NC1771,car,C16,2024-03-01 12:34:44,2024-03-01 13:42:44,68,completed,12,34,4,0,0,1,0,3,1,0
3423,UP80NG1832,bike,B3,2024-03-01 12:48:27,2024-03-01 13:41:27,53,completed,12,48,4,0,0,1,0,3,1,1
3424,UP80TW3091,car,C6,2024-03-01 12:56:13,2024-03-01 14:18:13,82,completed,12,56,4,0,0,1,0,3,1,0
3425,UP80BH6925,bike,B4,2024-03-01 12:39:57,2024-03-01 13:27:57,48,completed,12,39,4,0,0,1,0,3,1,1
3426,UP80DK4598,car,C3,2024-03-01 13:57:47,2024-03-01 15:19:47,82,completed,13,57,4,0,0,1,0,3,1,0
3427,UP80UY4266,bike,B1,2024-03-01 13:40:07,2024-03-01 14:46:07,66,completed,13,40,4,0,0,1,0,3,1,1
3428,UP80NC1771,car,C14,2024-03-01 13:49:25,2024-03-01 14:31:25,42,completed,13,49,4,0,0,1,0,3,1,0
3429,UP80SS2169,bike,B2,2024-03-01 13:06:15,2024-03-01 13:58:15,52,completed,13,6,4,0,0,1,0,3,1,1
3430,UP80KQ8668,bike,B3,2024-03-01 13:04:12,2024-03-01 13:47:12,43,completed,13,4,4,0,0,1,0,3,1,1
3431,UP80PS1750,bike,B3,2024-03-01 13:50:10,2024-03-01 14:33:10,43,completed,13,50,4,0,0,1,0,3,1,1
3432,UP80QU4697,car,C16,2024-03-01 13:43:34,2024-03-01 14:31:34,48,completed,13,43,4,0,0,1,0,3,1,0
3433,UP80SS2052,car,C2,2024-03-01 14:14:22,2024-03-01 16:08:22,114,completed,14,14,4,0,0,0,0,3,1,0
3434,UP80FD2679,bike,B2,2024-03-01 14:04:33,2024-03-01 14:38:33,34,completed,14,4,4,0,0,0,0,3,1,1
3435,UP80KB6155,car,C1,2024-03-01 15:25:57,2024-03-01 17:34:57,129,completed,15,25,4,0,0,0,0,3,1,0
3436,UP80CU2983,bike,B1,2024-03-01 16:48:40,2024-03-01 18:07:40,79,completed,16,48,4,0,0,0,0,3,1,1
3437,UP80SC9797,car,C2,2024-03-01 16:10:00,2024-03-01 16:52:00,42,completed,16,10,4,0,0,0,0,3,1,0
3438,UP80FN1434,bike,B2,2024-03-01 16:52:17,2024-03-01 18:00:17,68,completed,16,52,4,0,0,0,0,3,1,1
3439,UP80JZ3266,car,C2,2024-03-01 16:39:08,2024-03-01 18:58:08,139,completed,16,39,4,0,0,0,0,3,1,0
3440,UP80SW1916,bike,B3,2024-03-01 16:58:32,2024-03-01 18:09:32,71,completed,16,58,4,0,0,0,0,3,1,1
3441,UP80SC9797,car,C1,2024-03-01 17:37:26,2024-03-01 18:43:26,66,completed,17,37,4,0,0,0,1,3,1,0
3442,UP80QV8527,car,C3,2024-03-01 17:19:22,2024-03-01 18:19:22,60,completed,17,19,4,0,0,0,1,3,1,0
3443,UP80FU2674,car,C4,2024-03-01 17:47:43,2024-03-01 19:08:43,81,completed,17,47,4,0,0,0,1,3,1,0
3444,UP80KB6155,car,C5,2024-03-01 17:44:52,2024-03-01 18:46:52,62,completed,17,44,4,0,0,0,1,3,1,0
3445,UP80SW1916,bike,B4,2024-03-01 17:48:10,2024-03-01 18:53:10,65,completed,17,48,4,0,0,0,1,3,1,1
3446,UP80XW5889,car,C6,2024-03-01 17:20:28,2024-03-01 18:43:28,83,completed,17,20,4,0,0,0,1,3,1,0
3447,UP80CC6635,car,C7,2024-03-01 17:32:37,2024-03-01 18:50:37,78,completed,17,32,4,0,0,0,1,3,1,0
3448,UP80RA5506,car,C8,2024-03-01 17:17:42,2024-03-01 19:04:42,107,completed,17,17,4,0,0,0,1,3,1,0
3449,UP80LY8973,car,C9,2024-03-01 17:48:28,2024-03-01 18:41:28,53,completed,17,48,4,0,0,0,1,3,1,0
3450,UP80FU2674,car,C10,2024-03-01 17:28:17,2024-03-01 18:38:17,70,completed,17,28,4,0,0,0,1,3,1,0
3451,UP80AT5315,car,C11,2024-03-01 17:48:39,2024-03-01 19:43:39,115,completed,17,48,4,0,0,0,1,3,1,0
3452,UP80FM8517,bike,B5,2024-03-01 17:48:28,2024-03-01 19:01:28,73,completed,17,48,4,0,0,0,1,3,1,1
3453,UP80UU6573,car,C3,2024-03-01 18:31:01,2024-03-01 20:07:01,96,completed,18,31,4,0,0,0,1,3,1,0
3454,UP80UU6573,car,C1,2024-03-01 18:43:43,2024-03-01 19:40:43,57,completed,18,43,4,0,0,0,1,3,1,0
3455,UP80CL8433,car,C6,2024-03-01 18:22:43,2024-03-01 19:46:43,84,completed,18,22,4,0,0,0,1,3,1,0
3456,UP80ZN7455,car,C9,2024-03-01 18:32:12,2024-03-01 20:25:12,113,completed,18,32,4,0,0,0,1,3,1,0
3457,UP80NC1771,car,C5,2024-03-01 18:54:19,2024-03-01 20:26:19,92,completed,18,54,4,0,0,0,1,3,1,0
3458,UP80FM8517,bike,B1,2024-03-01 18:33:40,2024-03-01 20:35:40,122,completed,18,33,4,0,0,0,1,3,1,1
3459,UP80SC9797,car,C7,2024-03-01 18:46:37,2024-03-01 20:39:37,113,completed,18,46,4,0,0,0,1,3,1,0
3460,UP80WW7227,car,C10,2024-03-01 18:49:37,2024-03-01 20:37:37,108,completed,18,49,4,0,0,0,1,3,1,0
3461,UP80ZU9317,car,C12,2024-03-01 18:18:20,2024-03-01 20:09:20,111,completed,18,18,4,0,0,0,1,3,1,0
3462,UP80TH9379,car,C13,2024-03-01 18:51:25,2024-03-01 20:58:25,127,completed,18,51,4,0,0,0,1,3,1,0
3463,UP80DM3705,bike,B2,2024-03-01 19:10:07,2024-03-01 20:32:07,82,completed,19,10,4,0,0,0,1,3,1,1
3464,UP80DJ5374,bike,B3,2024-03-01 19:29:02,2024-03-01 20:55:02,86,completed,19,29,4,0,0,0,1,3,1,1
3465,UP80YX6038,car,C2,2024-03-01 19:35:38,2024-03-01 21:15:38,100,completed,19,35,4,0,0,0,1,3,1,0
3466,UP80NZ1188,bike,B4,2024-03-01 19:34:53,2024-03-01 20:35:53,61,completed,19,34,4,0,0,0,1,3,1,1
3467,UP80UU6573,car,C4,2024-03-01 19:06:49,2024-03-01 21:04:49,118,completed,19,6,4,0,0,0,1,3,1,0
3468,UP80SX2424,car,C8,2024-03-01 19:12:55,2024-03-01 20:14:55,62,completed,19,12,4,0,0,0,1,3,1,0
3469,UP80SC9797,car,C1,2024-03-01 20:21:30,2024-03-01 21:28:30,67,completed,20,21,4,0,0,0,0,3,1,0
3470,UP80LL5557,car,C3,2024-03-01 20:47:30,2024-03-01 22:29:30,102,completed,20,47,4,0,0,0,0,3,1,0
3471,UP80RU2307,car,C5,2024-03-01 20:35:22,2024-03-02 00:05:22,210,completed,20,35,4,0,0,0,0,3,1,0
3472,UP80SJ3547,car,C1,2024-03-02 06:19:02,2024-03-02 07:54:02,95,completed,6,19,5,1,0,0,0,3,2,0
3473,UP80GQ7543,car,C1,2024-03-02 07:58:22,2024-03-02 14:48:22,410,completed,7,58,5,1,1,0,0,3,2,0
3474,UP80QV8527,car,C2,2024-03-02 08:49:11,2024-03-02 13:01:11,252,completed,8,49,5,1,1,0,0,3,2,0
3475,UP80DJ5374,bike,B1,2024-03-02 08:00:21,2024-03-02 11:23:21,203,completed,8,0,5,1,1,0,0,3,2,1
3476,UP80SC9797,car,C3,2024-03-02 08:30:57,2024-03-02 13:27:57,297,completed,8,30,5,1,1,0,0,3,2,0
3477,UP80PS1750,bike,B2,2024-03-02 10:50:20,2024-03-02 11:32:20,42,completed,10,50,5,1,0,0,0,3,2,1
3478,UP80PS1750,bike,B3,2024-03-02 10:52:52,2024-03-02 11:43:52,51,completed,10,52,5,1,0,0,0,3,2,1
3479,UP80SJ3547,car,C4,2024-03-02 10:31:53,2024-03-02 11:53:53,82,completed,10,31,5,1,0,0,0,3,2,0
3480,UP80WV2729,bike,B4,2024-03-02 10:10:44,2024-03-02 11:32:44,82,completed,10,10,5,1,0,0,0,3,2,1
3481,UP80QV8527,car,C5,2024-03-02 11:47:15,2024-03-02 14:17:15,150,completed,11,47,5,1,0,0,0,3,2,0
3482,UP80FU2674,car,C6,2024-03-02 11:45:49,2024-03-02 13:10:49,85,completed,11,45,5,1,0,0,0,3,2,0
3483,UP80GR6977,car,C4,2024-03-02 12:29:31,2024-03-02 12:57:31,28,completed,12,29,5,1,0,1,0,3,2,0
3484,UP80QE5010,car,C7,2024-03-02 12:22:35,2024-03-02 13:12:35,50,completed,12,22,5,1,0,1,0,3,2,0
3485,UP80SS2169,bike,B1,2024-03-02 12:10:11,2024-03-02 12:54:11,44,completed,12,10,5,1,0,1,0,3,2,1
3486,UP80VA3615,car,C2,2024-03-02 13:54:20,2024-03-02 15:36:20,102,completed,13,54,5,1,0,1,0,3,2,0
3487,UP80PT9928,car,C3,2024-03-02 13:20:31,2024-03-02 14:17:31,57,completed,13,20,5,1,0,1,0,3,2,0
3488,UP80FA6168,bike,B1,2024-03-02 14:33:54,2024-03-02 15:36:54,63,completed,14,33,5,1,0,0,0,3,2,1
3489,UP80SS2169,bike,B2,2024-03-02 14:05:16,2024-03-02 15:06:16,61,completed,14,5,5,1,0,0,0,3,2,1
3490,UP80JV4728,bike,B3,2024-03-02 14:13:22,2024-03-02 15:34:22,81,completed,14,13,5,1,0,0,0,3,2,1
3491,UP80QU4697,car,C3,2024-03-02 14:33:46,2024-03-02 16:15:46,102,completed,14,33,5,1,0,0,0,3,2,0
3492,UP80CL8433,car,C4,2024-03-02 14:07:22,2024-03-02 16:57:22,170,completed,14,7,5,1,0,0,0,3,2,0
3493,UP80SL9548,car,C1,2024-03-02 15:16:18,2024-03-02 17:12:18,116,completed,15,16,5,1,0,0,0,3,2,0
3494,UP80VA3615,car,C5,2024-03-02 15:34:01,2024-03-02 17:54:01,140,completed,15,34,5,1,0,0,0,3,2,0
3495,UP80BF8953,car,C6,2024-03-02 15:26:05,2024-03-02 17:10:05,104,completed,15,26,5,1,0,0,0,3,2,0
3496,UP80ZQ8251,car,C2,2024-03-02 15:58:38,2024-03-02 17:37:38,99,completed,15,58,5,1,0,0,0,3,2,0
3497,UP80QV8527,car,C3,2024-03-02 16:32:30,2024-03-02 18:29:30,117,completed,16,32,5,1,0,0,0,3,2,0
3498,UP80NZ7201,car,C7,2024-03-02 16:11:30,2024-03-02 17:02:30,51,completed,16,11,5,1,0,0,0,3,2,0
3499,UP80QE5010,car,C8,2024-03-02 16:52:35,2024-03-02 18:11:35,79,completed,16,52,5,1,0,0,0,3,2,0
3500,UP80BH6925,bike,B1,2024-03-02 16:44:19,2024-03-02 17:43:19,59,completed,16,44,5,1,0,0,0,3,2,1
3501,UP80KQ8668,bike,B1,2024-03-02 17:46:14,2024-03-02 19:34:14,108,completed,17,46,5,1,0,0,1,3,2,1
3502,UP80NZ7201,car,C1,2024-03-02 17:22:27,2024-03-02 18:44:27,82,completed,17,22,5,1,0,0,1,3,2,0
3503,UP80WD3621,bike,B2,2024-03-02 17:55:24,2024-03-02 18:34:24,39,completed,17,55,5,1,0,0,1,3,2,1
3504,UP80FN1434,bike,B3,2024-03-02 17:51:25,2024-03-02 19:22:25,91,completed,17,51,5,1,0,0,1,3,2,1
3505,UP80LY8973,car,C2,2024-03-02 17:14:13,2024-03-02 18:13:13,59,completed,17,14,5,1,0,0,1,3,2,0
3506,UP80DK4598,car,C4,2024-03-02 17:40:50,2024-03-02 18:30:50,50,completed,17,40,5,1,0,0,1,3,2,0
3507,UP80FD2679,bike,B2,2024-03-02 18:37:36,2024-03-02 19:41:36,64,completed,18,37,5,1,0,0,1,3,2,1
3508,UP80CL8433,car,C2,2024-03-02 18:35:21,2024-03-02 19:29:21,54,completed,18,35,5,1,0,0,1,3,2,0
3509,UP80QZ4180,bike,B4,2024-03-02 18:57:14,2024-03-02 20:06:14,69,completed,18,57,5,1,0,0,1,3,2,1
3510,UP80NZ1188,bike,B5,2024-03-02 18:34:38,2024-03-02 19:23:38,49,completed,18,34,5,1,0,0,1,3,2,1
3511,UP80KB6155,car,C1,2024-03-02 18:18:10,2024-03-02 19:36:10,78,completed,18,18,5,1,0,0,1,3,2,0
3512,UP80GC4155,bike,B6,2024-03-02 18:19:39,2024-03-02 20:24:39,125,completed,18,19,5,1,0,0,1,3,2,1
3513,UP80CC6635,car,C2,2024-03-02 19:29:37,2024-03-02 20:03:37,34,completed,19,29,5,1,0,0,1,3,2,0
3514,UP80CL8433,car,C1,2024-03-02 19:56:31,2024-03-02 20:52:31,56,completed,19,56,5,1,0,0,1,3,2,0
3515,UP80HQ8025,car,C3,2024-03-02 19:33:08,2024-03-02 21:06:08,93,completed,19,33,5,1,0,0,1,3,2,0
3516,UP80SS2052,car,C2,2024-03-02 20:04:28,2024-03-02 22:37:28,153,completed,20,4,5,1,0,0,0,3,2,0
3517,UP80MJ5232,car,C4,2024-03-02 20:38:42,2024-03-02 22:48:42,130,completed,20,38,5,1,0,0,0,3,2,0
3518,UP80JZ3266,car,C5,2024-03-02 20:34:12,2024-03-02 21:34:12,60,completed,20,34,5,1,0,0,0,3,2,0
3519,UP80GB4929,car,C6,2024-03-02 20:29:00,2024-03-02 22:07:00,98,completed,20,29,5,1,0,0,0,3,2,0
3520,UP80SJ7658,bike,B1,2024-03-02 21:59:21,2024-03-02 23:04:21,65,completed,21,59,5,1,0,0,0,3,2,1
3521,UP80CC6635,car,C1,2024-03-02 21:13:27,2024-03-02 22:26:27,73,completed,21,13,5,1,0,0,0,3,2,0
3522,UP80PN4130,bike,B2,2024-03-02 22:05:11,2024-03-02 22:55:11,50,completed,22,5,5,1,0,0,0,3,2,1
3523,UP80GQ7543,car,C1,2024-03-02 22:33:32,2024-03-03 00:09:32,96,completed,22,33,5,1,0,0,0,3,2,0
3524,UP80NT4613,car,C2,2024-03-02 23:15:39,2024-03-03 01:02:39,107,completed,23,15,5,1,0,0,0,3,2,0
3525,UP80FM8517,bike,B1,2024-03-03 07:42:20,2024-03-03 11:55:20,253,completed,7,42,6,1,1,0,0,3,3,1
3526,UP80RA5506,car,C1,2024-03-03 09:15:50,2024-03-03 14:12:50,297,completed,9,15,6,1,1,0,0,3,3,0
3527,UP80CL8433,car,C2,2024-03-03 10:54:34,2024-03-03 13:21:34,147,completed,10,54,6,1,0,0,0,3,3,0
3528,UP80GQ7543,car,C3,2024-03-03 11:20:22,2024-03-03 12:43:22,83,completed,11,20,6,1,0,0,0,3,3,0
3529,UP80SC9797,car,C4,2024-03-03 12:03:44,2024-03-03 13:13:44,70,completed,12,3,6,1,0,1,0,3,3,0
3530,UP80SJ3547,car,C3,2024-03-03 13:02:18,2024-03-03 13:20:18,18,completed,13,2,6,1,0,1,0,3,3,0
3531,UP80FN1434,bike,B1,2024-03-03 13:45:29,2024-03-03 15:00:29,75,completed,13,45,6,1,0,1,0,3,3,1
3532,UP80FM8517,bike,B2,2024-03-03 14:33:31,2024-03-03 15:05:31,32,completed,14,33,6,1,0,0,0,3,3,1
3533,UP80SW1916,bike,B1,2024-03-03 15:28:05,2024-03-03 16:06:05,38,completed,15,28,6,1,0,0,0,3,3,1
3534,UP80XW5889,car,C1,2024-03-03 15:13:22,2024-03-03 16:37:22,84,completed,15,13,6,1,0,0,0,3,3,0
3535,UP80QE5010,car,C2,2024-03-03 16:00:40,2024-03-03 19:56:40,236,completed,16,0,6,1,0,0,0,3,3,0
3536,UP80DJ5374,bike,B1,2024-03-03 16:27:05,2024-03-03 17:23:05,56,completed,16,27,6,1,0,0,0,3,3,1
3537,UP80KB6155,car,C3,2024-03-03 16:15:05,2024-03-03 18:13:05,118,completed,16,15,6,1,0,0,0,3,3,0
3538,UP80VA3615,car,C1,2024-03-03 17:11:22,2024-03-03 18:02:22,51,completed,17,11,6,1,0,0,1,3,3,0
3539,UP80XW5889,car,C4,2024-03-03 17:18:15,2024-03-03 18:53:15,95,completed,17,18,6,1,0,0,1,3,3,0
3540,UP80NC1771,car,C1,2024-03-03 18:15:30,2024-03-03 19:22:30,67,completed,18,15,6,1,0,0,1,3,3,0
3541,UP80KB6155,car,C3,2024-03-03 18:10:34,2024-03-03 19:03:34,53,completed,18,10,6,1,0,0,1,3,3,0
3542,UP80WW7227,car,C5,2024-03-03 18:11:33,2024-03-03 19:35:33,84,completed,18,11,6,1,0,0,1,3,3,0
3543,UP80FN1434,bike,B1,2024-03-03 18:52:45,2024-03-03 20:27:45,95,completed,18,52,6,1,0,0,1,3,3,1
3544,UP80BH6925,bike,B2,2024-03-03 19:29:20,2024-03-03 20:33:20,64,completed,19,29,6,1,0,0,1,3,3,1
3545,UP80SS2169,bike,B3,2024-03-03 19:55:52,2024-03-03 20:58:52,63,completed,19,55,6,1,0,0,1,3,3,1
3546,UP80UU6573,car,C1,2024-03-03 19:07:02,2024-03-03 20:41:02,94,completed,19,7,6,1,0,0,1,3,3,0
3547,UP80YY1009,car,C3,2024-03-03 19:08:31,2024-03-03 20:16:31,68,completed,19,8,6,1,0,0,1,3,3,0
3548,UP80FY8260,bike,B4,2024-03-03 19:08:59,2024-03-03 20:31:59,83,completed,19,8,6,1,0,0,1,3,3,1
3549,UP80VA3615,car,C4,2024-03-03 19:16:43,2024-03-03 20:03:43,47,completed,19,16,6,1,0,0,1,3,3,0
3550,UP80QV4978,bike,B1,2024-03-03 20:50:13,2024-03-03 21:49:13,59,completed,20,50,6,1,0,0,0,3,3,1
3551,UP80FM8517,bike,B2,2024-03-03 20:51:02,2024-03-03 22:08:02,77,completed,20,51,6,1,0,0,0,3,3,1
3552,UP80RA5506,car,C1,2024-03-03 20:55:38,2024-03-03 23:48:38,173,completed,20,55,6,1,0,0,0,3,3,0
3553,UP80GR6977,car,C2,2024-03-03 20:11:32,2024-03-03 22:56:32,165,completed,20,11,6,1,0,0,0,3,3,0
3554,UP80TH6067,bike,B1,2024-03-03 21:55:20,2024-03-03 22:42:20,47,completed,21,55,6,1,0,0,0,3,3,1
3555,UP80FU2674,car,C1,2024-03-04 02:46:47,2024-03-04 04:41:47,115,completed,2,46,0,0,0,0,0,3,4,0
3556,UP80BH6925,bike,B1,2024-03-04 05:55:59,2024-03-04 06:00:59,5,completed,5,55,0,0,0,0,0,3,4,1
3557,UP80VL2040,car,C1,2024-03-04 06:11:11,2024-03-04 08:49:11,158,completed,6,11,0,0,0,0,0,3,4,0
3558,UP80BH6925,bike,B1,2024-03-04 06:11:18,2024-03-04 06:48:18,37,completed,6,11,0,0,0,0,0,3,4,1
3559,UP80SC9797,car,C2,2024-03-04 06:11:26,2024-03-04 08:17:26,126,completed,6,11,0,0,0,0,0,3,4,0
3560,UP80GQ7543,car,C3,2024-03-04 06:12:19,2024-03-04 08:00:19,108,completed,6,12,0,0,0,0,0,3,4,0
3561,UP80QA2535,bike,B1,2024-03-04 07:06:44,2024-03-04 10:32:44,206,completed,7,6,0,0,1,0,0,3,4,1
3562,UP80CC6635,car,C4,2024-03-04 07:25:28,2024-03-04 13:30:28,365,completed,7,25,0,0,1,0,0,3,4,0
3563,UP80XV2169,car,C5,2024-03-04 07:03:59,2024-03-04 14:21:59,438,completed,7,3,0,0,1,0,0,3,4,0
3564,UP80DD9830,car,C1,2024-03-04 08:49:50,2024-03-04 15:06:50,377,completed,8,49,0,0,1,0,0,3,4,0
3565,UP80FA6168,bike,B2,2024-03-04 08:46:08,2024-03-04 13:35:08,289,completed,8,46,0,0,1,0,0,3,4,1
3566,UP80NC1771,car,C2,2024-03-04 08:37:01,2024-03-04 16:59:01,502,completed,8,37,0,0,1,0,0,3,4,0
3567,UP80QA2535,bike,B3,2024-03-04 08:30:38,2024-03-04 13:06:38,276,completed,8,30,0,0,1,0,0,3,4,1
3568,UP80RA5506,car,C3,2024-03-04 08:21:51,2024-03-04 14:46:51,385,completed,8,21,0,0,1,0,0,3,4,0
3569,UP80XW5889,car,C6,2024-03-04 08:01:51,2024-03-04 13:23:51,322,completed,8,1,0,0,1,0,0,3,4,0
3570,UP80CC6635,car,C7,2024-03-04 08:49:02,2024-03-04 14:58:02,369,completed,8,49,0,0,1,0,0,3,4,0
3571,UP80SC9797,car,C8,2024-03-04 09:10:05,2024-03-04 15:39:05,389,completed,9,10,0,0,1,0,0,3,4,0
3572,UP80FN1434,bike,B4,2024-03-04 09:47:32,2024-03-04 12:35:32,168,completed,9,47,0,0,1,0,0,3,4,1
3573,UP80QV8527,car,C9,2024-03-04 09:41:24,2024-03-04 17:00:24,439,completed,9,41,0,0,1,0,0,3,4,0
3574,UP80ML4020,car,C10,2024-03-04 09:16:20,2024-03-04 16:30:20,434,completed,9,16,0,0,1,0,0,3,4,0
3575,UP80BZ1241,bike,B5,2024-03-04 09:49:17,2024-03-04 14:18:17,269,completed,9,49,0,0,1,0,0,3,4,1
3576,UP80BF8953,car,C11,2024-03-04 09:10:35,2024-03-04 15:09:35,359,completed,9,10,0,0,1,0,0,3,4,0
3577,UP80WW7227,car,C12,2024-03-04 09:30:53,2024-03-04 15:08:53,338,completed,9,30,0,0,1,0,0,3,4,0
3578,UP80SS2169,bike,B6,2024-03-04 09:09:52,2024-03-04 14:06:52,297,completed,9,9,0,0,1,0,0,3,4,1
3579,UP80YU5673,bike,B7,2024-03-04 09:18:54,2024-03-04 13:31:54,253,completed,9,18,0,0,1,0,0,3,4,1
3580,UP80DK4598,car,C13,2024-03-04 09:41:25,2024-03-04 16:11:25,390,completed,9,41,0,0,1,0,0,3,4,0
3581,UP80ZT4878,bike,B8,2024-03-04 10:11:13,2024-03-04 11:26:13,75,completed,10,11,0,0,0,0,0,3,4,1
3582,UP80CF7818,bike,B1,2024-03-04 10:46:58,2024-03-04 11:47:58,61,completed,10,46,0,0,0,0,0,3,4,1
3583,UP80JZ3266,car,C14,2024-03-04 10:01:37,2024-03-04 12:14:37,133,completed,10,1,0,0,0,0,0,3,4,0
3584,UP80BH6925,bike,B9,2024-03-04 10:11:24,2024-03-04 10:58:24,47,completed,10,11,0,0,0,0,0,3,4,1
3585,UP80SW1916,bike,B10,2024-03-04 10:43:11,2024-03-04 11:50:11,67,completed,10,43,0,0,0,0,0,3,4,1
3586,UP80NC1771,car,C15,2024-03-04 10:08:30,2024-03-04 12:34:30,146,completed,10,8,0,0,0,0,0,3,4,0
3587,UP80UU6573,car,C16,2024-03-04 10:38:52,2024-03-04 14:23:52,225,completed,10,38,0,0,0,0,0,3,4,0
3588,UP80AN5494,bike,B9,2024-03-04 11:08:17,2024-03-04 12:33:17,85,completed,11,8,0,0,0,0,0,3,4,1
3589,UP80LL5557,car,C14,2024-03-04 12:24:02,2024-03-04 13:15:02,51,completed,12,24,0,0,0,1,0,3,4,0
3590,UP80PT9928,car,C15,2024-03-04 12:59:34,2024-03-04 13:54:34,55,completed,12,59,0,0,0,1,0,3,4,0
3591,UP80FM8517,bike,B1,2024-03-04 12:10:51,2024-03-04 13:18:51,68,completed,12,10,0,0,0,1,0,3,4,1
3592,UP80XW2746,bike,B4,2024-03-04 12:46:38,2024-03-04 13:30:38,44,completed,12,46,0,0,0,1,0,3,4,1
3593,UP80KQ8668,bike,B8,2024-03-04 12:16:30,2024-03-04 12:57:30,41,completed,12,16,0,0,0,1,0,3,4,1
3594,UP80YY1009,car,C6,2024-03-04 13:29:24,2024-03-04 14:19:24,50,completed,13,29,0,0,0,1,0,3,4,0
3595,UP80NC1771,car,C4,2024-03-04 13:32:33,2024-03-04 14:30:33,58,completed,13,32,0,0,0,1,0,3,4,0
3596,UP80EQ2876,car,C14,2024-03-04 13:14:28,2024-03-04 14:37:28,83,completed,13,14,0,0,0,1,0,3,4,0
3597,UP80SX2424,car,C15,2024-03-04 14:08:05,2024-03-04 16:57:05,169,completed,14,8,0,0,0,0,0,3,4,0
3598,UP80NZ7201,car,C4,2024-03-04 14:46:48,2024-03-04 17:02:48,136,completed,14,46,0,0,0,0,0,3,4,0
3599,UP80AW3979,car,C5,2024-03-04 14:25:38,2024-03-04 16:43:38,138,completed,14,25,0,0,0,0,0,3,4,0
3600,UP80GR6977,car,C6,2024-03-04 14:20:14,2024-03-04 16:39:14,139,completed,14,20,0,0,0,0,0,3,4,0
3601,UP80SX2424,car,C14,2024-03-04 14:32:27,2024-03-04 16:12:27,100,completed,14,32,0,0,0,0,0,3,4,0
3602,UP80GR6977,car,C1,2024-03-04 15:36:33,2024-03-04 17:35:33,119,completed,15,36,0,0,0,0,0,3,4,0
3603,UP80RA5506,car,C3,2024-03-04 16:27:11,2024-03-04 19:36:11,189,completed,16,27,0,0,0,0,0,3,4,0
3604,UP80QZ4180,bike,B1,2024-03-04 16:12:47,2024-03-04 18:43:47,151,completed,16,12,0,0,0,0,0,3,4,1
3605,UP80PE7211,car,C5,2024-03-04 16:47:09,2024-03-04 18:48:09,121,completed,16,47,0,0,0,0,0,3,4,0
3606,UP80QA2535,bike,B2,2024-03-04 16:13:48,2024-03-04 17:27:48,74,completed,16,13,0,0,0,0,0,3,4,1
3607,UP80KB6155,car,C6,2024-03-04 16:01:01,2024-03-04 18:01:01,120,completed,16,1,0,0,0,0,0,3,4,0
3608,UP80AT5315,car,C1,2024-03-04 17:45:25,2024-03-04 19:39:25,114,completed,17,45,0,0,0,0,1,3,4,0
3609,UP80NZ1188,bike,B2,2024-03-04 17:07:39,2024-03-04 17:39:39,32,completed,17,7,0,0,0,0,1,3,4,1
3610,UP80VA3615,car,C2,2024-03-04 17:36:05,2024-03-04 18:59:05,83,completed,17,36,0,0,0,0,1,3,4,0
3611,UP80AT5315,car,C4,2024-03-04 17:25:51,2024-03-04 19:51:51,146,completed,17,25,0,0,0,0,1,3,4,0
3612,UP80AW3979,car,C7,2024-03-04 17:24:36,2024-03-04 18:37:36,73,completed,17,24,0,0,0,0,1,3,4,0
3613,UP80VL2040,car,C8,2024-03-04 17:09:52,2024-03-04 18:48:52,99,completed,17,9,0,0,0,0,1,3,4,0
3614,UP80CL8433,car,C5,2024-03-04 18:53:37,2024-03-04 20:54:37,121,completed,18,53,0,0,0,0,1,3,4,0
3615,UP80GL8613,car,C6,2024-03-04 18:46:29,2024-03-04 20:19:29,93,completed,18,46,0,0,0,0,1,3,4,0
3616,UP80SC9797,car,C7,2024-03-04 18:50:46,2024-03-04 20:21:46,91,completed,18,50,0,0,0,0,1,3,4,0
3617,UP80DS4571,car,C8,2024-03-04 18:53:05,2024-03-04 18:58:05,5,completed,18,53,0,0,0,0,1,3,4,0
3618,UP80FD2679,bike,B1,2024-03-04 18:24:15,2024-03-04 20:31:15,127,completed,18,24,0,0,0,0,1,3,4,1
3619,UP80JL7071,car,C8,2024-03-04 18:58:38,2024-03-04 19:42:38,44,completed,18,58,0,0,0,0,1,3,4,0
3620,UP80LL5557,car,C9,2024-03-04 18:15:27,2024-03-04 19:40:27,85,completed,18,15,0,0,0,0,1,3,4,0
3621,UP80JZ3266,car,C1,2024-03-04 19:46:53,2024-03-04 21:27:53,101,completed,19,46,0,0,0,0,1,3,4,0
3622,UP80ZU9317,car,C2,2024-03-04 19:56:05,2024-03-04 21:32:05,96,completed,19,56,0,0,0,0,1,3,4,0
3623,UP80WW7227,car,C3,2024-03-04 19:35:41,2024-03-04 20:57:41,82,completed,19,35,0,0,0,0,1,3,4,0
3624,UP80FD2679,bike,B2,2024-03-04 19:36:51,2024-03-04 21:03:51,87,completed,19,36,0,0,0,0,1,3,4,1
3625,UP80RA5506,car,C4,2024-03-04 19:12:40,2024-03-04 21:00:40,108,completed,19,12,0,0,0,0,1,3,4,0
3626,UP80DD9830,car,C8,2024-03-04 19:48:15,2024-03-04 21:26:15,98,completed,19,48,0,0,0,0,1,3,4,0
3627,UP80CL8433,car,C9,2024-03-04 19:01:28,2024-03-04 20:13:28,72,completed,19,1,0,0,0,0,1,3,4,0
3628,UP80TK7547,bike,B1,2024-03-04 20:37:56,2024-03-04 21:40:56,63,completed,20,37,0,0,0,0,0,3,4,1
3629,UP80QA2535,bike,B3,2024-03-04 20:27:28,2024-03-04 22:08:28,101,completed,20,27,0,0,0,0,0,3,4,1
3630,UP80FD2679,bike,B4,2024-03-04 20:17:56,2024-03-04 21:49:56,92,completed,20,17,0,0,0,0,0,3,4,1
3631,UP80UY4266,bike,B5,2024-03-04 20:51:08,2024-03-04 22:38:08,107,completed,20,51,0,0,0,0,0,3,4,1
3632,UP80PS1750,bike,B6,2024-03-04 20:09:58,2024-03-04 21:03:58,54,completed,20,9,0,0,0,0,0,3,4,1
3633,UP80DJ5374,bike,B2,2024-03-04 21:32:28,2024-03-04 23:00:28,88,completed,21,32,0,0,0,0,0,3,4,1
3634,UP80NZ1188,bike,B1,2024-03-04 21:57:25,2024-03-04 23:09:25,72,completed,21,57,0,0,0,0,0,3,4,1
3635,UP80AJ7624,bike,B4,2024-03-04 21:22:32,2024-03-04 22:35:32,73,completed,21,22,0,0,0,0,0,3,4,1
3636,UP80SW1916,bike,B2,2024-03-04 23:08:29,2024-03-05 00:45:29,97,completed,23,8,0,0,0,0,0,3,4,1
3637,UP80JK1887,car,C1,2024-03-05 02:22:35,2024-03-05 03:40:35,78,completed,2,22,1,0,0,0,0,3,5,0
3638,UP80EB1043,car,C1,2024-03-05 05:10:10,2024-03-05 07:12:10,122,completed,5,10,1,0,0,0,0,3,5,0
3639,UP80NC1771,car,C2,2024-03-05 06:06:47,2024-03-05 07:53:47,107,completed,6,6,1,0,0,0,0,3,5,0
3640,UP80DD9830,car,C1,2024-03-05 07:28:00,2024-03-05 12:54:00,326,completed,7,28,1,0,1,0,0,3,5,0
3641,UP80SW1916,bike,B1,2024-03-05 07:45:51,2024-03-05 13:20:51,335,completed,7,45,1,0,1,0,0,3,5,1
3642,UP80FN1434,bike,B2,2024-03-05 07:09:54,2024-03-05 10:25:54,196,completed,7,9,1,0,1,0,0,3,5,1
3643,UP80FR1090,bike,B3,2024-03-05 07:59:39,2024-03-05 12:37:39,278,completed,7,59,1,0,1,0,0,3,5,1
3644,UP80XW5889,car,C2,2024-03-05 07:54:54,2024-03-05 13:02:54,308,completed,7,54,1,0,1,0,0,3,5,0
3645,UP80PT9928,car,C3,2024-03-05 08:18:30,2024-03-05 13:36:30,318,completed,8,18,1,0,1,0,0,3,5,0
3646,UP80SX2424,car,C4,2024-03-05 08:40:13,2024-03-05 13:32:13,292,completed,8,40,1,0,1,0,0,3,5,0
3647,UP80KQ8668,bike,B4,2024-03-05 08:26:59,2024-03-05 12:00:59,214,completed,8,26,1,0,1,0,0,3,5,1
3648,UP80QE5010,car,C5,2024-03-05 08:19:09,2024-03-05 15:32:09,433,completed,8,19,1,0,1,0,0,3,5,0
3649,UP80HW5573,bike,B5,2024-03-05 08:55:17,2024-03-05 14:26:17,331,completed,8,55,1,0,1,0,0,3,5,1
3650,UP80DS4571,car,C6,2024-03-05 08:56:47,2024-03-05 15:27:47,391,completed,8,56,1,0,1,0,0,3,5,0
3651,UP80DK4598,car,C7,2024-03-05 08:09:07,2024-03-05 14:25:07,376,completed,8,9,1,0,1,0,0,3,5,0
3652,UP80PE7211,car,C8,2024-03-05 08:16:38,2024-03-05 13:14:38,298,completed,8,16,1,0,1,0,0,3,5,0
3653,UP80QV8527,car,C9,2024-03-05 08:10:22,2024-03-05 15:10:22,420,completed,8,10,1,0,1,0,0,3,5,0
3654,UP80CT9004,bike,B6,2024-03-05 08:44:17,2024-03-05 12:50:17,246,completed,8,44,1,0,1,0,0,3,5,1
3655,UP80DE8579,car,C10,2024-03-05 08:52:05,2024-03-05 14:12:05,320,completed,8,52,1,0,1,0,0,3,5,0
3656,UP80PT9928,car,C11,2024-03-05 08:49:12,2024-03-05 13:36:12,287,completed,8,49,1,0,1,0,0,3,5,0
3657,UP80RA5506,car,C12,2024-03-05 09:33:09,2024-03-05 16:12:09,399,completed,9,33,1,0,1,0,0,3,5,0
3658,UP80AT5315,car,C13,2024-03-05 09:19:14,2024-03-05 14:29:14,310,completed,9,19,1,0,1,0,0,3,5,0
3659,UP80KQ8668,bike,B7,2024-03-05 09:50:18,2024-03-05 14:23:18,273,completed,9,50,1,0,1,0,0,3,5,1
3660,UP80DD9830,car,C14,2024-03-05 09:33:33,2024-03-05 14:02:33,269,completed,9,33,1,0,1,0,0,3,5,0
3661,UP80TK7547,bike,B8,2024-03-05 09:34:01,2024-03-05 13:27:01,233,completed,9,34,1,0,1,0,0,3,5,1
3662,UP80LL5557,car,C15,2024-03-05 09:22:54,2024-03-05 17:05:54,463,completed,9,22,1,0,1,0,0,3,5,0
3663,UP80FA6168,bike,B9,2024-03-05 10:02:11,2024-03-05 11:03:11,61,completed,10,2,1,0,0,0,0,3,5,1
3664,UP80AQ2638,bike,B10,2024-03-05 10:17:05,2024-03-05 12:05:05,108,completed,10,17,1,0,0,0,0,3,5,1
3665,UP80FM8517,bike,B11,2024-03-05 10:15:55,2024-03-05 12:02:55,107,completed,10,15,1,0,0,0,0,3,5,1
3666,UP80RU2307,car,C16,2024-03-05 10:33:27,2024-03-05 12:50:27,137,completed,10,33,1,0,0,0,0,3,5,0
3667,UP80KQ8668,bike,B2,2024-03-05 11:31:09,2024-03-05 11:50:09,19,completed,11,31,1,0,0,0,0,3,5,1
3668,UP80LN2982,bike,B2,2024-03-05 12:39:38,2024-03-05 13:53:38,74,completed,12,39,1,0,0,1,0,3,5,1
3669,UP80DM3705,bike,B3,2024-03-05 12:05:05,2024-03-05 12:59:05,54,completed,12,5,1,0,0,1,0,3,5,1
3670,UP80VA3615,car,C1,2024-03-05 12:58:59,2024-03-05 13:52:59,54,completed,12,58,1,0,0,1,0,3,5,0
3671,UP80AJ7624,bike,B4,2024-03-05 12:15:06,2024-03-05 12:59:06,44,completed,12,15,1,0,0,1,0,3,5,1
3672,UP80DD9830,car,C16,2024-03-05 12:29:48,2024-03-05 13:02:48,33,completed,12,29,1,0,0,1,0,3,5,0
3673,UP80MJ5232,car,C16,2024-03-05 13:02:49,2024-03-05 14:04:49,62,completed,13,2,1,0,0,1,0,3,5,0
3674,UP80SH5844,car,C2,2024-03-05 13:09:48,2024-03-05 13:27:48,18,completed,13,9,1,0,0,1,0,3,5,0
3675,UP80QA2535,bike,B1,2024-03-05 13:43:45,2024-03-05 14:25:45,42,completed,13,43,1,0,0,1,0,3,5,1
3676,UP80NC1771,car,C2,2024-03-05 13:37:41,2024-03-05 14:21:41,44,completed,13,37,1,0,0,1,0,3,5,0
3677,UP80FA6168,bike,B3,2024-03-05 13:52:33,2024-03-05 14:55:33,63,completed,13,52,1,0,0,1,0,3,5,1
3678,UP80JB6409,bike,B4,2024-03-05 13:04:13,2024-03-05 13:38:13,34,completed,13,4,1,0,0,1,0,3,5,1
3679,UP80VA3615,car,C1,2024-03-05 16:14:21,2024-03-05 19:43:21,209,completed,16,14,1,0,0,0,0,3,5,0
3680,UP80JZ3266,car,C2,2024-03-05 16:35:33,2024-03-05 18:47:33,132,completed,16,35,1,0,0,0,0,3,5,0
3681,UP80SJ3547,car,C3,2024-03-05 16:33:47,2024-03-05 18:42:47,129,completed,16,33,1,0,0,0,0,3,5,0
3682,UP80VA3615,car,C4,2024-03-05 17:03:45,2024-03-05 17:53:45,50,completed,17,3,1,0,0,0,1,3,5,0
3683,UP80UU6573,car,C5,2024-03-05 17:26:06,2024-03-05 18:50:06,84,completed,17,26,1,0,0,0,1,3,5,0
3684,UP80ZB4044,car,C6,2024-03-05 17:39:30,2024-03-05 18:55:30,76,completed,17,39,1,0,0,0,1,3,5,0
3685,UP80ZU9317,car,C7,2024-03-05 17:08:57,2024-03-05 19:06:57,118,completed,17,8,1,0,0,0,1,3,5,0
3686,UP80VA3615,car,C8,2024-03-05 17:24:16,2024-03-05 18:26:16,62,completed,17,24,1,0,0,0,1,3,5,0
3687,UP80PS1750,bike,B1,2024-03-05 17:34:12,2024-03-05 19:38:12,124,completed,17,34,1,0,0,0,1,3,5,1
3688,UP80RA5506,car,C9,2024-03-05 17:35:55,2024-03-05 19:20:55,105,completed,17,35,1,0,0,0,1,3,5,0
3689,UP80RA5506,car,C4,2024-03-05 18:11:51,2024-03-05 19:19:51,68,completed,18,11,1,0,0,0,1,3,5,0
3690,UP80KQ8668,bike,B2,2024-03-05 18:23:50,2024-03-05 19:02:50,39,completed,18,23,1,0,0,0,1,3,5,1
3691,UP80WW7227,car,C10,2024-03-05 18:02:00,2024-03-05 19:19:00,77,completed,18,2,1,0,0,0,1,3,5,0
3692,UP80FM8517,bike,B3,2024-03-05 18:51:49,2024-03-05 19:47:49,56,completed,18,51,1,0,0,0,1,3,5,1
3693,UP80WX3697,car,C2,2024-03-05 18:11:10,2024-03-05 19:34:10,83,completed,18,11,1,0,0,0,1,3,5,0
3694,UP80KB6155,car,C3,2024-03-05 18:24:38,2024-03-05 19:59:38,95,completed,18,24,1,0,0,0,1,3,5,0
3695,UP80XV1653,car,C2,2024-03-05 19:35:22,2024-03-05 20:37:22,62,completed,19,35,1,0,0,0,1,3,5,0
3696,UP80SW1916,bike,B2,2024-03-05 19:24:51,2024-03-05 20:55:51,91,completed,19,24,1,0,0,0,1,3,5,1
3697,UP80VA3615,car,C4,2024-03-05 19:04:27,2024-03-05 20:35:27,91,completed,19,4,1,0,0,0,1,3,5,0
3698,UP80FU2674,car,C1,2024-03-05 19:58:59,2024-03-05 22:26:59,148,completed,19,58,1,0,0,0,1,3,5,0
3699,UP80VA3615,car,C5,2024-03-05 19:05:20,2024-03-05 21:08:20,123,completed,19,5,1,0,0,0,1,3,5,0
3700,UP80RA5506,car,C6,2024-03-05 19:52:09,2024-03-05 20:27:09,35,completed,19,52,1,0,0,0,1,3,5,0
3701,UP80NZ7201,car,C3,2024-03-05 20:30:59,2024-03-05 21:16:59,46,completed,20,30,1,0,0,0,0,3,5,0
3702,UP80WW7227,car,C2,2024-03-05 20:52:41,2024-03-06 00:15:41,203,completed,20,52,1,0,0,0,0,3,5,0
3703,UP80BH6925,bike,B1,2024-03-05 20:57:50,2024-03-05 22:00:50,63,completed,20,57,1,0,0,0,0,3,5,1
3704,UP80QV4978,bike,B2,2024-03-05 20:39:34,2024-03-05 21:17:34,38,completed,20,39,1,0,0,0,0,3,5,1
3705,UP80DJ5374,bike,B3,2024-03-05 20:08:18,2024-03-05 21:05:18,57,completed,20,8,1,0,0,0,0,3,5,1
3706,UP80HQ8025,car,C4,2024-03-05 21:00:19,2024-03-05 22:59:19,119,completed,21,0,1,0,0,0,0,3,5,0
3707,UP80FM7669,car,C3,2024-03-05 21:27:38,2024-03-05 23:40:38,133,completed,21,27,1,0,0,0,0,3,5,0
3708,UP80FA6168,bike,B2,2024-03-05 21:14:02,2024-03-05 22:08:02,54,completed,21,14,1,0,0,0,0,3,5,1
3709,UP80FA6168,bike,B3,2024-03-05 21:58:04,2024-03-05 23:16:04,78,completed,21,58,1,0,0,0,0,3,5,1
3710,UP80RU2307,car,C5,2024-03-05 21:24:44,2024-03-05 22:20:44,56,completed,21,24,1,0,0,0,0,3,5,0
3711,UP80HF2419,bike,B1,2024-03-05 22:14:42,2024-03-05 23:40:42,86,completed,22,14,1,0,0,0,0,3,5,1
3712,UP80QE5010,car,C1,2024-03-05 22:35:05,2024-03-06 00:12:05,97,completed,22,35,1,0,0,0,0,3,5,0
3713,UP80GR6977,car,C5,2024-03-05 22:01:52,2024-03-06 00:36:52,155,completed,22,1,1,0,0,0,0,3,5,0
3714,UP80AT5315,car,C3,2024-03-05 23:49:09,2024-03-06 01:27:09,98,completed,23,49,1,0,0,0,0,3,5,0
3715,UP80BH6925,bike,B1,2024-03-06 04:08:22,2024-03-06 05:43:22,95,completed,4,8,2,0,0,0,0,3,6,1
3716,UP80QA2535,bike,B1,2024-03-06 06:32:53,2024-03-06 07:30:53,58,completed,6,32,2,0,0,0,0,3,6,1
3717,UP80FD2679,bike,B2,2024-03-06 06:26:57,2024-03-06 07:49:57,83,completed,6,26,2,0,0,0,0,3,6,1
3718,UP80BR1207,bike,B1,2024-03-06 07:59:33,2024-03-06 10:49:33,170,completed,7,59,2,0,1,0,0,3,6,1
3719,UP80DK4598,car,C1,2024-03-06 07:43:14,2024-03-06 14:02:14,379,completed,7,43,2,0,1,0,0,3,6,0
3720,UP80FD2679,bike,B2,2024-03-06 07:16:00,2024-03-06 09:33:00,137,completed,7,16,2,0,1,0,0,3,6,1
3721,UP80SL9548,car,C2,2024-03-06 07:43:33,2024-03-06 13:52:33,369,completed,7,43,2,0,1,0,0,3,6,0
3722,UP80TH9379,car,C3,2024-03-06 08:36:26,2024-03-06 13:28:26,292,completed,8,36,2,0,1,0,0,3,6,0
3723,UP80WW7227,car,C4,2024-03-06 08:38:54,2024-03-06 14:46:54,368,completed,8,38,2,0,1,0,0,3,6,0
3724,UP80XW2746,bike,B3,2024-03-06 08:43:41,2024-03-06 11:51:41,188,completed,8,43,2,0,1,0,0,3,6,1
3725,UP80TW3091,car,C5,2024-03-06 08:28:03,2024-03-06 13:32:03,304,completed,8,28,2,0,1,0,0,3,6,0
3726,UP80CC6635,car,C6,2024-03-06 08:45:21,2024-03-06 14:07:21,322,completed,8,45,2,0,1,0,0,3,6,0
3727,UP80FD2679,bike,B4,2024-03-06 08:27:54,2024-03-06 12:32:54,245,completed,8,27,2,0,1,0,0,3,6,1
3728,UP80WU7232,car,C7,2024-03-06 09:16:09,2024-03-06 17:00:09,464,completed,9,16,2,0,1,0,0,3,6,0
3729,UP80SJ3547,car,C8,2024-03-06 09:13:55,2024-03-06 14:33:55,320,completed,9,13,2,0,1,0,0,3,6,0
3730,UP80FU2674,car,C9,2024-03-06 09:03:45,2024-03-06 15:14:45,371,completed,9,3,2,0,1,0,0,3,6,0
3731,UP80FN1434,bike,B5,2024-03-06 09:30:06,2024-03-06 14:28:06,298,completed,9,30,2,0,1,0,0,3,6,1
3732,UP80ZU9317,car,C10,2024-03-06 09:41:56,2024-03-06 14:04:56,263,completed,9,41,2,0,1,0,0,3,6,0
3733,UP80CC6635,car,C11,2024-03-06 09:07:31,2024-03-06 15:53:31,406,completed,9,7,2,0,1,0,0,3,6,0
3734,UP80VA3615,car,C12,2024-03-06 09:39:56,2024-03-06 15:56:56,377,completed,9,39,2,0,1,0,0,3,6,0
3735,UP80TK7547,bike,B2,2024-03-06 09:18:17,2024-03-06 12:39:17,201,completed,9,18,2,0,1,0,0,3,6,1
3736,UP80LV9702,bike,B6,2024-03-06 09:23:11,2024-03-06 13:02:11,219,completed,9,23,2,0,1,0,0,3,6,1
3737,UP80QV8527,car,C13,2024-03-06 09:37:00,2024-03-06 16:26:00,409,completed,9,37,2,0,1,0,0,3,6,0
3738,UP80PX7149,bike,B7,2024-03-06 09:47:26,2024-03-06 15:45:26,358,completed,9,47,2,0,1,0,0,3,6,1
3739,UP80GR6977,car,C14,2024-03-06 10:50:35,2024-03-06 13:06:35,136,completed,10,50,2,0,0,0,0,3,6,0
3740,UP80GQ7543,car,C15,2024-03-06 11:31:53,2024-03-06 14:07:53,156,completed,11,31,2,0,0,0,0,3,6,0
3741,UP80GB5681,bike,B1,2024-03-06 11:34:01,2024-03-06 11:58:01,24,completed,11,34,2,0,0,0,0,3,6,1
3742,UP80PT9928,car,C16,2024-03-06 11:01:58,2024-03-06 13:19:58,138,completed,11,1,2,0,0,0,0,3,6,0
3743,UP80PS1750,bike,B1,2024-03-06 12:58:17,2024-03-06 14:01:17,63,completed,12,58,2,0,0,1,0,3,6,1
3744,UP80DU9837,bike,B2,2024-03-06 12:27:15,2024-03-06 12:48:15,21,completed,12,27,2,0,0,1,0,3,6,1
3745,UP80DM3705,bike,B3,2024-03-06 12:34:14,2024-03-06 13:17:14,43,completed,12,34,2,0,0,1,0,3,6,1
3746,UP80SW1916,bike,B4,2024-03-06 12:20:16,2024-03-06 12:39:16,19,completed,12,20,2,0,0,1,0,3,6,1
3747,UP80PS1750,bike,B2,2024-03-06 13:20:06,2024-03-06 14:04:06,44,completed,13,20,2,0,0,1,0,3,6,1
3748,UP80VL2040,car,C3,2024-03-06 13:29:44,2024-03-06 14:14:44,45,completed,13,29,2,0,0,1,0,3,6,0
3749,UP80BB4853,bike,B3,2024-03-06 13:11:34,2024-03-06 14:01:34,50,completed,13,11,2,0,0,1,0,3,6,1
3750,UP80QA2535,bike,B4,2024-03-06 13:24:14,2024-03-06 14:04:14,40,completed,13,24,2,0,0,1,0,3,6,1
3751,UP80GQ7543,car,C14,2024-03-06 13:19:49,2024-03-06 14:54:49,95,completed,13,19,2,0,0,1,0,3,6,0
3752,UP80DK4598,car,C5,2024-03-06 13:45:26,2024-03-06 14:58:26,73,completed,13,45,2,0,0,1,0,3,6,0
3753,UP80CC6635,car,C16,2024-03-06 13:52:10,2024-03-06 14:35:10,43,completed,13,52,2,0,0,1,0,3,6,0
3754,UP80FD2679,bike,B6,2024-03-06 13:47:40,2024-03-06 14:27:40,40,completed,13,47,2,0,0,1,0,3,6,1
3755,UP80LQ9565,car,C1,2024-03-06 14:26:54,2024-03-06 16:31:54,125,completed,14,26,2,0,0,0,0,3,6,0
3756,UP80CC6635,car,C2,2024-03-06 14:45:59,2024-03-06 16:46:59,121,completed,14,45,2,0,0,0,0,3,6,0
3757,UP80FN1434,bike,B1,2024-03-06 14:38:02,2024-03-06 16:28:02,110,completed,14,38,2,0,0,0,0,3,6,1
3758,UP80GL8613,car,C3,2024-03-06 14:19:56,2024-03-06 15:39:56,80,completed,14,19,2,0,0,0,0,3,6,0
3759,UP80CL8433,car,C6,2024-03-06 14:02:17,2024-03-06 16:47:17,165,completed,14,2,2,0,0,0,0,3,6,0
3760,UP80NZ7201,car,C8,2024-03-06 14:11:57,2024-03-06 15:43:57,92,completed,14,11,2,0,0,0,0,3,6,0
3761,UP80CC6635,car,C10,2024-03-06 14:15:13,2024-03-06 16:15:13,120,completed,14,15,2,0,0,0,0,3,6,0
3762,UP80DK4598,car,C4,2024-03-06 15:09:51,2024-03-06 17:23:51,134,completed,15,9,2,0,0,0,0,3,6,0
3763,UP80ZY4872,car,C5,2024-03-06 15:22:54,2024-03-06 16:34:54,72,completed,15,22,2,0,0,0,0,3,6,0
3764,UP80SX2424,car,C9,2024-03-06 15:21:18,2024-03-06 16:37:18,76,completed,15,21,2,0,0,0,0,3,6,0
3765,UP80KQ8668,bike,B2,2024-03-06 16:14:54,2024-03-06 17:46:54,92,completed,16,14,2,0,0,0,0,3,6,1
3766,UP80PS6511,bike,B3,2024-03-06 16:18:44,2024-03-06 16:51:44,33,completed,16,18,2,0,0,0,0,3,6,1
3767,UP80DJ2127,car,C1,2024-03-06 17:12:48,2024-03-06 18:59:48,107,completed,17,12,2,0,0,0,1,3,6,0
3768,UP80BR1207,bike,B1,2024-03-06 17:15:25,2024-03-06 18:15:25,60,completed,17,15,2,0,0,0,1,3,6,1
3769,UP80SC9797,car,C2,2024-03-06 18:27:08,2024-03-06 20:35:08,128,completed,18,27,2,0,0,0,1,3,6,0
3770,UP80CL5533,bike,B1,2024-03-06 18:47:34,2024-03-06 20:07:34,80,completed,18,47,2,0,0,0,1,3,6,1
3771,UP80SJ7658,bike,B2,2024-03-06 18:07:08,2024-03-06 19:22:08,75,completed,18,7,2,0,0,0,1,3,6,1
3772,UP80DK4598,car,C3,2024-03-06 18:56:37,2024-03-06 20:12:37,76,completed,18,56,2,0,0,0,1,3,6,0
3773,UP80XW5889,car,C4,2024-03-06 18:48:38,2024-03-06 20:05:38,77,completed,18,48,2,0,0,0,1,3,6,0
3774,UP80VL2040,car,C5,2024-03-06 18:03:07,2024-03-06 19:23:07,80,completed,18,3,2,0,0,0,1,3,6,0
3775,UP80NC1771,car,C6,2024-03-06 18:25:12,2024-03-06 19:44:12,79,completed,18,25,2,0,0,0,1,3,6,0
3776,UP80CY4848,car,C7,2024-03-06 18:10:04,2024-03-06 20:06:04,116,completed,18,10,2,0,0,0,1,3,6,0
3777,UP80SJ7658,bike,B3,2024-03-06 18:11:38,2024-03-06 19:05:38,54,completed,18,11,2,0,0,0,1,3,6,1
3778,UP80LL5557,car,C8,2024-03-06 18:57:28,2024-03-06 19:56:28,59,completed,18,57,2,0,0,0,1,3,6,0
3779,UP80JZ3266,car,C9,2024-03-06 18:37:08,2024-03-06 20:26:08,109,completed,18,37,2,0,0,0,1,3,6,0
3780,UP80FM8517,bike,B4,2024-03-06 18:30:23,2024-03-06 19:53:23,83,completed,18,30,2,0,0,0,1,3,6,1
3781,UP80WZ3900,car,C10,2024-03-06 18:08:27,2024-03-06 19:21:27,73,completed,18,8,2,0,0,0,1,3,6,0
3782,UP80FM8517,bike,B5,2024-03-06 18:54:32,2024-03-06 20:11:32,77,completed,18,54,2,0,0,0,1,3,6,1
3783,UP80FU2674,car,C11,2024-03-06 18:16:24,2024-03-06 19:26:24,70,completed,18,16,2,0,0,0,1,3,6,0
3784,UP80PS1750,bike,B2,2024-03-06 19:27:07,2024-03-06 19:51:07,24,completed,19,27,2,0,0,0,1,3,6,1
3785,UP80CC6635,car,C1,2024-03-06 19:01:00,2024-03-06 19:57:00,56,completed,19,1,2,0,0,0,1,3,6,0
3786,UP80SJ3547,car,C1,2024-03-06 19:57:17,2024-03-06 20:34:17,37,completed,19,57,2,0,0,0,1,3,6,0
3787,UP80LL5557,car,C5,2024-03-06 19:17:03,2024-03-06 21:29:03,132,completed,19,17,2,0,0,0,1,3,6,0
3788,UP80QE5010,car,C6,2024-03-06 19:55:21,2024-03-06 21:42:21,107,completed,19,55,2,0,0,0,1,3,6,0
3789,UP80SJ3547,car,C4,2024-03-06 20:06:17,2024-03-06 22:52:17,166,completed,20,6,2,0,0,0,0,3,6,0
3790,UP80QA2535,bike,B1,2024-03-06 21:19:15,2024-03-06 22:55:15,96,completed,21,19,2,0,0,0,0,3,6,1
3791,UP80AT5315,car,C1,2024-03-06 21:33:54,2024-03-06 23:11:54,98,completed,21,33,2,0,0,0,0,3,6,0
3792,UP80ML4501,bike,B2,2024-03-06 22:29:38,2024-03-06 23:47:38,78,completed,22,29,2,0,0,0,0,3,6,1
3793,UP80SJ3547,car,C2,2024-03-06 22:44:47,2024-03-07 00:54:47,130,completed,22,44,2,0,0,0,0,3,6,0
3794,UP80LB6974,bike,B1,2024-03-06 23:34:15,2024-03-07 00:58:15,84,completed,23,34,2,0,0,0,0,3,6,1
3795,UP80ZG9817,car,C1,2024-03-07 06:38:00,2024-03-07 08:25:00,107,completed,6,38,3,0,0,0,0,3,7,0
3796,UP80SX2424,car,C2,2024-03-07 07:10:53,2024-03-07 12:10:53,300,completed,7,10,3,0,1,0,0,3,7,0
3797,UP80WW7227,car,C3,2024-03-07 08:08:26,2024-03-07 15:58:26,470,completed,8,8,3,0,1,0,0,3,7,0
3798,UP80AT5315,car,C1,2024-03-07 08:52:53,2024-03-07 13:50:53,298,completed,8,52,3,0,1,0,0,3,7,0
3799,UP80FN1434,bike,B1,2024-03-07 08:23:27,2024-03-07 11:34:27,191,completed,8,23,3,0,1,0,0,3,7,1
3800,UP80HF2419,bike,B2,2024-03-07 08:02:01,2024-03-07 12:09:01,247,completed,8,2,3,0,1,0,0,3,7,1
3801,UP80JK1887,car,C4,2024-03-07 08:04:03,2024-03-07 13:23:03,319,completed,8,4,3,0,1,0,0,3,7,0
3802,UP80QV8527,car,C5,2024-03-07 08:48:12,2024-03-07 14:27:12,339,completed,8,48,3,0,1,0,0,3,7,0
3803,UP80NC1771,car,C6,2024-03-07 08:08:10,2024-03-07 16:10:10,482,completed,8,8,3,0,1,0,0,3,7,0
3804,UP80AN5494,bike,B3,2024-03-07 08:14:24,2024-03-07 13:35:24,321,completed,8,14,3,0,1,0,0,3,7,1
3805,UP80GB1317,car,C7,2024-03-07 09:02:26,2024-03-07 15:44:26,402,completed,9,2,3,0,1,0,0,3,7,0
3806,UP80FM8517,bike,B4,2024-03-07 09:02:20,2024-03-07 13:56:20,294,completed,9,2,3,0,1,0,0,3,7,1
3807,UP80DD9830,car,C8,2024-03-07 09:07:59,2024-03-07 15:16:59,369,completed,9,7,3,0,1,0,0,3,7,0
3808,UP80DJ5374,bike,B5,2024-03-07 09:27:55,2024-03-07 13:09:55,222,completed,9,27,3,0,1,0,0,3,7,1
3809,UP80SW1916,bike,B6,2024-03-07 09:13:45,2024-03-07 14:31:45,318,completed,9,13,3,0,1,0,0,3,7,1
3810,UP80GR6977,car,C9,2024-03-07 09:14:29,2024-03-07 15:19:29,365,completed,9,14,3,0,1,0,0,3,7,0
3811,UP80GQ7543,car,C10,2024-03-07 09:27:05,2024-03-07 14:22:05,295,completed,9,27,3,0,1,0,0,3,7,0
3812,UP80NZ7201,car,C11,2024-03-07 10:43:07,2024-03-07 11:36:07,53,completed,10,43,3,0,0,0,0,3,7,0
3813,UP80XW5889,car,C12,2024-03-07 10:50:26,2024-03-07 12:46:26,116,completed,10,50,3,0,0,0,0,3,7,0
3814,UP80NZ7201,car,C13,2024-03-07 10:27:19,2024-03-07 13:30:19,183,completed,10,27,3,0,0,0,0,3,7,0
3815,UP80GR6977,car,C11,2024-03-07 11:45:06,2024-03-07 14:11:06,146,completed,11,45,3,0,0,0,0,3,7,0
3816,UP80QV8527,car,C14,2024-03-07 11:58:47,2024-03-07 13:38:47,100,completed,11,58,3,0,0,0,0,3,7,0
3817,UP80KB6155,car,C15,2024-03-07 11:29:30,2024-03-07 12:43:30,74,completed,11,29,3,0,0,0,0,3,7,0
3818,UP80DM3705,bike,B1,2024-03-07 11:26:57,2024-03-07 12:36:57,70,completed,11,26,3,0,0,0,0,3,7,1
3819,UP80WW7227,car,C16,2024-03-07 11:27:54,2024-03-07 13:07:54,100,completed,11,27,3,0,0,0,0,3,7,0
3820,UP80DK4598,car,C2,2024-03-07 12:51:04,2024-03-07 13:43:04,52,completed,12,51,3,0,0,1,0,3,7,0
3821,UP80FD2679,bike,B1,2024-03-07 12:06:32,2024-03-07 13:19:32,73,completed,12,6,3,0,0,1,0,3,7,1
3822,UP80NZ7201,car,C12,2024-03-07 12:31:39,2024-03-07 13:30:39,59,completed,12,31,3,0,0,1,0,3,7,0
3823,UP80SX2424,car,C15,2024-03-07 12:11:19,2024-03-07 13:23:19,72,completed,12,11,3,0,0,1,0,3,7,0
3824,UP80PS1750,bike,B2,2024-03-07 12:04:49,2024-03-07 12:40:49,36,completed,12,4,3,0,0,1,0,3,7,1
3825,UP80DK4598,car,C16,2024-03-07 13:17:22,2024-03-07 14:23:22,66,completed,13,17,3,0,0,1,0,3,7,0
3826,UP80CL8433,car,C4,2024-03-07 13:24:36,2024-03-07 14:01:36,37,completed,13,24,3,0,0,1,0,3,7,0
3827,UP80DJ5374,bike,B1,2024-03-07 13:48:00,2024-03-07 14:35:00,47,completed,13,48,3,0,0,1,0,3,7,1
3828,UP80DH1958,bike,B2,2024-03-07 14:14:24,2024-03-07 15:05:24,51,completed,14,14,3,0,0,0,0,3,7,1
3829,UP80GR6977,car,C1,2024-03-07 14:26:35,2024-03-07 16:16:35,110,completed,14,26,3,0,0,0,0,3,7,0
3830,UP80SJ7658,bike,B3,2024-03-07 14:33:27,2024-03-07 15:33:27,60,completed,14,33,3,0,0,0,0,3,7,1
3831,UP80RA5506,car,C2,2024-03-07 15:04:41,2024-03-07 16:40:41,96,completed,15,4,3,0,0,0,0,3,7,0
3832,UP80QE5010,car,C4,2024-03-07 15:55:21,2024-03-07 17:38:21,103,completed,15,55,3,0,0,0,0,3,7,0
3833,UP80HG6147,car,C5,2024-03-07 15:30:47,2024-03-07 18:24:47,174,completed,15,30,3,0,0,0,0,3,7,0
3834,UP80SL9548,car,C7,2024-03-07 15:15:20,2024-03-07 17:49:20,154,completed,15,15,3,0,0,0,0,3,7,0
3835,UP80CU2983,bike,B1,2024-03-07 16:01:53,2024-03-07 17:21:53,80,completed,16,1,3,0,0,0,0,3,7,1
3836,UP80QA2535,bike,B2,2024-03-07 16:04:16,2024-03-07 16:51:16,47,completed,16,4,3,0,0,0,0,3,7,1
3837,UP80JX5526,bike,B3,2024-03-07 16:19:31,2024-03-07 17:24:31,65,completed,16,19,3,0,0,0,0,3,7,1
3838,UP80NZ1188,bike,B4,2024-03-07 16:14:29,2024-03-07 17:34:29,80,completed,16,14,3,0,0,0,0,3,7,1
3839,UP80QA2535,bike,B5,2024-03-07 16:16:17,2024-03-07 17:11:17,55,completed,16,16,3,0,0,0,0,3,7,1
3840,UP80SW1916,bike,B6,2024-03-07 16:34:48,2024-03-07 18:03:48,89,completed,16,34,3,0,0,0,0,3,7,1
3841,UP80DD9830,car,C1,2024-03-07 16:56:26,2024-03-07 19:08:26,132,completed,16,56,3,0,0,0,0,3,7,0
3842,UP80TK7547,bike,B1,2024-03-07 17:56:24,2024-03-07 19:00:24,64,completed,17,56,3,0,0,0,1,3,7,1
3843,UP80BF8953,car,C2,2024-03-07 17:35:59,2024-03-07 18:48:59,73,completed,17,35,3,0,0,0,1,3,7,0
3844,UP80NZ1188,bike,B2,2024-03-07 17:44:05,2024-03-07 19:14:05,90,completed,17,44,3,0,0,0,1,3,7,1
3845,UP80QA2535,bike,B3,2024-03-07 17:47:38,2024-03-07 19:18:38,91,completed,17,47,3,0,0,0,1,3,7,1
3846,UP80VA3615,car,C3,2024-03-07 18:44:10,2024-03-07 20:41:10,117,completed,18,44,3,0,0,0,1,3,7,0
3847,UP80DK4598,car,C4,2024-03-07 18:00:49,2024-03-07 20:01:49,121,completed,18,0,3,0,0,0,1,3,7,0
3848,UP80FD2679,bike,B4,2024-03-07 18:53:53,2024-03-07 20:15:53,82,completed,18,53,3,0,0,0,1,3,7,1
3849,UP80GQ7543,car,C2,2024-03-07 18:18:15,2024-03-07 20:50:15,152,completed,18,18,3,0,0,0,1,3,7,0
3850,UP80GR6977,car,C5,2024-03-07 18:14:45,2024-03-07 19:57:45,103,completed,18,14,3,0,0,0,1,3,7,0
3851,UP80RU2307,car,C6,2024-03-07 18:58:27,2024-03-07 20:35:27,97,completed,18,58,3,0,0,0,1,3,7,0
3852,UP80FD2679,bike,B5,2024-03-07 18:41:28,2024-03-07 20:20:28,99,completed,18,41,3,0,0,0,1,3,7,1
3853,UP80VA3615,car,C7,2024-03-07 18:52:25,2024-03-07 20:06:25,74,completed,18,52,3,0,0,0,1,3,7,0
3854,UP80WD3621,bike,B6,2024-03-07 18:47:11,2024-03-07 19:57:11,70,completed,18,47,3,0,0,0,1,3,7,1
3855,UP80PT9928,car,C8,2024-03-07 18:58:36,2024-03-07 19:49:36,51,completed,18,58,3,0,0,0,1,3,7,0
3856,UP80GQ7543,car,C9,2024-03-07 18:28:32,2024-03-07 19:24:32,56,completed,18,28,3,0,0,0,1,3,7,0
3857,UP80DK4598,car,C10,2024-03-07 18:21:13,2024-03-07 19:26:13,65,completed,18,21,3,0,0,0,1,3,7,0
3858,UP80BH6925,bike,B7,2024-03-07 18:02:24,2024-03-07 18:36:24,34,completed,18,2,3,0,0,0,1,3,7,1
3859,UP80CC6635,car,C11,2024-03-07 18:36:26,2024-03-07 19:50:26,74,completed,18,36,3,0,0,0,1,3,7,0
3860,UP80WD3621,bike,B7,2024-03-07 18:55:54,2024-03-07 19:33:54,38,completed,18,55,3,0,0,0,1,3,7,1
3861,UP80HA5279,bike,B1,2024-03-07 19:25:01,2024-03-07 20:50:01,85,completed,19,25,3,0,0,0,1,3,7,1
3862,UP80PN4130,bike,B2,2024-03-07 19:54:01,2024-03-07 20:35:01,41,completed,19,54,3,0,0,0,1,3,7,1
3863,UP80VA3615,car,C1,2024-03-07 19:19:36,2024-03-07 20:45:36,86,completed,19,19,3,0,0,0,1,3,7,0
3864,UP80FN1434,bike,B3,2024-03-07 19:41:54,2024-03-07 20:47:54,66,completed,19,41,3,0,0,0,1,3,7,1
3865,UP80JZ3266,car,C8,2024-03-07 19:34:55,2024-03-07 21:33:55,119,completed,19,34,3,0,0,0,1,3,7,0
3866,UP80FN1434,bike,B6,2024-03-07 20:11:53,2024-03-07 21:30:53,79,completed,20,11,3,0,0,0,0,3,7,1
3867,UP80RA5506,car,C4,2024-03-07 20:25:48,2024-03-07 20:50:48,25,completed,20,25,3,0,0,0,0,3,7,0
3868,UP80KQ8668,bike,B2,2024-03-07 20:37:37,2024-03-07 22:01:37,84,completed,20,37,3,0,0,0,0,3,7,1
3869,UP80CL8433,car,C1,2024-03-07 21:53:39,2024-03-08 00:30:39,157,completed,21,53,3,0,0,0,0,3,7,0
3870,UP80DD9830,car,C2,2024-03-07 21:31:07,2024-03-07 22:06:07,35,completed,21,31,3,0,0,0,0,3,7,0
3871,UP80SL4824,bike,B1,2024-03-07 21:44:20,2024-03-07 23:11:20,87,completed,21,44,3,0,0,0,0,3,7,1
3872,UP80RA5506,car,C2,2024-03-07 22:29:05,2024-03-08 01:38:05,189,completed,22,29,3,0,0,0,0,3,7,0
3873,UP80SX2424,car,C1,2024-03-08 07:09:26,2024-03-08 12:51:26,342,completed,7,9,4,0,1,0,0,3,8,0
3874,UP80SX2424,car,C2,2024-03-08 07:01:32,2024-03-08 13:07:32,366,completed,7,1,4,0,1,0,0,3,8,0
3875,UP80FX6413,bike,B1,2024-03-08 07:33:40,2024-03-08 10:34:40,181,completed,7,33,4,0,1,0,0,3,8,1
3876,UP80DD9830,car,C3,2024-03-08 07:33:10,2024-03-08 13:50:10,377,completed,7,33,4,0,1,0,0,3,8,0
3877,UP80DJ5374,bike,B2,2024-03-08 08:35:11,2024-03-08 13:32:11,297,completed,8,35,4,0,1,0,0,3,8,1
3878,UP80PJ6419,bike,B3,2024-03-08 08:20:48,2024-03-08 10:39:48,139,completed,8,20,4,0,1,0,0,3,8,1
3879,UP80NZ1188,bike,B4,2024-03-08 08:54:01,2024-03-08 11:35:01,161,completed,8,54,4,0,1,0,0,3,8,1
3880,UP80NC1771,car,C4,2024-03-08 08:21:36,2024-03-08 14:17:36,356,completed,8,21,4,0,1,0,0,3,8,0
3881,UP80DD9830,car,C5,2024-03-08 08:40:17,2024-03-08 13:39:17,299,completed,8,40,4,0,1,0,0,3,8,0
3882,UP80ZU9317,car,C6,2024-03-08 09:37:43,2024-03-08 15:21:43,344,completed,9,37,4,0,1,0,0,3,8,0
3883,UP80VA3615,car,C7,2024-03-08 09:56:57,2024-03-08 16:28:57,392,completed,9,56,4,0,1,0,0,3,8,0
3884,UP80SX2424,car,C8,2024-03-08 09:25:08,2024-03-08 16:24:08,419,completed,9,25,4,0,1,0,0,3,8,0
3885,UP80RG8239,bike,B5,2024-03-08 09:33:08,2024-03-08 12:46:08,193,completed,9,33,4,0,1,0,0,3,8,1
3886,UP80MP2988,car,C9,2024-03-08 09:40:48,2024-03-08 14:53:48,313,completed,9,40,4,0,1,0,0,3,8,0
3887,UP80XF5088,bike,B6,2024-03-08 09:12:43,2024-03-08 13:03:43,231,completed,9,12,4,0,1,0,0,3,8,1
3888,UP80QV8527,car,C10,2024-03-08 10:51:38,2024-03-08 13:18:38,147,completed,10,51,4,0,0,0,0,3,8,0
3889,UP80NZ1188,bike,B1,2024-03-08 11:41:16,2024-03-08 12:34:16,53,completed,11,41,4,0,0,0,0,3,8,1
3890,UP80RA5506,car,C11,2024-03-08 11:57:00,2024-03-08 12:43:00,46,completed,11,57,4,0,0,0,0,3,8,0
3891,UP80FU2674,car,C11,2024-03-08 12:47:47,2024-03-08 13:38:47,51,completed,12,47,4,0,0,1,0,3,8,0
3892,UP80FD2679,bike,B1,2024-03-08 12:23:13,2024-03-08 13:28:13,65,completed,12,23,4,0,0,1,0,3,8,1
3893,UP80ZB4044,car,C12,2024-03-08 12:37:05,2024-03-08 13:58:05,81,completed,12,37,4,0,0,1,0,3,8,0
3894,UP80GR6977,car,C13,2024-03-08 12:15:00,2024-03-08 13:09:00,54,completed,12,15,4,0,0,1,0,3,8,0
3895,UP80QA2535,bike,B3,2024-03-08 12:36:28,2024-03-08 13:21:28,45,completed,12,36,4,0,0,1,0,3,8,1
3896,UP80DJ5374,bike,B4,2024-03-08 12:48:28,2024-03-08 13:47:28,59,completed,12,48,4,0,0,1,0,3,8,1
3897,UP80SS2169,bike,B5,2024-03-08 12:15:24,2024-03-08 13:13:24,58,completed,12,15,4,0,0,1,0,3,8,1
3898,UP80KQ8668,bike,B1,2024-03-08 13:44:48,2024-03-08 14:32:48,48,completed,13,44,4,0,0,1,0,3,8,1
3899,UP80JZ3266,car,C1,2024-03-08 13:48:05,2024-03-08 14:56:05,68,completed,13,48,4,0,0,1,0,3,8,0
3900,UP80RU2307,car,C2,2024-03-08 13:17:43,2024-03-08 13:43:43,26,completed,13,17,4,0,0,1,0,3,8,0
3901,UP80ZT4878,bike,B2,2024-03-08 13:55:25,2024-03-08 14:57:25,62,completed,13,55,4,0,0,1,0,3,8,1
3902,UP80CL8433,car,C2,2024-03-08 13:34:09,2024-03-08 13:57:09,23,completed,13,34,4,0,0,1,0,3,8,0
3903,UP80FA6168,bike,B3,2024-03-08 14:28:31,2024-03-08 15:36:31,68,completed,14,28,4,0,0,0,0,3,8,1
3904,UP80KZ5345,car,C2,2024-03-08 14:26:09,2024-03-08 17:28:09,182,completed,14,26,4,0,0,0,0,3,8,0
3905,UP80FM8517,bike,B4,2024-03-08 14:14:27,2024-03-08 15:40:27,86,completed,14,14,4,0,0,0,0,3,8,1
3906,UP80AT5315,car,C3,2024-03-08 14:39:33,2024-03-08 15:47:33,68,completed,14,39,4,0,0,0,0,3,8,0
3907,UP80SS2169,bike,B1,2024-03-08 15:04:08,2024-03-08 15:52:08,48,completed,15,4,4,0,0,0,0,3,8,1
3908,UP80HG6147,car,C1,2024-03-08 15:58:54,2024-03-08 17:39:54,101,completed,15,58,4,0,0,0,0,3,8,0
3909,UP80WW7227,car,C3,2024-03-08 15:08:47,2024-03-08 17:27:47,139,completed,15,8,4,0,0,0,0,3,8,0
3910,UP80CA6111,bike,B1,2024-03-08 15:11:10,2024-03-08 16:54:10,103,completed,15,11,4,0,0,0,0,3,8,1
3911,UP80DD9830,car,C4,2024-03-08 16:39:08,2024-03-08 17:15:08,36,completed,16,39,4,0,0,0,0,3,8,0
3912,UP80QV8527,car,C5,2024-03-08 16:59:36,2024-03-08 20:01:36,182,completed,16,59,4,0,0,0,0,3,8,0
3913,UP80XW5889,car,C6,2024-03-08 16:12:57,2024-03-08 19:39:57,207,completed,16,12,4,0,0,0,0,3,8,0
3914,UP80JL7071,car,C7,2024-03-08 16:38:42,2024-03-08 18:29:42,111,completed,16,38,4,0,0,0,0,3,8,0
3915,UP80UU6573,car,C8,2024-03-08 16:58:47,2024-03-08 18:58:47,120,completed,16,58,4,0,0,0,0,3,8,0
3916,UP80FM8517,bike,B1,2024-03-08 17:35:47,2024-03-08 19:11:47,96,completed,17,35,4,0,0,0,1,3,8,1
3917,UP80VL2040,car,C2,2024-03-08 17:35:32,2024-03-08 18:46:32,71,completed,17,35,4,0,0,0,1,3,8,0
3918,UP80SS2169,bike,B2,2024-03-08 17:58:49,2024-03-08 19:17:49,79,completed,17,58,4,0,0,0,1,3,8,1
3919,UP80QV8527,car,C1,2024-03-08 17:07:15,2024-03-08 19:46:15,159,completed,17,7,4,0,0,0,1,3,8,0
3920,UP80CY3442,car,C3,2024-03-08 17:51:16,2024-03-08 19:43:16,112,completed,17,51,4,0,0,0,1,3,8,0
3921,UP80NZ1188,bike,B3,2024-03-08 17:06:20,2024-03-08 18:19:20,73,completed,17,6,4,0,0,0,1,3,8,1
3922,UP80SJ3547,car,C4,2024-03-08 17:38:05,2024-03-08 17:46:05,8,completed,17,38,4,0,0,0,1,3,8,0
3923,UP80FN1434,bike,B4,2024-03-08 17:25:00,2024-03-08 18:38:00,73,completed,17,25,4,0,0,0,1,3,8,1
3924,UP80FM8517,bike,B5,2024-03-08 17:42:44,2024-03-08 19:04:44,82,completed,17,42,4,0,0,0,1,3,8,1
3925,UP80FN1434,bike,B6,2024-03-08 17:09:53,2024-03-08 18:44:53,95,completed,17,9,4,0,0,0,1,3,8,1
3926,UP80SX2424,car,C9,2024-03-08 17:41:42,2024-03-08 19:04:42,83,completed,17,41,4,0,0,0,1,3,8,0
3927,UP80CA6111,bike,B7,2024-03-08 17:55:18,2024-03-08 19:29:18,94,completed,17,55,4,0,0,0,1,3,8,1
3928,UP80CL8433,car,C4,2024-03-08 17:01:13,2024-03-08 18:41:13,100,completed,17,1,4,0,0,0,1,3,8,0
3929,UP80SC9797,car,C7,2024-03-08 18:31:20,2024-03-08 19:53:20,82,completed,18,31,4,0,0,0,1,3,8,0
3930,UP80QE5010,car,C10,2024-03-08 18:39:34,2024-03-08 20:10:34,91,completed,18,39,4,0,0,0,1,3,8,0
3931,UP80CC6635,car,C2,2024-03-08 18:53:42,2024-03-08 20:20:42,87,completed,18,53,4,0,0,0,1,3,8,0
3932,UP80RA5506,car,C4,2024-03-08 18:44:08,2024-03-08 19:29:08,45,completed,18,44,4,0,0,0,1,3,8,0
3933,UP80RM1282,bike,B1,2024-03-08 19:21:39,2024-03-08 20:53:39,92,completed,19,21,4,0,0,0,1,3,8,1
3934,UP80ZN3060,car,C8,2024-03-08 19:14:21,2024-03-08 21:13:21,119,completed,19,14,4,0,0,0,1,3,8,0
3935,UP80GQ7543,car,C4,2024-03-08 19:36:59,2024-03-08 20:01:59,25,completed,19,36,4,0,0,0,1,3,8,0
3936,UP80UD6096,car,C9,2024-03-08 19:06:39,2024-03-08 21:07:39,121,completed,19,6,4,0,0,0,1,3,8,0
3937,UP80CL8433,car,C1,2024-03-08 19:57:39,2024-03-08 22:19:39,142,completed,19,57,4,0,0,0,1,3,8,0
3938,UP80DM3705,bike,B2,2024-03-08 19:34:58,2024-03-08 20:31:58,57,completed,19,34,4,0,0,0,1,3,8,1
3939,UP80SC9797,car,C2,2024-03-08 20:41:54,2024-03-08 22:43:54,122,completed,20,41,4,0,0,0,0,3,8,0
3940,UP80RA5506,car,C3,2024-03-08 20:30:42,2024-03-08 22:32:42,122,completed,20,30,4,0,0,0,0,3,8,0
3941,UP80LL5557,car,C4,2024-03-08 20:28:39,2024-03-08 23:07:39,159,completed,20,28,4,0,0,0,0,3,8,0
3942,UP80DJ5374,bike,B1,2024-03-08 21:21:30,2024-03-08 22:25:30,64,completed,21,21,4,0,0,0,0,3,8,1
3943,UP80RU2307,car,C5,2024-03-08 21:54:54,2024-03-09 00:03:54,129,completed,21,54,4,0,0,0,0,3,8,0
3944,UP80EZ5349,car,C6,2024-03-08 22:16:07,2024-03-08 23:43:07,87,completed,22,16,4,0,0,0,0,3,8,0
3945,UP80WD3621,bike,B1,2024-03-08 23:14:04,2024-03-09 00:17:04,63,completed,23,14,4,0,0,0,0,3,8,1
3946,UP80VL2040,car,C1,2024-03-08 23:25:06,2024-03-09 00:55:06,90,completed,23,25,4,0,0,0,0,3,8,0
3947,UP80GW7932,bike,B1,2024-03-09 00:24:12,2024-03-09 01:32:12,68,completed,0,24,5,1,0,0,0,3,9,1
3948,UP80SC9797,car,C1,2024-03-09 08:32:00,2024-03-09 14:16:00,344,completed,8,32,5,1,1,0,0,3,9,0
3949,UP80AQ6663,bike,B1,2024-03-09 09:46:47,2024-03-09 13:42:47,236,completed,9,46,5,1,1,0,0,3,9,1
3950,UP80FA6168,bike,B2,2024-03-09 09:51:39,2024-03-09 12:30:39,159,completed,9,51,5,1,1,0,0,3,9,1
3951,UP80LN2982,bike,B3,2024-03-09 09:42:07,2024-03-09 11:43:07,121,completed,9,42,5,1,1,0,0,3,9,1
3952,UP80RA5506,car,C2,2024-03-09 09:18:00,2024-03-09 13:45:00,267,completed,9,18,5,1,1,0,0,3,9,0
3953,UP80SC9797,car,C3,2024-03-09 10:20:57,2024-03-09 12:19:57,119,completed,10,20,5,1,0,0,0,3,9,0
3954,UP80WQ4908,bike,B4,2024-03-09 10:38:59,2024-03-09 11:38:59,60,completed,10,38,5,1,0,0,0,3,9,1
3955,UP80BH6925,bike,B5,2024-03-09 10:05:51,2024-03-09 10:46:51,41,completed,10,5,5,1,0,0,0,3,9,1
3956,UP80KQ8668,bike,B3,2024-03-09 11:47:46,2024-03-09 12:39:46,52,completed,11,47,5,1,0,0,0,3,9,1
3957,UP80GR6977,car,C4,2024-03-09 11:52:34,2024-03-09 12:46:34,54,completed,11,52,5,1,0,0,0,3,9,0
3958,UP80FU2674,car,C5,2024-03-09 11:28:34,2024-03-09 12:32:34,64,completed,11,28,5,1,0,0,0,3,9,0
3959,UP80PT9928,car,C6,2024-03-09 11:10:38,2024-03-09 13:44:38,154,completed,11,10,5,1,0,0,0,3,9,0
3960,UP80BH6925,bike,B4,2024-03-09 11:45:38,2024-03-09 12:54:38,69,completed,11,45,5,1,0,0,0,3,9,1
3961,UP80NZ7201,car,C3,2024-03-09 12:21:46,2024-03-09 13:39:46,78,completed,12,21,5,1,0,1,0,3,9,0
3962,UP80TW3091,car,C7,2024-03-09 12:19:16,2024-03-09 13:27:16,68,completed,12,19,5,1,0,1,0,3,9,0
3963,UP80QT9270,bike,B2,2024-03-09 12:57:03,2024-03-09 13:26:03,29,completed,12,57,5,1,0,1,0,3,9,1
3964,UP80ZY4295,bike,B3,2024-03-09 12:35:30,2024-03-09 13:18:30,43,completed,12,35,5,1,0,1,0,3,9,1
3965,UP80LJ8532,car,C4,2024-03-09 12:02:43,2024-03-09 13:01:43,59,completed,12,2,5,1,0,1,0,3,9,0
3966,UP80DJ5374,bike,B1,2024-03-09 13:52:44,2024-03-09 14:32:44,40,completed,13,52,5,1,0,1,0,3,9,1
3967,UP80FU2674,car,C2,2024-03-09 13:05:05,2024-03-09 13:54:05,49,completed,13,5,5,1,0,1,0,3,9,0
3968,UP80UU6573,car,C3,2024-03-09 13:34:17,2024-03-09 14:04:17,30,completed,13,34,5,1,0,1,0,3,9,0
3969,UP80QV8527,car,C4,2024-03-09 13:10:51,2024-03-09 14:02:51,52,completed,13,10,5,1,0,1,0,3,9,0
3970,UP80QZ4180,bike,B2,2024-03-09 14:02:18,2024-03-09 15:04:18,62,completed,14,2,5,1,0,0,0,3,9,1
3971,UP80PS1750,bike,B3,2024-03-09 14:10:09,2024-03-09 14:46:09,36,completed,14,10,5,1,0,0,0,3,9,1
3972,UP80GR6977,car,C1,2024-03-09 14:30:17,2024-03-09 15:46:17,76,completed,14,30,5,1,0,0,0,3,9,0
3973,UP80QF4608,car,C2,2024-03-09 14:46:44,2024-03-09 17:20:44,154,completed,14,46,5,1,0,0,0,3,9,0
3974,UP80NZ7201,car,C3,2024-03-09 15:08:58,2024-03-09 16:02:58,54,completed,15,8,5,1,0,0,0,3,9,0
3975,UP80FN1434,bike,B1,2024-03-09 15:48:04,2024-03-09 17:16:04,88,completed,15,48,5,1,0,0,0,3,9,1
3976,UP80VL2040,car,C1,2024-03-09 15:36:17,2024-03-09 16:50:17,74,completed,15,36,5,1,0,0,0,3,9,0
3977,UP80LY2188,car,C3,2024-03-09 16:26:08,2024-03-09 18:18:08,112,completed,16,26,5,1,0,0,0,3,9,0
3978,UP80RA5506,car,C1,2024-03-09 16:59:00,2024-03-09 19:16:00,137,completed,16,59,5,1,0,0,0,3,9,0
3979,UP80FR7528,car,C4,2024-03-09 16:24:04,2024-03-09 19:06:04,162,completed,16,24,5,1,0,0,0,3,9,0
3980,UP80KB6155,car,C2,2024-03-09 17:58:28,2024-03-09 19:22:28,84,completed,17,58,5,1,0,0,1,3,9,0
3981,UP80FB1344,car,C5,2024-03-09 17:03:21,2024-03-09 18:14:21,71,completed,17,3,5,1,0,0,1,3,9,0
3982,UP80SX2424,car,C6,2024-03-09 17:27:53,2024-03-09 18:38:53,71,completed,17,27,5,1,0,0,1,3,9,0
3983,UP80GQ7543,car,C7,2024-03-09 17:33:56,2024-03-09 18:55:56,82,completed,17,33,5,1,0,0,1,3,9,0
3984,UP80JL7071,car,C8,2024-03-09 17:07:00,2024-03-09 18:14:00,67,completed,17,7,5,1,0,0,1,3,9,0
3985,UP80RU2307,car,C9,2024-03-09 17:07:10,2024-03-09 18:06:10,59,completed,17,7,5,1,0,0,1,3,9,0
3986,UP80NZ7201,car,C3,2024-03-09 18:38:16,2024-03-09 19:55:16,77,completed,18,38,5,1,0,0,1,3,9,0
3987,UP80NC1771,car,C5,2024-03-09 18:29:48,2024-03-09 19:52:48,83,completed,18,29,5,1,0,0,1,3,9,0
3988,UP80DB8784,car,C8,2024-03-09 18:36:41,2024-03-09 19:21:41,45,completed,18,36,5,1,0,0,1,3,9,0
3989,UP80SX2424,car,C1,2024-03-09 19:39:45,2024-03-09 21:38:45,119,completed,19,39,5,1,0,0,1,3,9,0
3990,UP80PJ6419,bike,B1,2024-03-09 19:52:31,2024-03-09 21:34:31,102,completed,19,52,5,1,0,0,1,3,9,1
3991,UP80BR1207,bike,B2,2024-03-09 19:51:17,2024-03-09 20:57:17,66,completed,19,51,5,1,0,0,1,3,9,1
3992,UP80DJ5374,bike,B3,2024-03-09 19:35:38,2024-03-09 20:52:38,77,completed,19,35,5,1,0,0,1,3,9,1
3993,UP80UU6573,car,C2,2024-03-09 20:14:32,2024-03-09 23:02:32,168,completed,20,14,5,1,0,0,0,3,9,0
3994,UP80SW1916,bike,B1,2024-03-09 21:38:24,2024-03-09 22:49:24,71,completed,21,38,5,1,0,0,0,3,9,1
3995,UP80UK5065,bike,B2,2024-03-09 21:18:56,2024-03-09 22:24:56,66,completed,21,18,5,1,0,0,0,3,9,1
3996,UP80FA6168,bike,B3,2024-03-09 21:55:10,2024-03-09 22:32:10,37,completed,21,55,5,1,0,0,0,3,9,1
3997,UP80QE5010,car,C1,2024-03-09 22:31:39,2024-03-09 23:56:39,85,completed,22,31,5,1,0,0,0,3,9,0
3998,UP80DD9830,car,C3,2024-03-09 22:51:26,2024-03-10 00:16:26,85,completed,22,51,5,1,0,0,0,3,9,0
3999,UP80JZ3266,car,C4,2024-03-09 22:19:34,2024-03-10 00:55:34,156,completed,22,19,5,1,0,0,0,3,9,0
4000,UP80TK7547,bike,B1,2024-03-09 22:48:26,2024-03-09 23:42:26,54,completed,22,48,5,1,0,0,0,3,9,1
4001,UP80FX6413,bike,B2,2024-03-09 23:12:22,2024-03-09 23:55:22,43,completed,23,12,5,1,0,0,0,3,9,1
4002,UP80JZ3266,car,C2,2024-03-09 23:12:43,2024-03-10 01:09:43,117,completed,23,12,5,1,0,0,0,3,9,0
4003,UP80SS2169,bike,B1,2024-03-10 08:34:25,2024-03-10 12:10:25,216,completed,8,34,6,1,1,0,0,3,10,1
4004,UP80MG7043,car,C1,2024-03-10 08:21:24,2024-03-10 12:27:24,246,completed,8,21,6,1,1,0,0,3,10,0
4005,UP80MG8956,car,C2,2024-03-10 11:56:20,2024-03-10 13:37:20,101,completed,11,56,6,1,0,0,0,3,10,0
4006,UP80NC1771,car,C3,2024-03-10 11:35:00,2024-03-10 13:44:00,129,completed,11,35,6,1,0,0,0,3,10,0
4007,UP80AN5494,bike,B2,2024-03-10 11:11:15,2024-03-10 11:57:15,46,completed,11,11,6,1,0,0,0,3,10,1
4008,UP80RA5506,car,C1,2024-03-10 12:34:16,2024-03-10 13:38:16,64,completed,12,34,6,1,0,1,0,3,10,0
4009,UP80FD2679,bike,B1,2024-03-10 12:06:36,2024-03-10 12:31:36,25,completed,12,6,6,1,0,1,0,3,10,1
4010,UP80HJ5952,bike,B2,2024-03-10 12:12:54,2024-03-10 12:46:54,34,completed,12,12,6,1,0,1,0,3,10,1
4011,UP80SJ3547,car,C1,2024-03-10 13:44:30,2024-03-10 14:50:30,66,completed,13,44,6,1,0,1,0,3,10,0
4012,UP80UU6573,car,C2,2024-03-10 13:16:02,2024-03-10 15:34:02,138,completed,13,16,6,1,0,1,0,3,10,0
4013,UP80QU8461,bike,B1,2024-03-10 13:20:15,2024-03-10 14:25:15,65,completed,13,20,6,1,0,1,0,3,10,1
4014,UP80QV8527,car,C3,2024-03-10 13:39:55,2024-03-10 14:13:55,34,completed,13,39,6,1,0,1,0,3,10,0
4015,UP80PS6511,bike,B2,2024-03-10 13:28:30,2024-03-10 14:20:30,52,completed,13,28,6,1,0,1,0,3,10,1
4016,UP80SX2424,car,C1,2024-03-10 14:55:21,2024-03-10 16:18:21,83,completed,14,55,6,1,0,0,0,3,10,0
4017,UP80LL5557,car,C2,2024-03-10 15:43:11,2024-03-10 17:09:11,86,completed,15,43,6,1,0,0,0,3,10,0
4018,UP80QV8527,car,C1,2024-03-10 16:39:12,2024-03-10 20:19:12,220,completed,16,39,6,1,0,0,0,3,10,0
4019,UP80SS2169,bike,B1,2024-03-10 16:18:08,2024-03-10 17:19:08,61,completed,16,18,6,1,0,0,0,3,10,1
4020,UP80WD3621,bike,B2,2024-03-10 16:09:56,2024-03-10 17:11:56,62,completed,16,9,6,1,0,0,0,3,10,1
4021,UP80GR6977,car,C3,2024-03-10 16:20:55,2024-03-10 17:56:55,96,completed,16,20,6,1,0,0,0,3,10,0
4022,UP80GQ7543,car,C4,2024-03-10 16:58:59,2024-03-10 18:31:59,93,completed,16,58,6,1,0,0,0,3,10,0
4023,UP80UU6573,car,C2,2024-03-10 17:38:39,2024-03-10 18:51:39,73,completed,17,38,6,1,0,0,1,3,10,0
4024,UP80PL1158,car,C5,2024-03-10 17:53:25,2024-03-10 19:00:25,67,completed,17,53,6,1,0,0,1,3,10,0
4025,UP80QT9270,bike,B1,2024-03-10 18:09:11,2024-03-10 19:36:11,87,completed,18,9,6,1,0,0,1,3,10,1
4026,UP80NC1771,car,C3,2024-03-10 18:08:31,2024-03-10 19:17:31,69,completed,18,8,6,1,0,0,1,3,10,0
4027,UP80ZN7455,car,C6,2024-03-10 18:04:26,2024-03-10 19:19:26,75,completed,18,4,6,1,0,0,1,3,10,0
4028,UP80ZN3060,car,C2,2024-03-10 18:59:19,2024-03-10 20:27:19,88,completed,18,59,6,1,0,0,1,3,10,0
4029,UP80FA6168,bike,B2,2024-03-10 19:28:00,2024-03-10 20:38:00,70,completed,19,28,6,1,0,0,1,3,10,1
4030,UP80KQ8668,bike,B1,2024-03-10 20:39:20,2024-03-10 22:03:20,84,completed,20,39,6,1,0,0,0,3,10,1
4031,UP80SX2424,car,C1,2024-03-10 21:08:40,2024-03-10 22:09:40,61,completed,21,8,6,1,0,0,0,3,10,0
4032,UP80ZT4878,bike,B2,2024-03-10 21:03:08,2024-03-10 21:31:08,28,completed,21,3,6,1,0,0,0,3,10,1
4033,UP80FR7528,car,C1,2024-03-11 06:37:33,2024-03-11 09:08:33,151,completed,6,37,0,0,0,0,0,3,11,0
4034,UP80KY5033,car,C2,2024-03-11 07:52:56,2024-03-11 13:33:56,341,completed,7,52,0,0,1,0,0,3,11,0
4035,UP80YE4457,bike,B1,2024-03-11 07:21:25,2024-03-11 10:11:25,170,completed,7,21,0,0,1,0,0,3,11,1
4036,UP80GY7906,bike,B2,2024-03-11 08:54:32,2024-03-11 12:52:32,238,completed,8,54,0,0,1,0,0,3,11,1
4037,UP80QZ9666,bike,B3,2024-03-11 08:09:58,2024-03-11 10:47:58,158,completed,8,9,0,0,1,0,0,3,11,1
4038,UP80SC9797,car,C3,2024-03-11 08:41:30,2024-03-11 15:07:30,386,completed,8,41,0,0,1,0,0,3,11,0
4039,UP80NZ1188,bike,B4,2024-03-11 08:54:18,2024-03-11 14:22:18,328,completed,8,54,0,0,1,0,0,3,11,1
4040,UP80WW7227,car,C4,2024-03-11 08:46:12,2024-03-11 15:14:12,388,completed,8,46,0,0,1,0,0,3,11,0
4041,UP80SS2169,bike,B5,2024-03-11 09:36:41,2024-03-11 10:52:41,76,completed,9,36,0,0,1,0,0,3,11,1
4042,UP80ZT4878,bike,B6,2024-03-11 09:38:34,2024-03-11 14:11:34,273,completed,9,38,0,0,1,0,0,3,11,1
4043,UP80TH9379,car,C1,2024-03-11 09:25:01,2024-03-11 13:54:01,269,completed,9,25,0,0,1,0,0,3,11,0
4044,UP80KB6155,car,C5,2024-03-11 09:39:17,2024-03-11 15:30:17,351,completed,9,39,0,0,1,0,0,3,11,0
4045,UP80RU2307,car,C6,2024-03-11 09:12:56,2024-03-11 17:08:56,476,completed,9,12,0,0,1,0,0,3,11,0
4046,UP80NZ7201,car,C7,2024-03-11 09:54:58,2024-03-11 15:32:58,338,completed,9,54,0,0,1,0,0,3,11,0
4047,UP80SC9797,car,C8,2024-03-11 09:25:51,2024-03-11 17:20:51,475,completed,9,25,0,0,1,0,0,3,11,0
4048,UP80SJ3547,car,C9,2024-03-11 09:26:05,2024-03-11 16:11:05,405,completed,9,26,0,0,1,0,0,3,11,0
4049,UP80SW1916,bike,B7,2024-03-11 09:00:06,2024-03-11 14:19:06,319,completed,9,0,0,0,1,0,0,3,11,1
4050,UP80GR6977,car,C10,2024-03-11 10:43:32,2024-03-11 12:05:32,82,completed,10,43,0,0,0,0,0,3,11,0
4051,UP80NZ1188,bike,B1,2024-03-11 10:21:31,2024-03-11 11:56:31,95,completed,10,21,0,0,0,0,0,3,11,1
4052,UP80VL2040,car,C11,2024-03-11 10:48:48,2024-03-11 12:36:48,108,completed,10,48,0,0,0,0,0,3,11,0
4053,UP80HG6147,car,C12,2024-03-11 11:22:06,2024-03-11 13:20:06,118,completed,11,22,0,0,0,0,0,3,11,0
4054,UP80NZ1188,bike,B3,2024-03-11 11:00:00,2024-03-11 12:41:00,101,completed,11,0,0,0,0,0,0,3,11,1
4055,UP80DD9830,car,C13,2024-03-11 11:28:21,2024-03-11 13:56:21,148,completed,11,28,0,0,0,0,0,3,11,0
4056,UP80FN1434,bike,B1,2024-03-11 12:18:43,2024-03-11 12:35:43,17,completed,12,18,0,0,0,1,0,3,11,1
4057,UP80QE5010,car,C10,2024-03-11 12:26:24,2024-03-11 13:35:24,69,completed,12,26,0,0,0,1,0,3,11,0
4058,UP80FN1434,bike,B5,2024-03-11 12:16:55,2024-03-11 13:06:55,50,completed,12,16,0,0,0,1,0,3,11,1
4059,UP80WD3621,bike,B1,2024-03-11 12:49:32,2024-03-11 13:35:32,46,completed,12,49,0,0,0,1,0,3,11,1
4060,UP80LP5956,bike,B1,2024-03-11 13:51:54,2024-03-11 14:35:54,44,completed,13,51,0,0,0,1,0,3,11,1
4061,UP80ZQ8251,car,C2,2024-03-11 13:33:26,2024-03-11 15:07:26,94,completed,13,33,0,0,0,1,0,3,11,0
4062,UP80ZY4295,bike,B2,2024-03-11 13:53:20,2024-03-11 14:40:20,47,completed,13,53,0,0,0,1,0,3,11,1
4063,UP80RU2307,car,C10,2024-03-11 13:46:04,2024-03-11 14:40:04,54,completed,13,46,0,0,0,1,0,3,11,0
4064,UP80SJ7658,bike,B3,2024-03-11 13:39:19,2024-03-11 14:26:19,47,completed,13,39,0,0,0,1,0,3,11,1
4065,UP80DD9830,car,C11,2024-03-11 13:09:58,2024-03-11 14:14:58,65,completed,13,9,0,0,0,1,0,3,11,0
4066,UP80UY4266,bike,B5,2024-03-11 13:44:21,2024-03-11 14:30:21,46,completed,13,44,0,0,0,1,0,3,11,1
4067,UP80FD2679,bike,B1,2024-03-11 14:39:47,2024-03-11 16:37:47,118,completed,14,39,0,0,0,0,0,3,11,1
4068,UP80GR6977,car,C1,2024-03-11 14:17:47,2024-03-11 16:09:47,112,completed,14,17,0,0,0,0,0,3,11,0
4069,UP80GQ7543,car,C2,2024-03-11 15:42:37,2024-03-11 16:53:37,71,completed,15,42,0,0,0,0,0,3,11,0
4070,UP80CL8433,car,C3,2024-03-11 15:30:38,2024-03-11 16:33:38,63,completed,15,30,0,0,0,0,0,3,11,0
4071,UP80GR6977,car,C1,2024-03-11 16:56:31,2024-03-11 18:44:31,108,completed,16,56,0,0,0,0,0,3,11,0
4072,UP80KB6155,car,C2,2024-03-11 16:17:07,2024-03-11 18:36:07,139,completed,16,17,0,0,0,0,0,3,11,0
4073,UP80SS2169,bike,B1,2024-03-11 16:39:17,2024-03-11 17:50:17,71,completed,16,39,0,0,0,0,0,3,11,1
4074,UP80NV3780,car,C3,2024-03-11 16:13:22,2024-03-11 18:23:22,130,completed,16,13,0,0,0,0,0,3,11,0
4075,UP80KQ8668,bike,B2,2024-03-11 16:48:44,2024-03-11 18:07:44,79,completed,16,48,0,0,0,0,0,3,11,1
4076,UP80PS1750,bike,B3,2024-03-11 16:20:31,2024-03-11 17:34:31,74,completed,16,20,0,0,0,0,0,3,11,1
4077,UP80DK4598,car,C4,2024-03-11 16:36:16,2024-03-11 17:47:16,71,completed,16,36,0,0,0,0,0,3,11,0
4078,UP80GQ7543,car,C5,2024-03-11 16:35:02,2024-03-11 18:06:02,91,completed,16,35,0,0,0,0,0,3,11,0
4079,UP80PW3426,car,C7,2024-03-11 17:00:10,2024-03-11 18:24:10,84,completed,17,0,0,0,0,0,1,3,11,0
4080,UP80PS1750,bike,B1,2024-03-11 17:51:54,2024-03-11 19:41:54,110,completed,17,51,0,0,0,0,1,3,11,1
4081,UP80LJ8532,car,C4,2024-03-11 17:05:22,2024-03-11 18:51:22,106,completed,17,5,0,0,0,0,1,3,11,0
4082,UP80FD2679,bike,B3,2024-03-11 17:33:17,2024-03-11 18:45:17,72,completed,17,33,0,0,0,0,1,3,11,1
4083,UP80ZB4044,car,C6,2024-03-11 17:29:12,2024-03-11 19:12:12,103,completed,17,29,0,0,0,0,1,3,11,0
4084,UP80WD3621,bike,B4,2024-03-11 17:47:28,2024-03-11 19:04:28,77,completed,17,47,0,0,0,0,1,3,11,1
4085,UP80FA6168,bike,B5,2024-03-11 17:18:34,2024-03-11 17:44:34,26,completed,17,18,0,0,0,0,1,3,11,1
4086,UP80KQ8668,bike,B6,2024-03-11 17:07:42,2024-03-11 17:42:42,35,completed,17,7,0,0,0,0,1,3,11,1
4087,UP80QZ4180,bike,B2,2024-03-11 18:57:27,2024-03-11 19:57:27,60,completed,18,57,0,0,0,0,1,3,11,1
4088,UP80SJ3547,car,C1,2024-03-11 18:00:32,2024-03-11 19:27:32,87,completed,18,0,0,0,0,0,1,3,11,0
4089,UP80NZ1188,bike,B3,2024-03-11 18:53:38,2024-03-11 20:35:38,102,completed,18,53,0,0,0,0,1,3,11,1
4090,UP80DD9830,car,C2,2024-03-11 18:51:17,2024-03-11 19:48:17,57,completed,18,51,0,0,0,0,1,3,11,0
4091,UP80PS1750,bike,B5,2024-03-11 18:10:15,2024-03-11 19:50:15,100,completed,18,10,0,0,0,0,1,3,11,1
4092,UP80UU6573,car,C3,2024-03-11 18:01:47,2024-03-11 20:26:47,145,completed,18,1,0,0,0,0,1,3,11,0
4093,UP80GR6977,car,C4,2024-03-11 18:24:45,2024-03-11 20:09:45,105,completed,18,24,0,0,0,0,1,3,11,0
4094,UP80AV5905,car,C5,2024-03-11 18:30:18,2024-03-11 20:27:18,117,completed,18,30,0,0,0,0,1,3,11,0
4095,UP80DJ2127,car,C7,2024-03-11 18:06:54,2024-03-11 19:26:54,80,completed,18,6,0,0,0,0,1,3,11,0
4096,UP80PT9928,car,C8,2024-03-11 18:11:53,2024-03-11 19:12:53,61,completed,18,11,0,0,0,0,1,3,11,0
4097,UP80GB1317,car,C9,2024-03-11 18:23:05,2024-03-11 20:40:05,137,completed,18,23,0,0,0,0,1,3,11,0
4098,UP80FU2674,car,C10,2024-03-11 19:05:29,2024-03-11 20:10:29,65,completed,19,5,0,0,0,0,1,3,11,0
4099,UP80KB6155,car,C6,2024-03-11 19:18:49,2024-03-11 21:12:49,114,completed,19,18,0,0,0,0,1,3,11,0
4100,UP80UU6573,car,C1,2024-03-11 19:36:19,2024-03-11 20:16:19,40,completed,19,36,0,0,0,0,1,3,11,0
4101,UP80DD9830,car,C7,2024-03-11 19:37:53,2024-03-11 21:26:53,109,completed,19,37,0,0,0,0,1,3,11,0
4102,UP80WD3621,bike,B4,2024-03-11 19:29:46,2024-03-11 20:35:46,66,completed,19,29,0,0,0,0,1,3,11,1
4103,UP80AT5315,car,C8,2024-03-11 19:07:28,2024-03-11 20:53:28,106,completed,19,7,0,0,0,0,1,3,11,0
4104,UP80CL8433,car,C11,2024-03-11 19:10:14,2024-03-11 20:42:14,92,completed,19,10,0,0,0,0,1,3,11,0
4105,UP80GF5632,car,C12,2024-03-11 19:03:02,2024-03-11 20:58:02,115,completed,19,3,0,0,0,0,1,3,11,0
4106,UP80UY4266,bike,B6,2024-03-11 19:17:55,2024-03-11 20:29:55,72,completed,19,17,0,0,0,0,1,3,11,1
4107,UP80UU6573,car,C13,2024-03-11 19:40:40,2024-03-11 21:03:40,83,completed,19,40,0,0,0,0,1,3,11,0
4108,UP80WW7227,car,C1,2024-03-11 20:28:37,2024-03-11 23:11:37,163,completed,20,28,0,0,0,0,0,3,11,0
4109,UP80MP2988,car,C2,2024-03-11 20:04:40,2024-03-11 21:29:40,85,completed,20,4,0,0,0,0,0,3,11,0
4110,UP80SC9797,car,C3,2024-03-11 20:37:33,2024-03-11 22:37:33,120,completed,20,37,0,0,0,0,0,3,11,0
4111,UP80JZ3266,car,C4,2024-03-11 20:34:39,2024-03-11 22:33:39,119,completed,20,34,0,0,0,0,0,3,11,0
4112,UP80QE5010,car,C5,2024-03-11 21:04:22,2024-03-11 22:19:22,75,completed,21,4,0,0,0,0,0,3,11,0
4113,UP80AT5315,car,C2,2024-03-11 22:31:38,2024-03-12 00:15:38,104,completed,22,31,0,0,0,0,0,3,11,0
4114,UP80SX2424,car,C1,2024-03-12 07:06:20,2024-03-12 14:13:20,427,completed,7,6,1,0,1,0,0,3,12,0
4115,UP80XT8777,car,C2,2024-03-12 07:43:54,2024-03-12 13:36:54,353,completed,7,43,1,0,1,0,0,3,12,0
4116,UP80WD3621,bike,B1,2024-03-12 07:08:41,2024-03-12 10:54:41,226,completed,7,8,1,0,1,0,0,3,12,1
4117,UP80PS1750,bike,B2,2024-03-12 08:39:38,2024-03-12 11:04:38,145,completed,8,39,1,0,1,0,0,3,12,1
4118,UP80FA6168,bike,B3,2024-03-12 08:17:16,2024-03-12 12:07:16,230,completed,8,17,1,0,1,0,0,3,12,1
4119,UP80FN1434,bike,B4,2024-03-12 08:32:34,2024-03-12 12:12:34,220,completed,8,32,1,0,1,0,0,3,12,1
4120,UP80LL5557,car,C3,2024-03-12 08:30:03,2024-03-12 15:17:03,407,completed,8,30,1,0,1,0,0,3,12,0
4121,UP80PF8800,bike,B5,2024-03-12 08:48:09,2024-03-12 13:19:09,271,completed,8,48,1,0,1,0,0,3,12,1
4122,UP80JZ3266,car,C4,2024-03-12 08:12:25,2024-03-12 12:19:25,247,completed,8,12,1,0,1,0,0,3,12,0
4123,UP80FM8517,bike,B6,2024-03-12 08:07:20,2024-03-12 12:50:20,283,completed,8,7,1,0,1,0,0,3,12,1
4124,UP80VP1672,car,C5,2024-03-12 08:38:04,2024-03-12 13:03:04,265,completed,8,38,1,0,1,0,0,3,12,0
4125,UP80GB5681,bike,B7,2024-03-12 09:40:28,2024-03-12 12:45:28,185,completed,9,40,1,0,1,0,0,3,12,1
4126,UP80SS2169,bike,B8,2024-03-12 09:55:56,2024-03-12 13:04:56,189,completed,9,55,1,0,1,0,0,3,12,1
4127,UP80SW1916,bike,B9,2024-03-12 09:51:49,2024-03-12 13:06:49,195,completed,9,51,1,0,1,0,0,3,12,1
4128,UP80DJ5374,bike,B10,2024-03-12 09:26:30,2024-03-12 13:48:30,262,completed,9,26,1,0,1,0,0,3,12,1
4129,UP80CL5533,bike,B11,2024-03-12 10:01:58,2024-03-12 11:27:58,86,completed,10,1,1,0,0,0,0,3,12,1
4130,UP80FF2290,car,C6,2024-03-12 10:54:27,2024-03-12 12:15:27,81,completed,10,54,1,0,0,0,0,3,12,0
4131,UP80SJ3547,car,C7,2024-03-12 11:04:27,2024-03-12 12:29:27,85,completed,11,4,1,0,0,0,0,3,12,0
4132,UP80BH6925,bike,B1,2024-03-12 12:48:31,2024-03-12 13:21:31,33,completed,12,48,1,0,0,1,0,3,12,1
4133,UP80VL2040,car,C4,2024-03-12 12:55:07,2024-03-12 13:34:07,39,completed,12,55,1,0,0,1,0,3,12,0
4134,UP80GC4155,bike,B2,2024-03-12 12:10:38,2024-03-12 13:12:38,62,completed,12,10,1,0,0,1,0,3,12,1
4135,UP80LL5557,car,C6,2024-03-12 12:09:42,2024-03-12 12:17:42,8,completed,12,9,1,0,0,1,0,3,12,0
4136,UP80SX2424,car,C6,2024-03-12 12:49:47,2024-03-12 13:46:47,57,completed,12,49,1,0,0,1,0,3,12,0
4137,UP80CX4114,bike,B3,2024-03-12 13:08:36,2024-03-12 13:21:36,13,completed,13,8,1,0,0,1,0,3,12,1
4138,UP80PS1750,bike,B1,2024-03-12 13:42:19,2024-03-12 14:14:19,32,completed,13,42,1,0,0,1,0,3,12,1
4139,UP80KB6155,car,C2,2024-03-12 13:14:11,2024-03-12 14:33:11,79,completed,13,14,1,0,0,1,0,3,12,0
4140,UP80WW7227,car,C4,2024-03-12 13:04:35,2024-03-12 13:38:35,34,completed,13,4,1,0,0,1,0,3,12,0
4141,UP80KB6155,car,C5,2024-03-12 13:34:15,2024-03-12 14:56:15,82,completed,13,34,1,0,0,1,0,3,12,0
4142,UP80KB6155,car,C7,2024-03-12 13:13:19,2024-03-12 14:16:19,63,completed,13,13,1,0,0,1,0,3,12,0
4143,UP80SF4262,car,C1,2024-03-12 14:54:30,2024-03-12 17:03:30,129,completed,14,54,1,0,0,0,0,3,12,0
4144,UP80SC9797,car,C2,2024-03-12 14:47:40,2024-03-12 17:05:40,138,completed,14,47,1,0,0,0,0,3,12,0
4145,UP80VL2040,car,C4,2024-03-12 14:18:41,2024-03-12 16:07:41,109,completed,14,18,1,0,0,0,0,3,12,0
4146,UP80FN1434,bike,B1,2024-03-12 14:59:39,2024-03-12 17:11:39,132,completed,14,59,1,0,0,0,0,3,12,1
4147,UP80CC6635,car,C5,2024-03-12 14:28:00,2024-03-12 16:40:00,132,completed,14,28,1,0,0,0,0,3,12,0
4148,UP80UU6573,car,C3,2024-03-12 15:42:06,2024-03-12 17:32:06,110,completed,15,42,1,0,0,0,0,3,12,0
4149,UP80GU2771,car,C6,2024-03-12 15:04:41,2024-03-12 17:18:41,134,completed,15,4,1,0,0,0,0,3,12,0
4150,UP80GR6977,car,C7,2024-03-12 15:50:48,2024-03-12 17:38:48,108,completed,15,50,1,0,0,0,0,3,12,0
4151,UP80QA2535,bike,B2,2024-03-12 16:42:30,2024-03-12 17:51:30,69,completed,16,42,1,0,0,0,0,3,12,1
4152,UP80JZ3266,car,C4,2024-03-12 16:35:13,2024-03-12 18:05:13,90,completed,16,35,1,0,0,0,0,3,12,0
4153,UP80KZ5345,car,C5,2024-03-12 16:18:01,2024-03-12 17:24:01,66,completed,16,18,1,0,0,0,0,3,12,0
4154,UP80RU2307,car,C1,2024-03-12 17:08:34,2024-03-12 18:12:34,64,completed,17,8,1,0,0,0,1,3,12,0
4155,UP80YN1931,bike,B1,2024-03-12 17:12:49,2024-03-12 17:43:49,31,completed,17,12,1,0,0,0,1,3,12,1
4156,UP80QV4978,bike,B3,2024-03-12 17:22:59,2024-03-12 18:59:59,97,completed,17,22,1,0,0,0,1,3,12,1
4157,UP80QV8527,car,C2,2024-03-12 17:46:41,2024-03-12 20:02:41,136,completed,17,46,1,0,0,0,1,3,12,0
4158,UP80VA3615,car,C3,2024-03-12 17:26:24,2024-03-12 19:38:24,132,completed,17,26,1,0,0,0,1,3,12,0
4159,UP80DD9830,car,C5,2024-03-12 17:38:47,2024-03-12 18:04:47,26,completed,17,38,1,0,0,0,1,3,12,0
4160,UP80YE4457,bike,B1,2024-03-12 17:00:08,2024-03-12 18:46:08,106,completed,17,0,1,0,0,0,1,3,12,1
4161,UP80QV8527,car,C6,2024-03-12 17:25:58,2024-03-12 19:20:58,115,completed,17,25,1,0,0,0,1,3,12,0
4162,UP80KZ5345,car,C7,2024-03-12 17:08:50,2024-03-12 17:35:50,27,completed,17,8,1,0,0,0,1,3,12,0
4163,UP80PS1750,bike,B4,2024-03-12 17:08:43,2024-03-12 18:19:43,71,completed,17,8,1,0,0,0,1,3,12,1
4164,UP80AV5905,car,C8,2024-03-12 17:02:04,2024-03-12 19:11:04,129,completed,17,2,1,0,0,0,1,3,12,0
4165,UP80MG7043,car,C7,2024-03-12 17:46:28,2024-03-12 19:21:28,95,completed,17,46,1,0,0,0,1,3,12,0
4166,UP80FE8350,car,C9,2024-03-12 17:22:39,2024-03-12 19:22:39,120,completed,17,22,1,0,0,0,1,3,12,0
4167,UP80FN1434,bike,B2,2024-03-12 18:30:55,2024-03-12 19:28:55,58,completed,18,30,1,0,0,0,1,3,12,1
4168,UP80GR6977,car,C1,2024-03-12 18:17:52,2024-03-12 20:24:52,127,completed,18,17,1,0,0,0,1,3,12,0
4169,UP80BH6925,bike,B4,2024-03-12 18:18:01,2024-03-12 19:34:01,76,completed,18,18,1,0,0,0,1,3,12,1
4170,UP80FM8517,bike,B5,2024-03-12 18:04:29,2024-03-12 20:08:29,124,completed,18,4,1,0,0,0,1,3,12,1
4171,UP80SS2169,bike,B1,2024-03-12 18:58:23,2024-03-12 20:41:23,103,completed,18,58,1,0,0,0,1,3,12,1
4172,UP80KB6155,car,C4,2024-03-12 18:52:03,2024-03-12 21:04:03,132,completed,18,52,1,0,0,0,1,3,12,0
4173,UP80RG6491,bike,B6,2024-03-12 18:15:31,2024-03-12 19:36:31,81,completed,18,15,1,0,0,0,1,3,12,1
4174,UP80KB6155,car,C5,2024-03-12 18:50:48,2024-03-12 20:58:48,128,completed,18,50,1,0,0,0,1,3,12,0
4175,UP80SW1916,bike,B7,2024-03-12 18:57:39,2024-03-12 19:59:39,62,completed,18,57,1,0,0,0,1,3,12,1
4176,UP80KB6155,car,C10,2024-03-12 18:11:31,2024-03-12 19:32:31,81,completed,18,11,1,0,0,0,1,3,12,0
4177,UP80PT9928,car,C11,2024-03-12 18:54:56,2024-03-12 20:21:56,87,completed,18,54,1,0,0,0,1,3,12,0
4178,UP80DS4571,car,C12,2024-03-12 18:13:59,2024-03-12 19:51:59,98,completed,18,13,1,0,0,0,1,3,12,0
4179,UP80HQ2625,bike,B3,2024-03-12 19:20:00,2024-03-12 20:42:00,82,completed,19,20,1,0,0,0,1,3,12,1
4180,UP80ZT4878,bike,B2,2024-03-12 19:46:46,2024-03-12 20:39:46,53,completed,19,46,1,0,0,0,1,3,12,1
4181,UP80LB6974,bike,B4,2024-03-12 19:49:18,2024-03-12 21:21:18,92,completed,19,49,1,0,0,0,1,3,12,1
4182,UP80SC9797,car,C3,2024-03-12 19:09:11,2024-03-12 20:17:11,68,completed,19,9,1,0,0,0,1,3,12,0
4183,UP80WD3621,bike,B6,2024-03-12 19:14:36,2024-03-12 20:30:36,76,completed,19,14,1,0,0,0,1,3,12,1
4184,UP80WZ3900,car,C6,2024-03-12 19:04:16,2024-03-12 19:18:16,14,completed,19,4,1,0,0,0,1,3,12,0
4185,UP80JK1887,car,C6,2024-03-12 19:24:46,2024-03-12 20:29:46,65,completed,19,24,1,0,0,0,1,3,12,0
4186,UP80SW1916,bike,B8,2024-03-12 19:37:53,2024-03-12 21:12:53,95,completed,19,37,1,0,0,0,1,3,12,1
4187,UP80AT5315,car,C2,2024-03-12 20:05:07,2024-03-12 21:18:07,73,completed,20,5,1,0,0,0,0,3,12,0
4188,UP80FN1434,bike,B5,2024-03-12 20:37:52,2024-03-12 21:59:52,82,completed,20,37,1,0,0,0,0,3,12,1
4189,UP80DJ5374,bike,B1,2024-03-12 21:08:55,2024-03-12 22:44:55,96,completed,21,8,1,0,0,0,0,3,12,1
4190,UP80GQ7543,car,C1,2024-03-12 21:15:28,2024-03-12 23:18:28,123,completed,21,15,1,0,0,0,0,3,12,0
4191,UP80QA2535,bike,B1,2024-03-12 23:27:06,2024-03-13 00:27:06,60,completed,23,27,1,0,0,0,0,3,12,1
4192,UP80AT5315,car,C1,2024-03-13 07:02:20,2024-03-13 11:19:20,257,completed,7,2,2,0,1,0,0,3,13,0
4193,UP80QA2535,bike,B1,2024-03-13 07:08:11,2024-03-13 10:45:11,217,completed,7,8,2,0,1,0,0,3,13,1
4194,UP80HQ8025,car,C2,2024-03-13 07:01:06,2024-03-13 13:24:06,383,completed,7,1,2,0,1,0,0,3,13,0
4195,UP80FN1434,bike,B2,2024-03-13 08:39:48,2024-03-13 13:09:48,270,completed,8,39,2,0,1,0,0,3,13,1
4196,UP80CL8433,car,C3,2024-03-13 08:34:19,2024-03-13 15:00:19,386,completed,8,34,2,0,1,0,0,3,13,0
4197,UP80QV8527,car,C4,2024-03-13 08:06:12,2024-03-13 13:18:12,312,completed,8,6,2,0,1,0,0,3,13,0
4198,UP80RU2307,car,C5,2024-03-13 08:07:50,2024-03-13 15:01:50,414,completed,8,7,2,0,1,0,0,3,13,0
4199,UP80DD9830,car,C6,2024-03-13 08:46:38,2024-03-13 14:22:38,336,completed,8,46,2,0,1,0,0,3,13,0
4200,UP80FM8517,bike,B3,2024-03-13 08:13:19,2024-03-13 11:24:19,191,completed,8,13,2,0,1,0,0,3,13,1
4201,UP80UM5397,car,C7,2024-03-13 08:19:49,2024-03-13 12:39:49,260,completed,8,19,2,0,1,0,0,3,13,0
4202,UP80GQ7543,car,C8,2024-03-13 08:11:16,2024-03-13 14:48:16,397,completed,8,11,2,0,1,0,0,3,13,0
4203,UP80QA2535,bike,B4,2024-03-13 08:27:12,2024-03-13 12:16:12,229,completed,8,27,2,0,1,0,0,3,13,1
4204,UP80NC1771,car,C9,2024-03-13 08:22:15,2024-03-13 13:03:15,281,completed,8,22,2,0,1,0,0,3,13,0
4205,UP80RU2307,car,C10,2024-03-13 08:40:42,2024-03-13 14:26:42,346,completed,8,40,2,0,1,0,0,3,13,0
4206,UP80XW5889,car,C11,2024-03-13 08:40:40,2024-03-13 15:57:40,437,completed,8,40,2,0,1,0,0,3,13,0
4207,UP80FM8517,bike,B5,2024-03-13 08:30:53,2024-03-13 12:43:53,253,completed,8,30,2,0,1,0,0,3,13,1
4208,UP80TK7547,bike,B6,2024-03-13 09:44:11,2024-03-13 13:21:11,217,completed,9,44,2,0,1,0,0,3,13,1
4209,UP80FN1434,bike,B7,2024-03-13 09:23:52,2024-03-13 13:11:52,228,completed,9,23,2,0,1,0,0,3,13,1
4210,UP80RU2307,car,C12,2024-03-13 09:24:10,2024-03-13 17:05:10,461,completed,9,24,2,0,1,0,0,3,13,0
4211,UP80XW5889,car,C13,2024-03-13 09:55:40,2024-03-13 16:48:40,413,completed,9,55,2,0,1,0,0,3,13,0
4212,UP80FA6168,bike,B8,2024-03-13 09:06:17,2024-03-13 12:34:17,208,completed,9,6,2,0,1,0,0,3,13,1
4213,UP80AT5315,car,C14,2024-03-13 09:14:15,2024-03-13 15:02:15,348,completed,9,14,2,0,1,0,0,3,13,0
4214,UP80ZT4878,bike,B9,2024-03-13 09:56:28,2024-03-13 13:22:28,206,completed,9,56,2,0,1,0,0,3,13,1
4215,UP80QE5010,car,C15,2024-03-13 10:59:48,2024-03-13 12:40:48,101,completed,10,59,2,0,0,0,0,3,13,0
4216,UP80DD9830,car,C16,2024-03-13 10:35:37,2024-03-13 12:03:37,88,completed,10,35,2,0,0,0,0,3,13,0
4217,UP80SS2169,bike,B1,2024-03-13 11:31:59,2024-03-13 13:08:59,97,completed,11,31,2,0,0,0,0,3,13,1
4218,UP80DD9830,car,C1,2024-03-13 11:10:41,2024-03-13 13:37:41,147,completed,11,10,2,0,0,0,0,3,13,0
4219,UP80PS1750,bike,B3,2024-03-13 11:12:47,2024-03-13 12:19:47,67,completed,11,12,2,0,0,0,0,3,13,1
4220,UP80DK4598,car,C7,2024-03-13 12:42:18,2024-03-13 13:54:18,72,completed,12,42,2,0,0,1,0,3,13,0
4221,UP80CL8433,car,C15,2024-03-13 12:32:47,2024-03-13 14:06:47,94,completed,12,32,2,0,0,1,0,3,13,0
4222,UP80DJ5374,bike,B3,2024-03-13 12:25:46,2024-03-13 13:14:46,49,completed,12,25,2,0,0,1,0,3,13,1
4223,UP80RU2307,car,C16,2024-03-13 12:36:30,2024-03-13 13:11:30,35,completed,12,36,2,0,0,1,0,3,13,0
4224,UP80PS1750,bike,B1,2024-03-13 13:26:06,2024-03-13 13:54:06,28,completed,13,26,2,0,0,1,0,3,13,1
4225,UP80FM8517,bike,B2,2024-03-13 13:43:32,2024-03-13 14:42:32,59,completed,13,43,2,0,0,1,0,3,13,1
4226,UP80FD2679,bike,B3,2024-03-13 13:12:44,2024-03-13 13:46:44,34,completed,13,12,2,0,0,1,0,3,13,1
4227,UP80BH6925,bike,B4,2024-03-13 13:15:01,2024-03-13 13:45:01,30,completed,13,15,2,0,0,1,0,3,13,1
4228,UP80RA5506,car,C1,2024-03-13 14:30:44,2024-03-13 16:36:44,126,completed,14,30,2,0,0,0,0,3,13,0
4229,UP80GQ7543,car,C2,2024-03-13 14:06:17,2024-03-13 16:45:17,159,completed,14,6,2,0,0,0,0,3,13,0
4230,UP80SJ3547,car,C4,2024-03-13 14:57:45,2024-03-13 15:24:45,27,completed,14,57,2,0,0,0,0,3,13,0
4231,UP80BH6925,bike,B1,2024-03-13 14:24:46,2024-03-13 16:30:46,126,completed,14,24,2,0,0,0,0,3,13,1
4232,UP80BR1207,bike,B2,2024-03-13 15:18:25,2024-03-13 17:19:25,121,completed,15,18,2,0,0,0,0,3,13,1
4233,UP80LU5543,car,C3,2024-03-13 15:49:19,2024-03-13 17:20:19,91,completed,15,49,2,0,0,0,0,3,13,0
4234,UP80AT5315,car,C4,2024-03-13 15:17:53,2024-03-13 17:38:53,141,completed,15,17,2,0,0,0,0,3,13,0
4235,UP80DJ5374,bike,B3,2024-03-13 15:53:40,2024-03-13 16:53:40,60,completed,15,53,2,0,0,0,0,3,13,1
4236,UP80LL5557,car,C5,2024-03-13 15:58:52,2024-03-13 18:31:52,153,completed,15,58,2,0,0,0,0,3,13,0
4237,UP80VP1672,car,C6,2024-03-13 15:29:08,2024-03-13 18:03:08,154,completed,15,29,2,0,0,0,0,3,13,0
4238,UP80FM8517,bike,B1,2024-03-13 16:57:19,2024-03-13 17:46:19,49,completed,16,57,2,0,0,0,0,3,13,1
4239,UP80PT9928,car,C1,2024-03-13 16:52:36,2024-03-13 19:11:36,139,completed,16,52,2,0,0,0,0,3,13,0
4240,UP80CY4848,car,C2,2024-03-13 16:41:26,2024-03-13 18:40:26,119,completed,16,41,2,0,0,0,0,3,13,0
4241,UP80PT9928,car,C3,2024-03-13 17:45:18,2024-03-13 18:51:18,66,completed,17,45,2,0,0,0,1,3,13,0
4242,UP80UU6573,car,C4,2024-03-13 17:43:01,2024-03-13 18:50:01,67,completed,17,43,2,0,0,0,1,3,13,0
4243,UP80ZU9317,car,C7,2024-03-13 17:14:13,2024-03-13 18:54:13,100,completed,17,14,2,0,0,0,1,3,13,0
4244,UP80CL8433,car,C8,2024-03-13 17:24:06,2024-03-13 19:03:06,99,completed,17,24,2,0,0,0,1,3,13,0
4245,UP80RU2307,car,C9,2024-03-13 17:01:07,2024-03-13 18:09:07,68,completed,17,1,2,0,0,0,1,3,13,0
4246,UP80EC8062,car,C5,2024-03-13 18:37:02,2024-03-13 19:57:02,80,completed,18,37,2,0,0,0,1,3,13,0
4247,UP80GR6977,car,C6,2024-03-13 18:12:14,2024-03-13 19:56:14,104,completed,18,12,2,0,0,0,1,3,13,0
4248,UP80BH6925,bike,B1,2024-03-13 18:26:53,2024-03-13 20:35:53,129,completed,18,26,2,0,0,0,1,3,13,1
4249,UP80LL5557,car,C2,2024-03-13 18:43:17,2024-03-13 20:01:17,78,completed,18,43,2,0,0,0,1,3,13,0
4250,UP80PT9928,car,C1,2024-03-13 19:34:51,2024-03-13 21:58:51,144,completed,19,34,2,0,0,0,1,3,13,0
4251,UP80LX8305,car,C3,2024-03-13 19:46:03,2024-03-13 20:55:03,69,completed,19,46,2,0,0,0,1,3,13,0
4252,UP80BT2790,bike,B2,2024-03-13 19:04:16,2024-03-13 20:19:16,75,completed,19,4,2,0,0,0,1,3,13,1
4253,UP80DJ5374,bike,B3,2024-03-13 19:06:25,2024-03-13 19:46:25,40,completed,19,6,2,0,0,0,1,3,13,1
4254,UP80FD2679,bike,B4,2024-03-13 19:42:42,2024-03-13 20:38:42,56,completed,19,42,2,0,0,0,1,3,13,1
4255,UP80CC6635,car,C4,2024-03-13 19:03:54,2024-03-13 20:39:54,96,completed,19,3,2,0,0,0,1,3,13,0
4256,UP80UF9486,car,C2,2024-03-13 20:33:35,2024-03-13 22:26:35,113,completed,20,33,2,0,0,0,0,3,13,0
4257,UP80TK7547,bike,B1,2024-03-13 20:54:26,2024-03-13 23:30:26,156,completed,20,54,2,0,0,0,0,3,13,1
4258,UP80SL9548,car,C4,2024-03-13 20:47:04,2024-03-13 21:30:04,43,completed,20,47,2,0,0,0,0,3,13,0
4259,UP80VA3615,car,C1,2024-03-13 22:02:15,2024-03-14 01:07:15,185,completed,22,2,2,0,0,0,0,3,13,0
4260,UP80GW7932,bike,B1,2024-03-14 07:35:50,2024-03-14 11:06:50,211,completed,7,35,3,0,1,0,0,3,14,1
4261,UP80XW5889,car,C1,2024-03-14 07:58:40,2024-03-14 15:24:40,446,completed,7,58,3,0,1,0,0,3,14,0
4262,UP80GU2771,car,C2,2024-03-14 07:24:07,2024-03-14 13:07:07,343,completed,7,24,3,0,1,0,0,3,14,0
4263,UP80VA3615,car,C3,2024-03-14 08:10:15,2024-03-14 12:58:15,288,completed,8,10,3,0,1,0,0,3,14,0
4264,UP80DK4598,car,C4,2024-03-14 08:04:45,2024-03-14 15:44:45,460,completed,8,4,3,0,1,0,0,3,14,0
4265,UP80ZU9317,car,C5,2024-03-14 08:13:21,2024-03-14 12:52:21,279,completed,8,13,3,0,1,0,0,3,14,0
4266,UP80UU6573,car,C6,2024-03-14 08:11:24,2024-03-14 11:57:24,226,completed,8,11,3,0,1,0,0,3,14,0
4267,UP80CC6635,car,C7,2024-03-14 09:16:52,2024-03-14 15:53:52,397,completed,9,16,3,0,1,0,0,3,14,0
4268,UP80FM7669,car,C8,2024-03-14 09:41:31,2024-03-14 15:40:31,359,completed,9,41,3,0,1,0,0,3,14,0
4269,UP80DJ5374,bike,B2,2024-03-14 09:00:08,2024-03-14 11:11:08,131,completed,9,0,3,0,1,0,0,3,14,1
4270,UP80SC9797,car,C9,2024-03-14 09:59:45,2024-03-14 16:08:45,369,completed,9,59,3,0,1,0,0,3,14,0
4271,UP80NZ1188,bike,B3,2024-03-14 09:38:45,2024-03-14 11:28:45,110,completed,9,38,3,0,1,0,0,3,14,1
4272,UP80KQ8668,bike,B4,2024-03-14 10:27:24,2024-03-14 11:33:24,66,completed,10,27,3,0,0,0,0,3,14,1
4273,UP80QA2535,bike,B1,2024-03-14 11:36:38,2024-03-14 13:02:38,86,completed,11,36,3,0,0,0,0,3,14,1
4274,UP80QT9270,bike,B2,2024-03-14 11:40:44,2024-03-14 12:57:44,77,completed,11,40,3,0,0,0,0,3,14,1
4275,UP80KR4185,car,C10,2024-03-14 11:28:22,2024-03-14 13:37:22,129,completed,11,28,3,0,0,0,0,3,14,0
4276,UP80AQ2638,bike,B3,2024-03-14 11:32:18,2024-03-14 13:09:18,97,completed,11,32,3,0,0,0,0,3,14,1
4277,UP80FJ9849,bike,B4,2024-03-14 12:28:40,2024-03-14 13:21:40,53,completed,12,28,3,0,0,1,0,3,14,1
4278,UP80FA6168,bike,B5,2024-03-14 12:48:41,2024-03-14 13:45:41,57,completed,12,48,3,0,0,1,0,3,14,1
4279,UP80RA5506,car,C3,2024-03-14 13:01:16,2024-03-14 13:31:16,30,completed,13,1,3,0,0,1,0,3,14,0
4280,UP80CF4986,bike,B1,2024-03-14 13:05:18,2024-03-14 13:53:18,48,completed,13,5,3,0,0,1,0,3,14,1
4281,UP80PS1750,bike,B1,2024-03-14 13:58:17,2024-03-14 15:10:17,72,completed,13,58,3,0,0,1,0,3,14,1
4282,UP80MP2988,car,C2,2024-03-14 13:32:41,2024-03-14 14:33:41,61,completed,13,32,3,0,0,1,0,3,14,0
4283,UP80KQ8668,bike,B2,2024-03-14 14:55:11,2024-03-14 15:27:11,32,completed,14,55,3,0,0,0,0,3,14,1
4284,UP80DD9830,car,C2,2024-03-14 14:56:00,2024-03-14 17:20:00,144,completed,14,56,3,0,0,0,0,3,14,0
4285,UP80GR6977,car,C3,2024-03-14 14:26:34,2024-03-14 17:38:34,192,completed,14,26,3,0,0,0,0,3,14,0
4286,UP80FU2674,car,C5,2024-03-14 15:06:31,2024-03-14 17:00:31,114,completed,15,6,3,0,0,0,0,3,14,0
4287,UP80NZ7201,car,C1,2024-03-14 16:00:30,2024-03-14 17:40:30,100,completed,16,0,3,0,0,0,0,3,14,0
4288,UP80KY5033,car,C4,2024-03-14 16:22:55,2024-03-14 18:21:55,119,completed,16,22,3,0,0,0,0,3,14,0
4289,UP80FU2674,car,C6,2024-03-14 16:08:14,2024-03-14 18:29:14,141,completed,16,8,3,0,0,0,0,3,14,0
4290,UP80WD3621,bike,B1,2024-03-14 16:18:00,2024-03-14 18:01:00,103,completed,16,18,3,0,0,0,0,3,14,1
4291,UP80NZ7201,car,C2,2024-03-14 17:20:55,2024-03-14 18:24:55,64,completed,17,20,3,0,0,0,1,3,14,0
4292,UP80GR6977,car,C5,2024-03-14 17:38:19,2024-03-14 19:39:19,121,completed,17,38,3,0,0,0,1,3,14,0
4293,UP80MG7043,car,C7,2024-03-14 17:05:02,2024-03-14 18:30:02,85,completed,17,5,3,0,0,0,1,3,14,0
4294,UP80LL5557,car,C8,2024-03-14 17:07:14,2024-03-14 19:17:14,130,completed,17,7,3,0,0,0,1,3,14,0
4295,UP80QR3041,car,C1,2024-03-14 17:45:07,2024-03-14 18:47:07,62,completed,17,45,3,0,0,0,1,3,14,0
4296,UP80JZ3266,car,C1,2024-03-14 18:49:20,2024-03-14 19:30:20,41,completed,18,49,3,0,0,0,1,3,14,0
4297,UP80NZ1188,bike,B1,2024-03-14 18:59:09,2024-03-14 19:26:09,27,completed,18,59,3,0,0,0,1,3,14,1
4298,UP80KA8711,car,C2,2024-03-14 18:00:50,2024-03-14 18:52:50,52,completed,18,0,3,0,0,0,1,3,14,0
4299,UP80JL6023,car,C3,2024-03-14 18:07:40,2024-03-14 19:14:40,67,completed,18,7,3,0,0,0,1,3,14,0
4300,UP80GY7906,bike,B2,2024-03-14 19:02:38,2024-03-14 20:39:38,97,completed,19,2,3,0,0,0,1,3,14,1
4301,UP80SC9797,car,C2,2024-03-14 19:15:01,2024-03-14 20:56:01,101,completed,19,15,3,0,0,0,1,3,14,0
4302,UP80DJ5374,bike,B1,2024-03-14 19:57:19,2024-03-14 21:13:19,76,completed,19,57,3,0,0,0,1,3,14,1
4303,UP80CX4114,bike,B3,2024-03-14 19:58:55,2024-03-14 21:13:55,75,completed,19,58,3,0,0,0,1,3,14,1
4304,UP80GF5632,car,C1,2024-03-14 19:21:55,2024-03-14 21:03:55,102,completed,19,21,3,0,0,0,1,3,14,0
4305,UP80CF4986,bike,B4,2024-03-14 19:32:48,2024-03-14 20:44:48,72,completed,19,32,3,0,0,0,1,3,14,1
4306,UP80SJ3547,car,C3,2024-03-14 19:26:51,2024-03-14 21:29:51,123,completed,19,26,3,0,0,0,1,3,14,0
4307,UP80KQ8668,bike,B5,2024-03-14 19:35:02,2024-03-14 20:23:02,48,completed,19,35,3,0,0,0,1,3,14,1
4308,UP80SW1916,bike,B6,2024-03-14 20:14:01,2024-03-14 20:38:01,24,completed,20,14,3,0,0,0,0,3,14,1
4309,UP80FD2679,bike,B5,2024-03-14 20:31:58,2024-03-14 21:37:58,66,completed,20,31,3,0,0,0,0,3,14,1
4310,UP80JL6023,car,C4,2024-03-14 20:35:37,2024-03-14 22:09:37,94,completed,20,35,3,0,0,0,0,3,14,0
4311,UP80XW5889,car,C5,2024-03-14 20:09:06,2024-03-14 21:59:06,110,completed,20,9,3,0,0,0,0,3,14,0
4312,UP80RG8239,bike,B7,2024-03-14 20:16:59,2024-03-14 20:51:59,35,completed,20,16,3,0,0,0,0,3,14,1
4313,UP80CL8433,car,C6,2024-03-14 20:52:46,2024-03-15 00:05:46,193,completed,20,52,3,0,0,0,0,3,14,0
4314,UP80MG8956,car,C1,2024-03-14 23:35:20,2024-03-15 01:41:20,126,completed,23,35,3,0,0,0,0,3,14,0
4315,UP80SS2169,bike,B1,2024-03-14 23:50:23,2024-03-15 01:03:23,73,completed,23,50,3,0,0,0,0,3,14,1
4316,UP80FD2679,bike,B1,2024-03-15 00:24:14,2024-03-15 01:34:14,70,completed,0,24,4,0,0,0,0,3,15,1
4317,UP80GQ7543,car,C1,2024-03-15 03:58:53,2024-03-15 04:50:53,52,completed,3,58,4,0,0,0,0,3,15,0
4318,UP80JZ3266,car,C1,2024-03-15 06:44:39,2024-03-15 09:38:39,174,completed,6,44,4,0,0,0,0,3,15,0
4319,UP80CC6635,car,C2,2024-03-15 06:10:06,2024-03-15 07:09:06,59,completed,6,10,4,0,0,0,0,3,15,0
4320,UP80NC1771,car,C3,2024-03-15 07:01:19,2024-03-15 11:54:19,293,completed,7,1,4,0,1,0,0,3,15,0
4321,UP80DM4502,car,C2,2024-03-15 07:34:59,2024-03-15 13:05:59,331,completed,7,34,4,0,1,0,0,3,15,0
4322,UP80ZU9317,car,C4,2024-03-15 07:11:57,2024-03-15 13:45:57,394,completed,7,11,4,0,1,0,0,3,15,0
4323,UP80DU9837,bike,B1,2024-03-15 07:13:30,2024-03-15 08:53:30,100,completed,7,13,4,0,1,0,0,3,15,1
4324,UP80GX3546,car,C5,2024-03-15 08:52:22,2024-03-15 16:38:22,466,completed,8,52,4,0,1,0,0,3,15,0
4325,UP80CC6635,car,C6,2024-03-15 08:07:53,2024-03-15 13:16:53,309,completed,8,7,4,0,1,0,0,3,15,0
4326,UP80QV8527,car,C7,2024-03-15 08:49:52,2024-03-15 14:48:52,359,completed,8,49,4,0,1,0,0,3,15,0
4327,UP80AT5315,car,C8,2024-03-15 08:09:02,2024-03-15 15:23:02,434,completed,8,9,4,0,1,0,0,3,15,0
4328,UP80XW5889,car,C9,2024-03-15 08:41:15,2024-03-15 15:04:15,383,completed,8,41,4,0,1,0,0,3,15,0
4329,UP80PT9928,car,C10,2024-03-15 08:14:31,2024-03-15 14:10:31,356,completed,8,14,4,0,1,0,0,3,15,0
4330,UP80AT5315,car,C11,2024-03-15 08:41:01,2024-03-15 14:38:01,357,completed,8,41,4,0,1,0,0,3,15,0
4331,UP80KB6155,car,C12,2024-03-15 08:41:21,2024-03-15 15:50:21,429,completed,8,41,4,0,1,0,0,3,15,0
4332,UP80XA6442,car,C13,2024-03-15 08:24:45,2024-03-15 15:55:45,451,completed,8,24,4,0,1,0,0,3,15,0
4333,UP80FA6168,bike,B2,2024-03-15 08:44:31,2024-03-15 11:54:31,190,completed,8,44,4,0,1,0,0,3,15,1
4334,UP80XW5889,car,C14,2024-03-15 08:00:46,2024-03-15 15:04:46,424,completed,8,0,4,0,1,0,0,3,15,0
4335,UP80RA5506,car,C1,2024-03-15 09:51:57,2024-03-15 15:27:57,336,completed,9,51,4,0,1,0,0,3,15,0
4336,UP80LY8973,car,C15,2024-03-15 09:46:51,2024-03-15 17:27:51,461,completed,9,46,4,0,1,0,0,3,15,0
4337,UP80KB6155,car,C16,2024-03-15 09:47:14,2024-03-15 15:07:14,320,completed,9,47,4,0,1,0,0,3,15,0
4338,UP80FN1434,bike,B1,2024-03-15 09:58:50,2024-03-15 13:03:50,185,completed,9,58,4,0,1,0,0,3,15,1
4339,UP80HF2419,bike,B3,2024-03-15 09:00:50,2024-03-15 12:31:50,211,completed,9,0,4,0,1,0,0,3,15,1
4340,UP80JB6409,bike,B4,2024-03-15 10:27:26,2024-03-15 12:22:26,115,completed,10,27,4,0,0,0,0,3,15,1
4341,UP80WD3621,bike,B5,2024-03-15 10:03:22,2024-03-15 10:52:22,49,completed,10,3,4,0,0,0,0,3,15,1
4342,UP80FN1434,bike,B6,2024-03-15 10:30:35,2024-03-15 11:11:35,41,completed,10,30,4,0,0,0,0,3,15,1
4343,UP80WD3621,bike,B5,2024-03-15 11:01:24,2024-03-15 12:04:24,63,completed,11,1,4,0,0,0,0,3,15,1
4344,UP80NZ1188,bike,B6,2024-03-15 11:04:55,2024-03-15 12:06:55,62,completed,11,4,4,0,0,0,0,3,15,1
4345,UP80FA6168,bike,B7,2024-03-15 11:46:18,2024-03-15 12:13:18,27,completed,11,46,4,0,0,0,0,3,15,1
4346,UP80FU2674,car,C3,2024-03-15 12:05:05,2024-03-15 13:27:05,82,completed,12,5,4,0,0,1,0,3,15,0
4347,UP80KQ8668,bike,B2,2024-03-15 12:16:27,2024-03-15 13:09:27,53,completed,12,16,4,0,0,1,0,3,15,1
4348,UP80EB1043,car,C2,2024-03-15 13:13:08,2024-03-15 13:57:08,44,completed,13,13,4,0,0,1,0,3,15,0
4349,UP80VL2040,car,C3,2024-03-15 13:34:45,2024-03-15 14:26:45,52,completed,13,34,4,0,0,1,0,3,15,0
4350,UP80CL8433,car,C6,2024-03-15 13:43:31,2024-03-15 14:31:31,48,completed,13,43,4,0,0,1,0,3,15,0
4351,UP80LL5557,car,C2,2024-03-15 14:58:33,2024-03-15 17:24:33,146,completed,14,58,4,0,0,0,0,3,15,0
4352,UP80SH5844,car,C3,2024-03-15 14:55:01,2024-03-15 17:13:01,138,completed,14,55,4,0,0,0,0,3,15,0
4353,UP80DJ5374,bike,B1,2024-03-15 15:10:44,2024-03-15 16:35:44,85,completed,15,10,4,0,0,0,0,3,15,1
4354,UP80FA6168,bike,B2,2024-03-15 15:50:56,2024-03-15 17:29:56,99,completed,15,50,4,0,0,0,0,3,15,1
4355,UP80QV8527,car,C1,2024-03-15 16:04:51,2024-03-15 18:38:51,154,completed,16,4,4,0,0,0,0,3,15,0
4356,UP80CY3442,car,C4,2024-03-15 16:22:14,2024-03-15 18:20:14,118,completed,16,22,4,0,0,0,0,3,15,0
4357,UP80FM8517,bike,B3,2024-03-15 16:31:53,2024-03-15 17:29:53,58,completed,16,31,4,0,0,0,0,3,15,1
4358,UP80XV1653,car,C5,2024-03-15 16:39:30,2024-03-15 19:40:30,181,completed,16,39,4,0,0,0,0,3,15,0
4359,UP80AT5315,car,C2,2024-03-15 17:33:28,2024-03-15 18:46:28,73,completed,17,33,4,0,0,0,1,3,15,0
4360,UP80FA6168,bike,B1,2024-03-15 17:52:51,2024-03-15 19:13:51,81,completed,17,52,4,0,0,0,1,3,15,1
4361,UP80DD9830,car,C3,2024-03-15 17:53:07,2024-03-15 19:04:07,71,completed,17,53,4,0,0,0,1,3,15,0
4362,UP80CL8433,car,C6,2024-03-15 17:26:37,2024-03-15 18:37:37,71,completed,17,26,4,0,0,0,1,3,15,0
4363,UP80DK4598,car,C7,2024-03-15 17:26:20,2024-03-15 19:06:20,100,completed,17,26,4,0,0,0,1,3,15,0
4364,UP80SL4824,bike,B2,2024-03-15 17:43:03,2024-03-15 18:47:03,64,completed,17,43,4,0,0,0,1,3,15,1
4365,UP80DD9830,car,C8,2024-03-15 17:08:48,2024-03-15 18:33:48,85,completed,17,8,4,0,0,0,1,3,15,0
4366,UP80FD2679,bike,B3,2024-03-15 17:14:47,2024-03-15 18:13:47,59,completed,17,14,4,0,0,0,1,3,15,1
4367,UP80BH6925,bike,B4,2024-03-15 17:39:28,2024-03-15 18:51:28,72,completed,17,39,4,0,0,0,1,3,15,1
4368,UP80CL8433,car,C1,2024-03-15 18:55:08,2024-03-15 21:26:08,151,completed,18,55,4,0,0,0,1,3,15,0
4369,UP80FA6168,bike,B2,2024-03-15 18:07:19,2024-03-15 19:35:19,88,completed,18,7,4,0,0,0,1,3,15,1
4370,UP80VL2040,car,C2,2024-03-15 18:50:12,2024-03-15 20:08:12,78,completed,18,50,4,0,0,0,1,3,15,0
4371,UP80HJ5952,bike,B3,2024-03-15 18:29:35,2024-03-15 20:19:35,110,completed,18,29,4,0,0,0,1,3,15,1
4372,UP80SW1916,bike,B4,2024-03-15 18:46:44,2024-03-15 19:45:44,59,completed,18,46,4,0,0,0,1,3,15,1
4373,UP80SJ3547,car,C4,2024-03-15 18:31:46,2024-03-15 19:19:46,48,completed,18,31,4,0,0,0,1,3,15,0
4374,UP80NC1771,car,C6,2024-03-15 18:18:44,2024-03-15 20:30:44,132,completed,18,18,4,0,0,0,1,3,15,0
4375,UP80XW5889,car,C8,2024-03-15 18:01:13,2024-03-15 19:17:13,76,completed,18,1,4,0,0,0,1,3,15,0
4376,UP80FU2674,car,C3,2024-03-15 19:28:35,2024-03-15 20:55:35,87,completed,19,28,4,0,0,0,1,3,15,0
4377,UP80FU2674,car,C4,2024-03-15 19:49:15,2024-03-15 20:55:15,66,completed,19,49,4,0,0,0,1,3,15,0
4378,UP80FN1434,bike,B1,2024-03-15 19:44:45,2024-03-15 20:05:45,21,completed,19,44,4,0,0,0,1,3,15,1
4379,UP80FM8517,bike,B2,2024-03-15 19:45:59,2024-03-15 21:02:59,77,completed,19,45,4,0,0,0,1,3,15,1
4380,UP80PS1750,bike,B4,2024-03-15 19:25:12,2024-03-15 20:12:12,47,completed,19,25,4,0,0,0,1,3,15,1
4381,UP80FH7211,car,C5,2024-03-15 19:42:08,2024-03-15 21:09:08,87,completed,19,42,4,0,0,0,1,3,15,0
4382,UP80YN1931,bike,B5,2024-03-15 20:04:08,2024-03-15 21:20:08,76,completed,20,4,4,0,0,0,0,3,15,1
4383,UP80LN2982,bike,B6,2024-03-15 20:01:52,2024-03-15 21:46:52,105,completed,20,1,4,0,0,0,0,3,15,1
4384,UP80GR6977,car,C2,2024-03-15 20:33:18,2024-03-15 21:52:18,79,completed,20,33,4,0,0,0,0,3,15,0
4385,UP80YU4241,bike,B1,2024-03-15 20:08:24,2024-03-15 21:53:24,105,completed,20,8,4,0,0,0,0,3,15,1
4386,UP80JZ3266,car,C3,2024-03-15 21:13:48,2024-03-15 23:01:48,108,completed,21,13,4,0,0,0,0,3,15,0
4387,UP80FN1434,bike,B1,2024-03-16 00:02:18,2024-03-16 01:08:18,66,completed,0,2,5,1,0,0,0,3,16,1
4388,UP80KQ8668,bike,B1,2024-03-16 07:22:25,2024-03-16 10:49:25,207,completed,7,22,5,1,1,0,0,3,16,1
4389,UP80BF5345,bike,B2,2024-03-16 07:43:13,2024-03-16 09:47:13,124,completed,7,43,5,1,1,0,0,3,16,1
4390,UP80NC1771,car,C1,2024-03-16 08:41:13,2024-03-16 13:28:13,287,completed,8,41,5,1,1,0,0,3,16,0
4391,UP80XW5889,car,C2,2024-03-16 08:32:03,2024-03-16 13:26:03,294,completed,8,32,5,1,1,0,0,3,16,0
4392,UP80JZ3266,car,C3,2024-03-16 08:59:20,2024-03-16 13:10:20,251,completed,8,59,5,1,1,0,0,3,16,0
4393,UP80WW7227,car,C4,2024-03-16 09:53:52,2024-03-16 17:53:52,480,completed,9,53,5,1,1,0,0,3,16,0
4394,UP80LL5557,car,C5,2024-03-16 09:09:56,2024-03-16 14:49:56,340,completed,9,9,5,1,1,0,0,3,16,0
4395,UP80BH6925,bike,B2,2024-03-16 10:38:33,2024-03-16 11:24:33,46,completed,10,38,5,1,0,0,0,3,16,1
4396,UP80LV9702,bike,B3,2024-03-16 10:23:33,2024-03-16 11:46:33,83,completed,10,23,5,1,0,0,0,3,16,1
4397,UP80CL8433,car,C6,2024-03-16 11:33:27,2024-03-16 12:17:27,44,completed,11,33,5,1,0,0,0,3,16,0
4398,UP80FH7211,car,C7,2024-03-16 11:22:37,2024-03-16 12:30:37,68,completed,11,22,5,1,0,0,0,3,16,0
4399,UP80WD3621,bike,B1,2024-03-16 12:12:10,2024-03-16 13:16:10,64,completed,12,12,5,1,0,1,0,3,16,1
4400,UP80NZ7201,car,C6,2024-03-16 12:21:34,2024-03-16 12:50:34,29,completed,12,21,5,1,0,1,0,3,16,0
4401,UP80SW1916,bike,B1,2024-03-16 13:41:34,2024-03-16 14:04:34,23,completed,13,41,5,1,0,1,0,3,16,1
4402,UP80RU2307,car,C1,2024-03-16 13:23:15,2024-03-16 14:39:15,76,completed,13,23,5,1,0,1,0,3,16,0
4403,UP80KQ8668,bike,B1,2024-03-16 14:37:41,2024-03-16 15:48:41,71,completed,14,37,5,1,0,0,0,3,16,1
4404,UP80WD3621,bike,B2,2024-03-16 14:09:06,2024-03-16 15:22:06,73,completed,14,9,5,1,0,0,0,3,16,1
4405,UP80SC9797,car,C1,2024-03-16 15:02:04,2024-03-16 17:18:04,136,completed,15,2,5,1,0,0,0,3,16,0
4406,UP80DU9837,bike,B2,2024-03-16 15:31:38,2024-03-16 15:53:38,22,completed,15,31,5,1,0,0,0,3,16,1
4407,UP80KQ8668,bike,B1,2024-03-16 16:49:12,2024-03-16 17:58:12,69,completed,16,49,5,1,0,0,0,3,16,1
4408,UP80QT9270,bike,B2,2024-03-16 16:11:30,2024-03-16 17:32:30,81,completed,16,11,5,1,0,0,0,3,16,1
4409,UP80QE5010,car,C2,2024-03-16 16:51:41,2024-03-16 19:25:41,154,completed,16,51,5,1,0,0,0,3,16,0
4410,UP80NZ1188,bike,B3,2024-03-16 16:03:10,2024-03-16 17:15:10,72,completed,16,3,5,1,0,0,0,3,16,1
4411,UP80RU2307,car,C1,2024-03-16 17:19:27,2024-03-16 19:30:27,131,completed,17,19,5,1,0,0,1,3,16,0
4412,UP80CL8433,car,C3,2024-03-16 17:58:00,2024-03-16 19:35:00,97,completed,17,58,5,1,0,0,1,3,16,0
4413,UP80YY1009,car,C4,2024-03-16 17:08:56,2024-03-16 17:53:56,45,completed,17,8,5,1,0,0,1,3,16,0
4414,UP80MY5892,car,C4,2024-03-16 17:55:45,2024-03-16 18:46:45,51,completed,17,55,5,1,0,0,1,3,16,0
4415,UP80EB1043,car,C5,2024-03-16 17:30:29,2024-03-16 19:32:29,122,completed,17,30,5,1,0,0,1,3,16,0
4416,UP80WD3621,bike,B2,2024-03-16 17:08:20,2024-03-16 18:52:20,104,completed,17,8,5,1,0,0,1,3,16,1
4417,UP80ZU9317,car,C4,2024-03-16 18:58:24,2024-03-16 20:26:24,88,completed,18,58,5,1,0,0,1,3,16,0
4418,UP80CB9056,car,C6,2024-03-16 18:04:03,2024-03-16 19:50:03,106,completed,18,4,5,1,0,0,1,3,16,0
4419,UP80DJ5374,bike,B1,2024-03-16 18:09:12,2024-03-16 18:33:12,24,completed,18,9,5,1,0,0,1,3,16,1
4420,UP80JZ3266,car,C7,2024-03-16 18:22:47,2024-03-16 20:05:47,103,completed,18,22,5,1,0,0,1,3,16,0
4421,UP80GQ7543,car,C8,2024-03-16 18:06:48,2024-03-16 20:08:48,122,completed,18,6,5,1,0,0,1,3,16,0
4422,UP80XW5889,car,C9,2024-03-16 18:30:06,2024-03-16 19:32:06,62,completed,18,30,5,1,0,0,1,3,16,0
4423,UP80NC1771,car,C10,2024-03-16 18:49:25,2024-03-16 20:07:25,78,completed,18,49,5,1,0,0,1,3,16,0
4424,UP80RU2307,car,C1,2024-03-16 19:43:24,2024-03-16 20:56:24,73,completed,19,43,5,1,0,0,1,3,16,0
4425,UP80XW5889,car,C2,2024-03-16 19:49:17,2024-03-16 21:21:17,92,completed,19,49,5,1,0,0,1,3,16,0
4426,UP80HT4033,car,C3,2024-03-16 19:53:18,2024-03-16 20:55:18,62,completed,19,53,5,1,0,0,1,3,16,0
4427,UP80NC1771,car,C4,2024-03-16 20:45:23,2024-03-16 21:22:23,37,completed,20,45,5,1,0,0,0,3,16,0
4428,UP80WW7227,car,C5,2024-03-16 20:53:05,2024-03-16 21:32:05,39,completed,20,53,5,1,0,0,0,3,16,0
4429,UP80FD2679,bike,B1,2024-03-16 20:39:45,2024-03-16 21:38:45,59,completed,20,39,5,1,0,0,0,3,16,1
4430,UP80GT1027,car,C6,2024-03-16 20:26:03,2024-03-16 22:36:03,130,completed,20,26,5,1,0,0,0,3,16,0
4431,UP80DK4598,car,C7,2024-03-16 20:40:37,2024-03-16 22:49:37,129,completed,20,40,5,1,0,0,0,3,16,0
4432,UP80YN1931,bike,B2,2024-03-16 20:25:45,2024-03-16 21:37:45,72,completed,20,25,5,1,0,0,0,3,16,1
4433,UP80FM8517,bike,B3,2024-03-16 20:01:32,2024-03-16 20:44:32,43,completed,20,1,5,1,0,0,0,3,16,1
4434,UP80DK4598,car,C1,2024-03-16 22:16:54,2024-03-17 00:48:54,152,completed,22,16,5,1,0,0,0,3,16,0
4435,UP80QZ9666,bike,B1,2024-03-16 22:55:35,2024-03-17 00:05:35,70,completed,22,55,5,1,0,0,0,3,16,1
4436,UP80FM8517,bike,B1,2024-03-17 00:42:09,2024-03-17 02:14:09,92,completed,0,42,6,1,0,0,0,3,17,1
4437,UP80KB6155,car,C1,2024-03-17 09:05:19,2024-03-17 14:54:19,349,completed,9,5,6,1,1,0,0,3,17,0
4438,UP80BH6925,bike,B1,2024-03-17 09:35:49,2024-03-17 12:49:49,194,completed,9,35,6,1,1,0,0,3,17,1
4439,UP80NZ7201,car,C2,2024-03-17 09:31:56,2024-03-17 15:07:56,336,completed,9,31,6,1,1,0,0,3,17,0
4440,UP80DD9830,car,C3,2024-03-17 10:12:15,2024-03-17 10:51:15,39,completed,10,12,6,1,0,0,0,3,17,0
4441,UP80NZ7201,car,C3,2024-03-17 10:58:13,2024-03-17 12:29:13,91,completed,10,58,6,1,0,0,0,3,17,0
4442,UP80NZ1188,bike,B2,2024-03-17 10:46:02,2024-03-17 11:52:02,66,completed,10,46,6,1,0,0,0,3,17,1
4443,UP80JZ3266,car,C4,2024-03-17 10:37:15,2024-03-17 11:34:15,57,completed,10,37,6,1,0,0,0,3,17,0
4444,UP80TK7118,car,C4,2024-03-17 12:19:54,2024-03-17 13:01:54,42,completed,12,19,6,1,0,1,0,3,17,0
4445,UP80GR6977,car,C3,2024-03-17 12:41:14,2024-03-17 14:10:14,89,completed,12,41,6,1,0,1,0,3,17,0
4446,UP80QA2535,bike,B2,2024-03-17 12:48:11,2024-03-17 13:37:11,49,completed,12,48,6,1,0,1,0,3,17,1
4447,UP80CA5658,bike,B3,2024-03-17 12:14:03,2024-03-17 12:55:03,41,completed,12,14,6,1,0,1,0,3,17,1
4448,UP80CC6635,car,C4,2024-03-17 13:15:49,2024-03-17 14:29:49,74,completed,13,15,6,1,0,1,0,3,17,0
4449,UP80PT9928,car,C5,2024-03-17 13:41:01,2024-03-17 14:44:01,63,completed,13,41,6,1,0,1,0,3,17,0
4450,UP80CL8433,car,C3,2024-03-17 14:33:04,2024-03-17 16:25:04,112,completed,14,33,6,1,0,0,0,3,17,0
4451,UP80WW7227,car,C4,2024-03-17 14:29:57,2024-03-17 16:44:57,135,completed,14,29,6,1,0,0,0,3,17,0
4452,UP80PT9928,car,C1,2024-03-17 15:58:45,2024-03-17 16:28:45,30,completed,15,58,6,1,0,0,0,3,17,0
4453,UP80BH6925,bike,B1,2024-03-17 15:22:43,2024-03-17 16:01:43,39,completed,15,22,6,1,0,0,0,3,17,1
4454,UP80NZ7201,car,C2,2024-03-17 15:39:27,2024-03-17 16:36:27,57,completed,15,39,6,1,0,0,0,3,17,0
4455,UP80SJ3547,car,C5,2024-03-17 15:39:32,2024-03-17 17:41:32,122,completed,15,39,6,1,0,0,0,3,17,0
4456,UP80ZU9317,car,C6,2024-03-17 16:19:08,2024-03-17 18:17:08,118,completed,16,19,6,1,0,0,0,3,17,0
4457,UP80PF8800,bike,B1,2024-03-17 16:26:46,2024-03-17 18:04:46,98,completed,16,26,6,1,0,0,0,3,17,1
4458,UP80LL5557,car,C1,2024-03-17 16:31:27,2024-03-17 18:29:27,118,completed,16,31,6,1,0,0,0,3,17,0
4459,UP80KZ5345,car,C2,2024-03-17 17:30:25,2024-03-17 18:45:25,75,completed,17,30,6,1,0,0,1,3,17,0
4460,UP80SC9797,car,C3,2024-03-17 17:26:59,2024-03-17 18:19:59,53,completed,17,26,6,1,0,0,1,3,17,0
4461,UP80PT9928,car,C4,2024-03-17 17:42:42,2024-03-17 19:08:42,86,completed,17,42,6,1,0,0,1,3,17,0
4462,UP80FM8517,bike,B1,2024-03-17 18:40:10,2024-03-17 19:18:10,38,completed,18,40,6,1,0,0,1,3,17,1
4463,UP80GQ7543,car,C1,2024-03-17 18:10:11,2024-03-17 18:43:11,33,completed,18,10,6,1,0,0,1,3,17,0
4464,UP80JZ3266,car,C3,2024-03-17 18:36:44,2024-03-17 20:20:44,104,completed,18,36,6,1,0,0,1,3,17,0
4465,UP80TH9379,car,C1,2024-03-17 19:05:25,2024-03-17 20:48:25,103,completed,19,5,6,1,0,0,1,3,17,0
4466,UP80ZG9817,car,C2,2024-03-17 19:43:57,2024-03-17 21:09:57,86,completed,19,43,6,1,0,0,1,3,17,0
4467,UP80QE5010,car,C4,2024-03-17 20:18:37,2024-03-17 21:43:37,85,completed,20,18,6,1,0,0,0,3,17,0
4468,UP80FU2674,car,C3,2024-03-17 20:39:30,2024-03-17 22:17:30,98,completed,20,39,6,1,0,0,0,3,17,0
4469,UP80DJ5374,bike,B1,2024-03-17 20:38:53,2024-03-17 22:48:53,130,completed,20,38,6,1,0,0,0,3,17,1
4470,UP80QE5010,car,C5,2024-03-17 20:23:47,2024-03-17 21:56:47,93,completed,20,23,6,1,0,0,0,3,17,0
4471,UP80KA8711,car,C6,2024-03-17 20:04:58,2024-03-17 22:43:58,159,completed,20,4,6,1,0,0,0,3,17,0
4472,UP80UU6573,car,C1,2024-03-17 22:49:24,2024-03-18 01:09:24,140,completed,22,49,6,1,0,0,0,3,17,0
4473,UP80DH1958,bike,B1,2024-03-17 23:36:04,2024-03-17 23:55:04,19,completed,23,36,6,1,0,0,0,3,17,1
4474,UP80MG8956,car,C1,2024-03-18 05:01:44,2024-03-18 06:08:44,67,completed,5,1,0,0,0,0,0,3,18,0
4475,UP80GR6977,car,C1,2024-03-18 06:56:50,2024-03-18 08:23:50,87,completed,6,56,0,0,0,0,0,3,18,0
4476,UP80ET5530,car,C2,2024-03-18 06:38:23,2024-03-18 10:08:23,210,completed,6,38,0,0,0,0,0,3,18,0
4477,UP80QA2535,bike,B1,2024-03-18 07:49:58,2024-03-18 11:35:58,226,completed,7,49,0,0,1,0,0,3,18,1
4478,UP80SS2169,bike,B2,2024-03-18 07:31:50,2024-03-18 10:17:50,166,completed,7,31,0,0,1,0,0,3,18,1
4479,UP80DK4598,car,C3,2024-03-18 07:16:23,2024-03-18 13:08:23,352,completed,7,16,0,0,1,0,0,3,18,0
4480,UP80FB1659,car,C4,2024-03-18 07:41:27,2024-03-18 12:52:27,311,completed,7,41,0,0,1,0,0,3,18,0
4481,UP80KQ8668,bike,B3,2024-03-18 07:42:52,2024-03-18 12:13:52,271,completed,7,42,0,0,1,0,0,3,18,1
4482,UP80DJ5374,bike,B4,2024-03-18 08:17:32,2024-03-18 13:51:32,334,completed,8,17,0,0,1,0,0,3,18,1
4483,UP80PJ6419,bike,B5,2024-03-18 08:35:47,2024-03-18 13:27:47,292,completed,8,35,0,0,1,0,0,3,18,1
4484,UP80DD9830,car,C1,2024-03-18 08:35:27,2024-03-18 14:14:27,339,completed,8,35,0,0,1,0,0,3,18,0
4485,UP80FM8517,bike,B6,2024-03-18 08:53:31,2024-03-18 13:27:31,274,completed,8,53,0,0,1,0,0,3,18,1
4486,UP80NC1771,car,C5,2024-03-18 08:15:09,2024-03-18 13:11:09,296,completed,8,15,0,0,1,0,0,3,18,0
4487,UP80RA5506,car,C6,2024-03-18 08:30:23,2024-03-18 16:24:23,474,completed,8,30,0,0,1,0,0,3,18,0
4488,UP80DD9830,car,C7,2024-03-18 08:18:15,2024-03-18 13:18:15,300,completed,8,18,0,0,1,0,0,3,18,0
4489,UP80BH6925,bike,B7,2024-03-18 08:49:51,2024-03-18 12:01:51,192,completed,8,49,0,0,1,0,0,3,18,1
4490,UP80CF7818,bike,B8,2024-03-18 08:19:15,2024-03-18 11:06:15,167,completed,8,19,0,0,1,0,0,3,18,1
4491,UP80SC9797,car,C8,2024-03-18 08:27:38,2024-03-18 14:39:38,372,completed,8,27,0,0,1,0,0,3,18,0
4492,UP80QA2535,bike,B9,2024-03-18 08:46:50,2024-03-18 12:48:50,242,completed,8,46,0,0,1,0,0,3,18,1
4493,UP80QV8527,car,C9,2024-03-18 09:23:46,2024-03-18 14:23:46,300,completed,9,23,0,0,1,0,0,3,18,0
4494,UP80FB1344,car,C10,2024-03-18 09:10:46,2024-03-18 14:57:46,347,completed,9,10,0,0,1,0,0,3,18,0
4495,UP80ZU9317,car,C11,2024-03-18 09:29:12,2024-03-18 15:33:12,364,completed,9,29,0,0,1,0,0,3,18,0
4496,UP80VL2040,car,C12,2024-03-18 09:44:29,2024-03-18 14:26:29,282,completed,9,44,0,0,1,0,0,3,18,0
4497,UP80BR1207,bike,B10,2024-03-18 09:58:09,2024-03-18 13:24:09,206,completed,9,58,0,0,1,0,0,3,18,1
4498,UP80RA5506,car,C2,2024-03-18 10:59:22,2024-03-18 13:51:22,172,completed,10,59,0,0,0,0,0,3,18,0
4499,UP80FX6413,bike,B2,2024-03-18 10:15:35,2024-03-18 11:10:35,55,completed,10,15,0,0,0,0,0,3,18,1
4500,UP80SJ3547,car,C13,2024-03-18 10:22:07,2024-03-18 12:39:07,137,completed,10,22,0,0,0,0,0,3,18,0
4501,UP80SS2169,bike,B1,2024-03-18 12:44:44,2024-03-18 13:32:44,48,completed,12,44,0,0,0,1,0,3,18,1
4502,UP80BH6925,bike,B2,2024-03-18 12:11:35,2024-03-18 12:55:35,44,completed,12,11,0,0,0,1,0,3,18,1
4503,UP80DH1958,bike,B3,2024-03-18 12:21:14,2024-03-18 13:22:14,61,completed,12,21,0,0,0,1,0,3,18,1
4504,UP80PS1750,bike,B7,2024-03-18 12:49:43,2024-03-18 13:23:43,34,completed,12,49,0,0,0,1,0,3,18,1
4505,UP80GL8613,car,C13,2024-03-18 12:52:14,2024-03-18 14:13:14,81,completed,12,52,0,0,0,1,0,3,18,0
4506,UP80DV5978,car,C14,2024-03-18 12:12:05,2024-03-18 12:45:05,33,completed,12,12,0,0,0,1,0,3,18,0
4507,UP80RU2307,car,C4,2024-03-18 12:57:06,2024-03-18 13:42:06,45,completed,12,57,0,0,0,1,0,3,18,0
4508,UP80SW1916,bike,B2,2024-03-18 12:17:55,2024-03-18 12:45:55,28,completed,12,17,0,0,0,1,0,3,18,1
4509,UP80WW7227,car,C3,2024-03-18 13:11:56,2024-03-18 14:23:56,72,completed,13,11,0,0,0,1,0,3,18,0
4510,UP80JL6023,car,C4,2024-03-18 13:43:24,2024-03-18 15:00:24,77,completed,13,43,0,0,0,1,0,3,18,0
4511,UP80NZ1188,bike,B1,2024-03-18 13:22:07,2024-03-18 14:00:07,38,completed,13,22,0,0,0,1,0,3,18,1
4512,UP80TH6067,bike,B1,2024-03-18 14:12:35,2024-03-18 15:40:35,88,completed,14,12,0,0,0,0,0,3,18,1
4513,UP80PT9928,car,C1,2024-03-18 15:22:18,2024-03-18 17:17:18,115,completed,15,22,0,0,0,0,0,3,18,0
4514,UP80PT9928,car,C2,2024-03-18 15:02:51,2024-03-18 18:09:51,187,completed,15,2,0,0,0,0,0,3,18,0
4515,UP80PT9928,car,C3,2024-03-18 16:37:14,2024-03-18 17:11:14,34,completed,16,37,0,0,0,0,0,3,18,0
4516,UP80HA5279,bike,B1,2024-03-18 16:19:22,2024-03-18 17:41:22,82,completed,16,19,0,0,0,0,0,3,18,1
4517,UP80NC1771,car,C4,2024-03-18 16:48:43,2024-03-18 18:19:43,91,completed,16,48,0,0,0,0,0,3,18,0
4518,UP80SC9797,car,C5,2024-03-18 16:26:08,2024-03-18 16:59:08,33,completed,16,26,0,0,0,0,0,3,18,0
4519,UP80NZ7201,car,C1,2024-03-18 17:54:06,2024-03-18 19:24:06,90,completed,17,54,0,0,0,0,1,3,18,0
4520,UP80PT9928,car,C3,2024-03-18 17:06:53,2024-03-18 18:58:53,112,completed,17,6,0,0,0,0,1,3,18,0
4521,UP80ML4501,bike,B1,2024-03-18 17:42:20,2024-03-18 19:35:20,113,completed,17,42,0,0,0,0,1,3,18,1
4522,UP80KS8699,car,C5,2024-03-18 17:48:55,2024-03-18 19:07:55,79,completed,17,48,0,0,0,0,1,3,18,0
4523,UP80HG6147,car,C6,2024-03-18 17:27:16,2024-03-18 18:57:16,90,completed,17,27,0,0,0,0,1,3,18,0
4524,UP80JZ3266,car,C7,2024-03-18 17:16:33,2024-03-18 18:38:33,82,completed,17,16,0,0,0,0,1,3,18,0
4525,UP80XW5889,car,C2,2024-03-18 18:25:10,2024-03-18 20:23:10,118,completed,18,25,0,0,0,0,1,3,18,0
4526,UP80GQ7543,car,C4,2024-03-18 18:14:05,2024-03-18 19:31:05,77,completed,18,14,0,0,0,0,1,3,18,0
4527,UP80BJ3143,bike,B2,2024-03-18 18:15:01,2024-03-18 19:59:01,104,completed,18,15,0,0,0,0,1,3,18,1
4528,UP80AS1964,car,C8,2024-03-18 18:04:27,2024-03-18 19:15:27,71,completed,18,4,0,0,0,0,1,3,18,0
4529,UP80DK4598,car,C3,2024-03-18 19:19:21,2024-03-18 20:38:21,79,completed,19,19,0,0,0,0,1,3,18,0
4530,UP80KZ5345,car,C1,2024-03-18 19:34:09,2024-03-18 20:09:09,35,completed,19,34,0,0,0,0,1,3,18,0
4531,UP80MP2988,car,C4,2024-03-18 19:58:43,2024-03-18 20:46:43,48,completed,19,58,0,0,0,0,1,3,18,0
4532,UP80GX3546,car,C5,2024-03-18 19:06:11,2024-03-18 20:52:11,106,completed,19,6,0,0,0,0,1,3,18,0
4533,UP80NZ1188,bike,B1,2024-03-18 19:17:50,2024-03-18 20:58:50,101,completed,19,17,0,0,0,0,1,3,18,1
4534,UP80PT9928,car,C6,2024-03-18 20:02:19,2024-03-18 21:38:19,96,completed,20,2,0,0,0,0,0,3,18,0
4535,UP80QA2535,bike,B1,2024-03-18 21:42:18,2024-03-18 23:17:18,95,completed,21,42,0,0,0,0,0,3,18,1
4536,UP80SX2424,car,C1,2024-03-18 21:15:25,2024-03-18 23:58:25,163,completed,21,15,0,0,0,0,0,3,18,0
4537,UP80QV8527,car,C2,2024-03-18 22:54:43,2024-03-19 01:00:43,126,completed,22,54,0,0,0,0,0,3,18,0
4538,UP80FA6168,bike,B2,2024-03-18 23:15:16,2024-03-19 00:12:16,57,completed,23,15,0,0,0,0,0,3,18,1
4539,UP80RA5506,car,C1,2024-03-19 06:41:49,2024-03-19 07:50:49,69,completed,6,41,1,0,0,0,0,3,19,0
4540,UP80NC1771,car,C2,2024-03-19 07:13:17,2024-03-19 12:14:17,301,completed,7,13,1,0,1,0,0,3,19,0
4541,UP80FN1434,bike,B1,2024-03-19 07:43:22,2024-03-19 10:09:22,146,completed,7,43,1,0,1,0,0,3,19,1
4542,UP80KQ8668,bike,B2,2024-03-19 07:15:50,2024-03-19 10:53:50,218,completed,7,15,1,0,1,0,0,3,19,1
4543,UP80RU2307,car,C3,2024-03-19 07:06:02,2024-03-19 13:48:02,402,completed,7,6,1,0,1,0,0,3,19,0
4544,UP80QE5010,car,C4,2024-03-19 07:28:11,2024-03-19 12:10:11,282,completed,7,28,1,0,1,0,0,3,19,0
4545,UP80KB6155,car,C1,2024-03-19 08:06:15,2024-03-19 15:16:15,430,completed,8,6,1,0,1,0,0,3,19,0
4546,UP80RU2307,car,C5,2024-03-19 08:10:09,2024-03-19 14:37:09,387,completed,8,10,1,0,1,0,0,3,19,0
4547,UP80FA6168,bike,B3,2024-03-19 08:34:42,2024-03-19 12:44:42,250,completed,8,34,1,0,1,0,0,3,19,1
4548,UP80QZ4180,bike,B4,2024-03-19 08:49:35,2024-03-19 12:13:35,204,completed,8,49,1,0,1,0,0,3,19,1
4549,UP80HT4033,car,C6,2024-03-19 08:46:04,2024-03-19 14:22:04,336,completed,8,46,1,0,1,0,0,3,19,0
4550,UP80DD9830,car,C7,2024-03-19 08:49:40,2024-03-19 15:08:40,379,completed,8,49,1,0,1,0,0,3,19,0
4551,UP80CL8433,car,C8,2024-03-19 08:53:00,2024-03-19 14:12:00,319,completed,8,53,1,0,1,0,0,3,19,0
4552,UP80RU2307,car,C9,2024-03-19 08:41:44,2024-03-19 13:19:44,278,completed,8,41,1,0,1,0,0,3,19,0
4553,UP80NC1771,car,C10,2024-03-19 08:47:24,2024-03-19 14:46:24,359,completed,8,47,1,0,1,0,0,3,19,0
4554,UP80WD3621,bike,B5,2024-03-19 08:19:41,2024-03-19 10:58:41,159,completed,8,19,1,0,1,0,0,3,19,1
4555,UP80SW1916,bike,B6,2024-03-19 09:11:02,2024-03-19 13:42:02,271,completed,9,11,1,0,1,0,0,3,19,1
4556,UP80KU1320,car,C11,2024-03-19 09:45:06,2024-03-19 16:18:06,393,completed,9,45,1,0,1,0,0,3,19,0
4557,UP80GQ7543,car,C12,2024-03-19 09:58:00,2024-03-19 16:02:00,364,completed,9,58,1,0,1,0,0,3,19,0
4558,UP80SC9797,car,C13,2024-03-19 09:55:50,2024-03-19 17:11:50,436,completed,9,55,1,0,1,0,0,3,19,0
4559,UP80QV8527,car,C14,2024-03-19 09:53:38,2024-03-19 15:54:38,361,completed,9,53,1,0,1,0,0,3,19,0
4560,UP80XV2169,car,C15,2024-03-19 09:23:05,2024-03-19 15:29:05,366,completed,9,23,1,0,1,0,0,3,19,0
4561,UP80WW7227,car,C16,2024-03-19 10:37:48,2024-03-19 12:47:48,130,completed,10,37,1,0,0,0,0,3,19,0
4562,UP80SW1916,bike,B1,2024-03-19 10:30:09,2024-03-19 11:24:09,54,completed,10,30,1,0,0,0,0,3,19,1
4563,UP80VA3615,car,C2,2024-03-19 12:15:28,2024-03-19 13:03:28,48,completed,12,15,1,0,0,1,0,3,19,0
4564,UP80LV9702,bike,B1,2024-03-19 12:32:26,2024-03-19 12:56:26,24,completed,12,32,1,0,0,1,0,3,19,1
4565,UP80LL5557,car,C4,2024-03-19 12:15:37,2024-03-19 13:28:37,73,completed,12,15,1,0,0,1,0,3,19,0
4566,UP80XT8777,car,C16,2024-03-19 12:53:24,2024-03-19 14:08:24,75,completed,12,53,1,0,0,1,0,3,19,0
4567,UP80ML4501,bike,B2,2024-03-19 12:34:14,2024-03-19 13:12:14,38,completed,12,34,1,0,0,1,0,3,19,1
4568,UP80NZ1188,bike,B3,2024-03-19 12:06:12,2024-03-19 12:58:12,52,completed,12,6,1,0,0,1,0,3,19,1
4569,UP80DJ5374,bike,B1,2024-03-19 13:10:46,2024-03-19 13:35:46,25,completed,13,10,1,0,0,1,0,3,19,1
4570,UP80RG6491,bike,B2,2024-03-19 13:19:19,2024-03-19 13:30:19,11,completed,13,19,1,0,0,1,0,3,19,1
4571,UP80BH6925,bike,B3,2024-03-19 13:11:31,2024-03-19 14:32:31,81,completed,13,11,1,0,0,1,0,3,19,1
4572,UP80UF9486,car,C2,2024-03-19 13:07:04,2024-03-19 14:07:04,60,completed,13,7,1,0,0,1,0,3,19,0
4573,UP80QV8527,car,C3,2024-03-19 13:49:06,2024-03-19 14:42:06,53,completed,13,49,1,0,0,1,0,3,19,0
4574,UP80VA3615,car,C2,2024-03-19 14:11:18,2024-03-19 15:57:18,106,completed,14,11,1,0,0,0,0,3,19,0
4575,UP80UK8253,car,C4,2024-03-19 14:38:25,2024-03-19 15:24:25,46,completed,14,38,1,0,0,0,0,3,19,0
4576,UP80WW7227,car,C5,2024-03-19 14:26:16,2024-03-19 17:05:16,159,completed,14,26,1,0,0,0,0,3,19,0
4577,UP80CL8433,car,C6,2024-03-19 14:24:20,2024-03-19 15:47:20,83,completed,14,24,1,0,0,0,0,3,19,0
4578,UP80KB6155,car,C8,2024-03-19 14:30:59,2024-03-19 17:01:59,151,completed,14,30,1,0,0,0,0,3,19,0
4579,UP80CL5533,bike,B1,2024-03-19 15:35:35,2024-03-19 17:10:35,95,completed,15,35,1,0,0,0,0,3,19,1
4580,UP80PS1750,bike,B2,2024-03-19 15:14:31,2024-03-19 16:29:31,75,completed,15,14,1,0,0,0,0,3,19,1
4581,UP80PT9928,car,C1,2024-03-19 16:25:46,2024-03-19 18:30:46,125,completed,16,25,1,0,0,0,0,3,19,0
4582,UP80XV2169,car,C2,2024-03-19 16:11:47,2024-03-19 17:18:47,67,completed,16,11,1,0,0,0,0,3,19,0
4583,UP80CC6635,car,C3,2024-03-19 16:45:38,2024-03-19 18:31:38,106,completed,16,45,1,0,0,0,0,3,19,0
4584,UP80FN1434,bike,B2,2024-03-19 16:21:38,2024-03-19 17:36:38,75,completed,16,21,1,0,0,0,0,3,19,1
4585,UP80KB6155,car,C4,2024-03-19 16:02:58,2024-03-19 17:59:58,117,completed,16,2,1,0,0,0,0,3,19,0
4586,UP80JZ3266,car,C6,2024-03-19 16:37:06,2024-03-19 17:36:06,59,completed,16,37,1,0,0,0,0,3,19,0
4587,UP80GR6977,car,C5,2024-03-19 17:10:08,2024-03-19 18:04:08,54,completed,17,10,1,0,0,0,1,3,19,0
4588,UP80JZ3266,car,C7,2024-03-19 17:01:05,2024-03-19 18:35:05,94,completed,17,1,1,0,0,0,1,3,19,0
4589,UP80KR4185,car,C2,2024-03-19 17:44:37,2024-03-19 18:40:37,56,completed,17,44,1,0,0,0,1,3,19,0
4590,UP80NZ1188,bike,B1,2024-03-19 17:30:21,2024-03-19 18:05:21,35,completed,17,30,1,0,0,0,1,3,19,1
4591,UP80CF7818,bike,B2,2024-03-19 17:39:46,2024-03-19 18:35:46,56,completed,17,39,1,0,0,0,1,3,19,1
4592,UP80CU2983,bike,B3,2024-03-19 17:36:30,2024-03-19 18:48:30,72,completed,17,36,1,0,0,0,1,3,19,1
4593,UP80QA2535,bike,B4,2024-03-19 17:39:28,2024-03-19 18:30:28,51,completed,17,39,1,0,0,0,1,3,19,1
4594,UP80VA3615,car,C6,2024-03-19 17:08:06,2024-03-19 19:41:06,153,completed,17,8,1,0,0,0,1,3,19,0
4595,UP80GT1027,car,C8,2024-03-19 17:17:34,2024-03-19 19:15:34,118,completed,17,17,1,0,0,0,1,3,19,0
4596,UP80SC9797,car,C9,2024-03-19 17:47:06,2024-03-19 19:14:06,87,completed,17,47,1,0,0,0,1,3,19,0
4597,UP80YY1009,car,C10,2024-03-19 17:42:06,2024-03-19 18:40:06,58,completed,17,42,1,0,0,0,1,3,19,0
4598,UP80QE5010,car,C11,2024-03-19 17:40:51,2024-03-19 19:24:51,104,completed,17,40,1,0,0,0,1,3,19,0
4599,UP80DD9830,car,C4,2024-03-19 18:26:55,2024-03-19 20:00:55,94,completed,18,26,1,0,0,0,1,3,19,0
4600,UP80KW5978,bike,B1,2024-03-19 18:38:29,2024-03-19 20:03:29,85,completed,18,38,1,0,0,0,1,3,19,1
4601,UP80QV8527,car,C1,2024-03-19 18:53:22,2024-03-19 20:21:22,88,completed,18,53,1,0,0,0,1,3,19,0
4602,UP80ZU9317,car,C2,2024-03-19 18:06:26,2024-03-19 18:45:26,39,completed,18,6,1,0,0,0,1,3,19,0
4603,UP80UU6573,car,C3,2024-03-19 18:26:13,2024-03-19 19:43:13,77,completed,18,26,1,0,0,0,1,3,19,0
4604,UP80AT5315,car,C2,2024-03-19 18:53:57,2024-03-19 20:22:57,89,completed,18,53,1,0,0,0,1,3,19,0
4605,UP80FB1344,car,C5,2024-03-19 18:41:37,2024-03-19 19:06:37,25,completed,18,41,1,0,0,0,1,3,19,0
4606,UP80BH6925,bike,B2,2024-03-19 18:10:44,2024-03-19 20:08:44,118,completed,18,10,1,0,0,0,1,3,19,1
4607,UP80FN1434,bike,B3,2024-03-19 18:41:52,2024-03-19 19:29:52,48,completed,18,41,1,0,0,0,1,3,19,1
4608,UP80CC6635,car,C7,2024-03-19 18:12:50,2024-03-19 19:57:50,105,completed,18,12,1,0,0,0,1,3,19,0
4609,UP80NZ7201,car,C10,2024-03-19 18:07:24,2024-03-19 19:23:24,76,completed,18,7,1,0,0,0,1,3,19,0
4610,UP80XW5889,car,C12,2024-03-19 18:53:15,2024-03-19 20:30:15,97,completed,18,53,1,0,0,0,1,3,19,0
4611,UP80AT5315,car,C3,2024-03-19 19:55:33,2024-03-19 22:21:33,146,completed,19,55,1,0,0,0,1,3,19,0
4612,UP80QA2535,bike,B3,2024-03-19 19:19:44,2024-03-19 20:45:44,86,completed,19,19,1,0,0,0,1,3,19,1
4613,UP80ZU9317,car,C5,2024-03-19 19:15:30,2024-03-19 20:29:30,74,completed,19,15,1,0,0,0,1,3,19,0
4614,UP80PS1750,bike,B4,2024-03-19 19:33:49,2024-03-19 21:04:49,91,completed,19,33,1,0,0,0,1,3,19,1
4615,UP80RU2307,car,C6,2024-03-19 19:21:44,2024-03-19 20:22:44,61,completed,19,21,1,0,0,0,1,3,19,0
4616,UP80ZB4044,car,C8,2024-03-19 19:35:48,2024-03-19 20:04:48,29,completed,19,35,1,0,0,0,1,3,19,0
4617,UP80BH6925,bike,B5,2024-03-19 19:30:54,2024-03-19 20:33:54,63,completed,19,30,1,0,0,0,1,3,19,1
4618,UP80JB6409,bike,B6,2024-03-19 19:58:20,2024-03-19 21:04:20,66,completed,19,58,1,0,0,0,1,3,19,1
4619,UP80BF8953,car,C7,2024-03-19 19:06:28,2024-03-19 20:59:28,113,completed,19,6,1,0,0,0,1,3,19,0
4620,UP80FN1434,bike,B7,2024-03-19 19:11:20,2024-03-19 19:52:20,41,completed,19,11,1,0,0,0,1,3,19,1
4621,UP80LB6974,bike,B1,2024-03-19 20:40:47,2024-03-19 22:19:47,99,completed,20,40,1,0,0,0,0,3,19,1
4622,UP80VW2604,bike,B2,2024-03-19 20:57:11,2024-03-19 21:28:11,31,completed,20,57,1,0,0,0,0,3,19,1
4623,UP80CA5658,bike,B3,2024-03-19 20:52:45,2024-03-19 22:24:45,92,completed,20,52,1,0,0,0,0,3,19,1
4624,UP80SJ3547,car,C1,2024-03-20 02:28:01,2024-03-20 05:35:01,187,completed,2,28,2,0,0,0,0,3,20,0
4625,UP80DJ5374,bike,B1,2024-03-20 07:07:30,2024-03-20 12:39:30,332,completed,7,7,2,0,1,0,0,3,20,1
4626,UP80CC6635,car,C1,2024-03-20 07:11:19,2024-03-20 12:56:19,345,completed,7,11,2,0,1,0,0,3,20,0
4627,UP80ZT4878,bike,B2,2024-03-20 07:41:10,2024-03-20 12:50:10,309,completed,7,41,2,0,1,0,0,3,20,1
4628,UP80NG1832,bike,B3,2024-03-20 08:56:50,2024-03-20 13:42:50,286,completed,8,56,2,0,1,0,0,3,20,1
4629,UP80RU2307,car,C2,2024-03-20 09:51:51,2024-03-20 16:08:51,377,completed,9,51,2,0,1,0,0,3,20,0
4630,UP80FE8350,car,C3,2024-03-20 10:20:19,2024-03-20 12:46:19,146,completed,10,20,2,0,0,0,0,3,20,0
4631,UP80SS2169,bike,B4,2024-03-20 10:57:34,2024-03-20 12:08:34,71,completed,10,57,2,0,0,0,0,3,20,1
4632,UP80ZT4878,bike,B5,2024-03-20 11:48:35,2024-03-20 13:17:35,89,completed,11,48,2,0,0,0,0,3,20,1
4633,UP80ZN3060,car,C4,2024-03-20 11:09:42,2024-03-20 13:26:42,137,completed,11,9,2,0,0,0,0,3,20,0
4634,UP80DU9837,bike,B6,2024-03-20 11:51:53,2024-03-20 13:22:53,91,completed,11,51,2,0,0,0,0,3,20,1
4635,UP80DD9830,car,C5,2024-03-20 11:44:38,2024-03-20 12:53:38,69,completed,11,44,2,0,0,0,0,3,20,0
4636,UP80KQ8668,bike,B7,2024-03-20 12:05:07,2024-03-20 13:15:07,70,completed,12,5,2,0,0,1,0,3,20,1
4637,UP80DK4598,car,C6,2024-03-20 12:27:42,2024-03-20 13:13:42,46,completed,12,27,2,0,0,1,0,3,20,0
4638,UP80LL5557,car,C7,2024-03-20 12:39:51,2024-03-20 13:47:51,68,completed,12,39,2,0,0,1,0,3,20,0
4639,UP80XW5889,car,C1,2024-03-20 13:19:31,2024-03-20 13:48:31,29,completed,13,19,2,0,0,1,0,3,20,0
4640,UP80QE5010,car,C1,2024-03-20 13:57:12,2024-03-20 14:49:12,52,completed,13,57,2,0,0,1,0,3,20,0
4641,UP80SS2169,bike,B1,2024-03-20 13:19:53,2024-03-20 14:28:53,69,completed,13,19,2,0,0,1,0,3,20,1
4642,UP80KQ8668,bike,B2,2024-03-20 13:43:40,2024-03-20 13:49:40,6,completed,13,43,2,0,0,1,0,3,20,1
4643,UP80FN1434,bike,B2,2024-03-20 13:58:52,2024-03-20 14:29:52,31,completed,13,58,2,0,0,1,0,3,20,1
4644,UP80QE5010,car,C3,2024-03-20 14:04:01,2024-03-20 14:59:01,55,completed,14,4,2,0,0,0,0,3,20,0
4645,UP80QV8527,car,C1,2024-03-20 16:24:20,2024-03-20 18:23:20,119,completed,16,24,2,0,0,0,0,3,20,0
4646,UP80QV8527,car,C2,2024-03-20 16:11:02,2024-03-20 17:17:02,66,completed,16,11,2,0,0,0,0,3,20,0
4647,UP80KB6155,car,C3,2024-03-20 16:15:30,2024-03-20 17:21:30,66,completed,16,15,2,0,0,0,0,3,20,0
4648,UP80CC6635,car,C4,2024-03-20 16:27:38,2024-03-20 18:51:38,144,completed,16,27,2,0,0,0,0,3,20,0
4649,UP80SC9797,car,C2,2024-03-20 17:36:22,2024-03-20 18:37:22,61,completed,17,36,2,0,0,0,1,3,20,0
4650,UP80SC9797,car,C3,2024-03-20 17:05:53,2024-03-20 19:00:53,115,completed,17,5,2,0,0,0,1,3,20,0
4651,UP80FD2679,bike,B1,2024-03-20 17:50:48,2024-03-20 19:27:48,97,completed,17,50,2,0,0,0,1,3,20,1
4652,UP80GR6977,car,C5,2024-03-20 17:50:50,2024-03-20 18:34:50,44,completed,17,50,2,0,0,0,1,3,20,0
4653,UP80FV8541,car,C6,2024-03-20 17:41:40,2024-03-20 19:42:40,121,completed,17,41,2,0,0,0,1,3,20,0
4654,UP80ZT4878,bike,B2,2024-03-20 17:11:32,2024-03-20 18:26:32,75,completed,17,11,2,0,0,0,1,3,20,1
4655,UP80SS2169,bike,B3,2024-03-20 17:26:12,2024-03-20 18:26:12,60,completed,17,26,2,0,0,0,1,3,20,1
4656,UP80WD3621,bike,B4,2024-03-20 17:14:15,2024-03-20 18:01:15,47,completed,17,14,2,0,0,0,1,3,20,1
4657,UP80UK8253,car,C7,2024-03-20 18:23:06,2024-03-20 19:21:06,58,completed,18,23,2,0,0,0,1,3,20,0
4658,UP80ZN7455,car,C1,2024-03-20 18:39:16,2024-03-20 20:03:16,84,completed,18,39,2,0,0,0,1,3,20,0
4659,UP80GU2771,car,C2,2024-03-20 18:27:49,2024-03-20 20:07:49,100,completed,18,27,2,0,0,0,1,3,20,0
4660,UP80XW5889,car,C3,2024-03-20 19:35:11,2024-03-20 21:25:11,110,completed,19,35,2,0,0,0,1,3,20,0
4661,UP80FD2679,bike,B1,2024-03-20 19:08:35,2024-03-20 20:06:35,58,completed,19,8,2,0,0,0,1,3,20,1
4662,UP80SW1916,bike,B2,2024-03-20 19:52:53,2024-03-20 21:12:53,80,completed,19,52,2,0,0,0,1,3,20,1
4663,UP80JX5526,bike,B3,2024-03-20 19:10:48,2024-03-20 20:49:48,99,completed,19,10,2,0,0,0,1,3,20,1
4664,UP80WD3621,bike,B1,2024-03-20 20:39:23,2024-03-20 21:36:23,57,completed,20,39,2,0,0,0,0,3,20,1
4665,UP80CY3442,car,C1,2024-03-20 20:53:40,2024-03-20 21:47:40,54,completed,20,53,2,0,0,0,0,3,20,0
4666,UP80UK5065,bike,B3,2024-03-20 20:38:55,2024-03-20 21:33:55,55,completed,20,38,2,0,0,0,0,3,20,1
4667,UP80LL5557,car,C2,2024-03-20 20:20:13,2024-03-20 22:44:13,144,completed,20,20,2,0,0,0,0,3,20,0
4668,UP80VA3615,car,C4,2024-03-20 21:21:02,2024-03-20 22:42:02,81,completed,21,21,2,0,0,0,0,3,20,0
4669,UP80RA5506,car,C1,2024-03-20 21:51:35,2024-03-21 00:43:35,172,completed,21,51,2,0,0,0,0,3,20,0
4670,UP80UU6573,car,C3,2024-03-20 22:37:21,2024-03-21 00:49:21,132,completed,22,37,2,0,0,0,0,3,20,0
4671,UP80WD3621,bike,B1,2024-03-21 00:50:35,2024-03-21 02:20:35,90,completed,0,50,3,0,0,0,0,3,21,1
4672,UP80JZ3266,car,C1,2024-03-21 06:10:57,2024-03-21 07:26:57,76,completed,6,10,3,0,0,0,0,3,21,0
4673,UP80YU5673,bike,B1,2024-03-21 06:07:19,2024-03-21 06:48:19,41,completed,6,7,3,0,0,0,0,3,21,1
4674,UP80QE5010,car,C2,2024-03-21 06:43:54,2024-03-21 10:21:54,218,completed,6,43,3,0,0,0,0,3,21,0
4675,UP80ZQ8251,car,C1,2024-03-21 08:55:45,2024-03-21 14:51:45,356,completed,8,55,3,0,1,0,0,3,21,0
4676,UP80FN1434,bike,B1,2024-03-21 08:55:53,2024-03-21 11:14:53,139,completed,8,55,3,0,1,0,0,3,21,1
4677,UP80CY3442,car,C3,2024-03-21 08:40:26,2024-03-21 13:50:26,310,completed,8,40,3,0,1,0,0,3,21,0
4678,UP80UD6096,car,C4,2024-03-21 08:15:48,2024-03-21 14:09:48,354,completed,8,15,3,0,1,0,0,3,21,0
4679,UP80NZ7201,car,C5,2024-03-21 08:55:03,2024-03-21 14:30:03,335,completed,8,55,3,0,1,0,0,3,21,0
4680,UP80FF2290,car,C6,2024-03-21 09:01:46,2024-03-21 15:50:46,409,completed,9,1,3,0,1,0,0,3,21,0
4681,UP80PP6138,bike,B2,2024-03-21 09:49:05,2024-03-21 12:35:05,166,completed,9,49,3,0,1,0,0,3,21,1
4682,UP80XW5889,car,C2,2024-03-21 10:38:21,2024-03-21 12:57:21,139,completed,10,38,3,0,0,0,0,3,21,0
4683,UP80DJ5374,bike,B3,2024-03-21 10:41:13,2024-03-21 11:37:13,56,completed,10,41,3,0,0,0,0,3,21,1
4684,UP80ML4020,car,C7,2024-03-21 10:23:09,2024-03-21 11:46:09,83,completed,10,23,3,0,0,0,0,3,21,0
4685,UP80KB6155,car,C8,2024-03-21 10:31:29,2024-03-21 12:31:29,120,completed,10,31,3,0,0,0,0,3,21,0
4686,UP80FU2674,car,C9,2024-03-21 10:13:24,2024-03-21 12:00:24,107,completed,10,13,3,0,0,0,0,3,21,0
4687,UP80GX3546,car,C10,2024-03-21 10:03:12,2024-03-21 12:01:12,118,completed,10,3,3,0,0,0,0,3,21,0
4688,UP80FM8517,bike,B4,2024-03-21 11:13:40,2024-03-21 13:05:40,112,completed,11,13,3,0,0,0,0,3,21,1
4689,UP80RU2307,car,C11,2024-03-21 11:32:49,2024-03-21 13:37:49,125,completed,11,32,3,0,0,0,0,3,21,0
4690,UP80FA6168,bike,B1,2024-03-21 11:43:09,2024-03-21 13:28:09,105,completed,11,43,3,0,0,0,0,3,21,1
4691,UP80WD3621,bike,B3,2024-03-21 12:28:43,2024-03-21 13:07:43,39,completed,12,28,3,0,0,1,0,3,21,1
4692,UP80WX3697,car,C7,2024-03-21 12:03:28,2024-03-21 12:30:28,27,completed,12,3,3,0,0,1,0,3,21,0
4693,UP80SW1916,bike,B2,2024-03-21 12:56:28,2024-03-21 13:10:28,14,completed,12,56,3,0,0,1,0,3,21,1
4694,UP80SJ3547,car,C7,2024-03-21 12:11:43,2024-03-21 13:21:43,70,completed,12,11,3,0,0,1,0,3,21,0
4695,UP80LU5543,car,C2,2024-03-21 13:24:15,2024-03-21 13:53:15,29,completed,13,24,3,0,0,1,0,3,21,0
4696,UP80MG7043,car,C7,2024-03-21 13:32:39,2024-03-21 14:24:39,52,completed,13,32,3,0,0,1,0,3,21,0
4697,UP80VL2040,car,C2,2024-03-21 13:58:56,2024-03-21 14:55:56,57,completed,13,58,3,0,0,1,0,3,21,0
4698,UP80GR6977,car,C3,2024-03-21 13:49:54,2024-03-21 15:12:54,83,completed,13,49,3,0,0,1,0,3,21,0
4699,UP80DJ5374,bike,B1,2024-03-21 13:43:18,2024-03-21 14:40:18,57,completed,13,43,3,0,0,1,0,3,21,1
4700,UP80NZ7201,car,C8,2024-03-21 13:08:37,2024-03-21 13:41:37,33,completed,13,8,3,0,0,1,0,3,21,0
4701,UP80WW7227,car,C9,2024-03-21 13:28:47,2024-03-21 14:57:47,89,completed,13,28,3,0,0,1,0,3,21,0
4702,UP80KB6155,car,C4,2024-03-21 14:48:50,2024-03-21 15:52:50,64,completed,14,48,3,0,0,0,0,3,21,0
4703,UP80DJ5374,bike,B1,2024-03-21 14:29:26,2024-03-21 16:34:26,125,completed,14,29,3,0,0,0,0,3,21,1
4704,UP80NC1771,car,C1,2024-03-21 15:01:55,2024-03-21 17:13:55,132,completed,15,1,3,0,0,0,0,3,21,0
4705,UP80JZ3266,car,C2,2024-03-21 15:22:05,2024-03-21 17:02:05,100,completed,15,22,3,0,0,0,0,3,21,0
4706,UP80SL4824,bike,B2,2024-03-21 15:04:20,2024-03-21 16:35:20,91,completed,15,4,3,0,0,0,0,3,21,1
4707,UP80AS1964,car,C3,2024-03-21 16:13:41,2024-03-21 18:03:41,110,completed,16,13,3,0,0,0,0,3,21,0
4708,UP80KT2245,car,C4,2024-03-21 16:02:41,2024-03-21 17:52:41,110,completed,16,2,3,0,0,0,0,3,21,0
4709,UP80FR1090,bike,B1,2024-03-21 16:54:17,2024-03-21 17:52:17,58,completed,16,54,3,0,0,0,0,3,21,1
4710,UP80DJ5374,bike,B2,2024-03-21 16:32:09,2024-03-21 18:03:09,91,completed,16,32,3,0,0,0,0,3,21,1
4711,UP80NZ1188,bike,B3,2024-03-21 17:46:16,2024-03-21 19:45:16,119,completed,17,46,3,0,0,0,1,3,21,1
4712,UP80RU2307,car,C1,2024-03-21 17:41:42,2024-03-21 19:05:42,84,completed,17,41,3,0,0,0,1,3,21,0
4713,UP80ET5530,car,C2,2024-03-21 17:21:11,2024-03-21 19:12:11,111,completed,17,21,3,0,0,0,1,3,21,0
4714,UP80RA5506,car,C5,2024-03-21 17:02:40,2024-03-21 18:54:40,112,completed,17,2,3,0,0,0,1,3,21,0
4715,UP80FD2679,bike,B1,2024-03-21 17:55:02,2024-03-21 19:29:02,94,completed,17,55,3,0,0,0,1,3,21,1
4716,UP80RU2307,car,C4,2024-03-21 17:05:04,2024-03-21 18:04:04,59,completed,17,5,3,0,0,0,1,3,21,0
4717,UP80FA6168,bike,B4,2024-03-21 17:52:19,2024-03-21 19:11:19,79,completed,17,52,3,0,0,0,1,3,21,1
4718,UP80TW3091,car,C3,2024-03-21 18:38:44,2024-03-21 19:57:44,79,completed,18,38,3,0,0,0,1,3,21,0
4719,UP80HA5279,bike,B2,2024-03-21 18:36:37,2024-03-21 20:01:37,85,completed,18,36,3,0,0,0,1,3,21,1
4720,UP80TW3091,car,C4,2024-03-21 18:06:43,2024-03-21 19:35:43,89,completed,18,6,3,0,0,0,1,3,21,0
4721,UP80WZ3900,car,C6,2024-03-21 18:13:47,2024-03-21 19:33:47,80,completed,18,13,3,0,0,0,1,3,21,0
4722,UP80GQ7543,car,C7,2024-03-21 18:46:19,2024-03-21 20:22:19,96,completed,18,46,3,0,0,0,1,3,21,0
4723,UP80DD9830,car,C5,2024-03-21 18:59:05,2024-03-21 19:44:05,45,completed,18,59,3,0,0,0,1,3,21,0
4724,UP80AT5315,car,C8,2024-03-21 18:17:46,2024-03-21 19:43:46,86,completed,18,17,3,0,0,0,1,3,21,0
4725,UP80KB6155,car,C1,2024-03-21 19:26:25,2024-03-21 20:39:25,73,completed,19,26,3,0,0,0,1,3,21,0
4726,UP80ZG8827,bike,B1,2024-03-21 19:39:01,2024-03-21 20:49:01,70,completed,19,39,3,0,0,0,1,3,21,1
4727,UP80ZU9317,car,C2,2024-03-21 19:08:23,2024-03-21 20:33:23,85,completed,19,8,3,0,0,0,1,3,21,0
4728,UP80CC6635,car,C4,2024-03-21 19:41:39,2024-03-21 21:08:39,87,completed,19,41,3,0,0,0,1,3,21,0
4729,UP80RA5506,car,C5,2024-03-21 19:44:14,2024-03-21 21:09:14,85,completed,19,44,3,0,0,0,1,3,21,0
4730,UP80DJ5374,bike,B4,2024-03-21 19:11:31,2024-03-21 19:53:31,42,completed,19,11,3,0,0,0,1,3,21,1
4731,UP80WD3621,bike,B3,2024-03-21 19:54:01,2024-03-21 20:54:01,60,completed,19,54,3,0,0,0,1,3,21,1
4732,UP80BF8953,car,C6,2024-03-21 19:27:11,2024-03-21 20:19:11,52,completed,19,27,3,0,0,0,1,3,21,0
4733,UP80BH6925,bike,B4,2024-03-21 19:16:03,2024-03-21 20:52:03,96,completed,19,16,3,0,0,0,1,3,21,1
4734,UP80SS2169,bike,B5,2024-03-21 19:24:02,2024-03-21 20:17:02,53,completed,19,24,3,0,0,0,1,3,21,1
4735,UP80UU6573,car,C3,2024-03-21 20:28:55,2024-03-21 22:13:55,105,completed,20,28,3,0,0,0,0,3,21,0
4736,UP80NV4228,car,C6,2024-03-21 20:29:46,2024-03-21 22:19:46,110,completed,20,29,3,0,0,0,0,3,21,0
4737,UP80SS2169,bike,B2,2024-03-21 20:10:16,2024-03-21 21:25:16,75,completed,20,10,3,0,0,0,0,3,21,1
4738,UP80LL5557,car,C1,2024-03-21 21:20:38,2024-03-21 23:17:38,117,completed,21,20,3,0,0,0,0,3,21,0
4739,UP80HT4033,car,C2,2024-03-21 21:01:59,2024-03-21 23:33:59,152,completed,21,1,3,0,0,0,0,3,21,0
4740,UP80PS1750,bike,B1,2024-03-21 21:50:32,2024-03-21 23:39:32,109,completed,21,50,3,0,0,0,0,3,21,1
4741,UP80FB1659,car,C3,2024-03-21 22:53:22,2024-03-22 01:45:22,172,completed,22,53,3,0,0,0,0,3,21,0
4742,UP80SS2169,bike,B1,2024-03-21 23:48:55,2024-03-22 00:43:55,55,completed,23,48,3,0,0,0,0,3,21,1
4743,UP80KQ8668,bike,B1,2024-03-22 07:59:06,2024-03-22 11:32:06,213,completed,7,59,4,0,1,0,0,3,22,1
4744,UP80PT9928,car,C1,2024-03-22 07:12:18,2024-03-22 14:14:18,422,completed,7,12,4,0,1,0,0,3,22,0
4745,UP80NZ7201,car,C2,2024-03-22 07:18:46,2024-03-22 13:18:46,360,completed,7,18,4,0,1,0,0,3,22,0
4746,UP80QA2535,bike,B2,2024-03-22 08:41:22,2024-03-22 13:34:22,293,completed,8,41,4,0,1,0,0,3,22,1
4747,UP80NZ7201,car,C3,2024-03-22 08:04:20,2024-03-22 14:51:20,407,completed,8,4,4,0,1,0,0,3,22,0
4748,UP80PT9928,car,C4,2024-03-22 08:00:28,2024-03-22 14:18:28,378,completed,8,0,4,0,1,0,0,3,22,0
4749,UP80QA2535,bike,B3,2024-03-22 08:42:45,2024-03-22 11:08:45,146,completed,8,42,4,0,1,0,0,3,22,1
4750,UP80SS2169,bike,B4,2024-03-22 08:26:23,2024-03-22 11:02:23,156,completed,8,26,4,0,1,0,0,3,22,1
4751,UP80NC1771,car,C5,2024-03-22 08:42:49,2024-03-22 13:06:49,264,completed,8,42,4,0,1,0,0,3,22,0
4752,UP80HW5573,bike,B5,2024-03-22 09:27:15,2024-03-22 14:30:15,303,completed,9,27,4,0,1,0,0,3,22,1
4753,UP80UU6573,car,C6,2024-03-22 09:20:56,2024-03-22 15:18:56,358,completed,9,20,4,0,1,0,0,3,22,0
4754,UP80XW5889,car,C7,2024-03-22 09:37:06,2024-03-22 14:58:06,321,completed,9,37,4,0,1,0,0,3,22,0
4755,UP80DK4598,car,C8,2024-03-22 09:54:57,2024-03-22 16:29:57,395,completed,9,54,4,0,1,0,0,3,22,0
4756,UP80QU4697,car,C9,2024-03-22 09:43:05,2024-03-22 16:34:05,411,completed,9,43,4,0,1,0,0,3,22,0
4757,UP80LL5557,car,C10,2024-03-22 09:51:06,2024-03-22 17:17:06,446,completed,9,51,4,0,1,0,0,3,22,0
4758,UP80PT9928,car,C11,2024-03-22 09:41:24,2024-03-22 14:51:24,310,completed,9,41,4,0,1,0,0,3,22,0
4759,UP80SD9042,car,C12,2024-03-22 09:01:03,2024-03-22 14:48:03,347,completed,9,1,4,0,1,0,0,3,22,0
4760,UP80VA3615,car,C13,2024-03-22 09:10:42,2024-03-22 13:45:42,275,completed,9,10,4,0,1,0,0,3,22,0
4761,UP80KQ8668,bike,B3,2024-03-22 11:25:34,2024-03-22 12:52:34,87,completed,11,25,4,0,0,0,0,3,22,1
4762,UP80PE7211,car,C14,2024-03-22 11:05:40,2024-03-22 12:54:40,109,completed,11,5,4,0,0,0,0,3,22,0
4763,UP80KB6155,car,C14,2024-03-22 12:59:40,2024-03-22 14:12:40,73,completed,12,59,4,0,0,1,0,3,22,0
4764,UP80NZ7201,car,C15,2024-03-22 12:24:09,2024-03-22 13:01:09,37,completed,12,24,4,0,0,1,0,3,22,0
4765,UP80PT9928,car,C16,2024-03-22 12:40:17,2024-03-22 13:39:17,59,completed,12,40,4,0,0,1,0,3,22,0
4766,UP80SW1916,bike,B1,2024-03-22 12:36:14,2024-03-22 13:18:14,42,completed,12,36,4,0,0,1,0,3,22,1
4767,UP80NC1771,car,C2,2024-03-22 14:10:09,2024-03-22 16:36:09,146,completed,14,10,4,0,0,0,0,3,22,0
4768,UP80SJ3547,car,C1,2024-03-22 14:21:39,2024-03-22 16:04:39,103,completed,14,21,4,0,0,0,0,3,22,0
4769,UP80NC1771,car,C4,2024-03-22 14:16:51,2024-03-22 16:36:51,140,completed,14,16,4,0,0,0,0,3,22,0
4770,UP80QV8527,car,C3,2024-03-22 15:22:05,2024-03-22 17:13:05,111,completed,15,22,4,0,0,0,0,3,22,0
4771,UP80CX4114,bike,B1,2024-03-22 15:57:45,2024-03-22 16:58:45,61,completed,15,57,4,0,0,0,0,3,22,1
4772,UP80FU2674,car,C5,2024-03-22 15:59:51,2024-03-22 17:16:51,77,completed,15,59,4,0,0,0,0,3,22,0
4773,UP80KR4185,car,C6,2024-03-22 15:58:40,2024-03-22 18:36:40,158,completed,15,58,4,0,0,0,0,3,22,0
4774,UP80QV8527,car,C7,2024-03-22 15:18:35,2024-03-22 17:21:35,123,completed,15,18,4,0,0,0,0,3,22,0
4775,UP80SW1916,bike,B2,2024-03-22 15:16:00,2024-03-22 17:00:00,104,completed,15,16,4,0,0,0,0,3,22,1
4776,UP80KR4185,car,C11,2024-03-22 15:16:28,2024-03-22 16:07:28,51,completed,15,16,4,0,0,0,0,3,22,0
4777,UP80ZY4295,bike,B3,2024-03-22 15:44:38,2024-03-22 16:57:38,73,completed,15,44,4,0,0,0,0,3,22,1
4778,UP80AT5315,car,C1,2024-03-22 16:55:05,2024-03-22 18:46:05,111,completed,16,55,4,0,0,0,0,3,22,0
4779,UP80WW7227,car,C2,2024-03-22 16:32:21,2024-03-22 18:37:21,125,completed,16,32,4,0,0,0,0,3,22,0
4780,UP80SW1916,bike,B4,2024-03-22 16:24:21,2024-03-22 17:49:21,85,completed,16,24,4,0,0,0,0,3,22,1
4781,UP80KQ8668,bike,B5,2024-03-22 16:27:51,2024-03-22 17:13:51,46,completed,16,27,4,0,0,0,0,3,22,1
4782,UP80KB6155,car,C4,2024-03-22 16:59:32,2024-03-22 18:41:32,102,completed,16,59,4,0,0,0,0,3,22,0
4783,UP80XW5889,car,C3,2024-03-22 17:22:27,2024-03-22 18:36:27,74,completed,17,22,4,0,0,0,1,3,22,0
4784,UP80QA2535,bike,B1,2024-03-22 17:13:24,2024-03-22 18:15:24,62,completed,17,13,4,0,0,0,1,3,22,1
4785,UP80SJ3547,car,C5,2024-03-22 17:26:41,2024-03-22 18:59:41,93,completed,17,26,4,0,0,0,1,3,22,0
4786,UP80DJ2127,car,C7,2024-03-22 17:05:06,2024-03-22 18:29:06,84,completed,17,5,4,0,0,0,1,3,22,0
4787,UP80GR6977,car,C8,2024-03-22 17:35:24,2024-03-22 18:25:24,50,completed,17,35,4,0,0,0,1,3,22,0
4788,UP80PT9928,car,C9,2024-03-22 17:42:48,2024-03-22 19:16:48,94,completed,17,42,4,0,0,0,1,3,22,0
4789,UP80BH6925,bike,B2,2024-03-22 17:48:36,2024-03-22 18:45:36,57,completed,17,48,4,0,0,0,1,3,22,1
4790,UP80LB6974,bike,B3,2024-03-22 17:07:48,2024-03-22 18:21:48,74,completed,17,7,4,0,0,0,1,3,22,1
4791,UP80QE5010,car,C10,2024-03-22 17:54:33,2024-03-22 19:19:33,85,completed,17,54,4,0,0,0,1,3,22,0
4792,UP80FN1434,bike,B4,2024-03-22 17:45:36,2024-03-22 18:28:36,43,completed,17,45,4,0,0,0,1,3,22,1
4793,UP80XV1653,car,C2,2024-03-22 18:37:45,2024-03-22 19:29:45,52,completed,18,37,4,0,0,0,1,3,22,0
4794,UP80JZ3266,car,C3,2024-03-22 18:03:23,2024-03-22 19:42:23,99,completed,18,3,4,0,0,0,1,3,22,0
4795,UP80SW1916,bike,B1,2024-03-22 18:08:35,2024-03-22 20:09:35,121,completed,18,8,4,0,0,0,1,3,22,1
4796,UP80QA2535,bike,B3,2024-03-22 18:26:30,2024-03-22 18:58:30,32,completed,18,26,4,0,0,0,1,3,22,1
4797,UP80PS1750,bike,B2,2024-03-22 18:52:36,2024-03-22 20:35:36,103,completed,18,52,4,0,0,0,1,3,22,1
4798,UP80LB6974,bike,B4,2024-03-22 18:31:00,2024-03-22 20:14:00,103,completed,18,31,4,0,0,0,1,3,22,1
4799,UP80TK7547,bike,B5,2024-03-22 18:55:32,2024-03-22 20:22:32,87,completed,18,55,4,0,0,0,1,3,22,1
4800,UP80CX4114,bike,B6,2024-03-22 18:49:26,2024-03-22 19:35:26,46,completed,18,49,4,0,0,0,1,3,22,1
4801,UP80AT5315,car,C1,2024-03-22 18:24:44,2024-03-22 20:16:44,112,completed,18,24,4,0,0,0,1,3,22,0
4802,UP80QV8527,car,C2,2024-03-22 19:42:42,2024-03-22 20:53:42,71,completed,19,42,4,0,0,0,1,3,22,0
4803,UP80CC6635,car,C3,2024-03-22 19:55:56,2024-03-22 21:11:56,76,completed,19,55,4,0,0,0,1,3,22,0
4804,UP80BH6925,bike,B3,2024-03-22 19:48:48,2024-03-22 20:10:48,22,completed,19,48,4,0,0,0,1,3,22,1
4805,UP80SX2424,car,C4,2024-03-22 19:09:15,2024-03-22 20:05:15,56,completed,19,9,4,0,0,0,1,3,22,0
4806,UP80SS2169,bike,B6,2024-03-22 19:21:27,2024-03-22 20:47:27,86,completed,19,21,4,0,0,0,1,3,22,1
4807,UP80DD9830,car,C5,2024-03-22 19:43:53,2024-03-22 20:50:53,67,completed,19,43,4,0,0,0,1,3,22,0
4808,UP80UU6573,car,C1,2024-03-22 20:39:25,2024-03-22 22:02:25,83,completed,20,39,4,0,0,0,0,3,22,0
4809,UP80QU4697,car,C2,2024-03-22 21:14:30,2024-03-22 23:07:30,113,completed,21,14,4,0,0,0,0,3,22,0
4810,UP80PT9928,car,C3,2024-03-22 21:36:30,2024-03-23 00:10:30,154,completed,21,36,4,0,0,0,0,3,22,0
4811,UP80PT9928,car,C4,2024-03-22 21:14:22,2024-03-22 23:46:22,152,completed,21,14,4,0,0,0,0,3,22,0
4812,UP80QV4978,bike,B1,2024-03-23 02:05:48,2024-03-23 03:04:48,59,completed,2,5,5,1,0,0,0,3,23,1
4813,UP80GR6977,car,C1,2024-03-23 08:40:09,2024-03-23 15:26:09,406,completed,8,40,5,1,1,0,0,3,23,0
4814,UP80ZU9317,car,C2,2024-03-23 09:50:47,2024-03-23 15:10:47,320,completed,9,50,5,1,1,0,0,3,23,0
4815,UP80CL8433,car,C3,2024-03-23 09:24:26,2024-03-23 13:36:26,252,completed,9,24,5,1,1,0,0,3,23,0
4816,UP80JX5526,bike,B1,2024-03-23 09:44:03,2024-03-23 12:38:03,174,completed,9,44,5,1,1,0,0,3,23,1
4817,UP80BH6925,bike,B2,2024-03-23 10:02:17,2024-03-23 10:59:17,57,completed,10,2,5,1,0,0,0,3,23,1
4818,UP80PS1750,bike,B3,2024-03-23 10:53:54,2024-03-23 12:16:54,83,completed,10,53,5,1,0,0,0,3,23,1
4819,UP80GY7906,bike,B4,2024-03-23 10:15:23,2024-03-23 10:29:23,14,completed,10,15,5,1,0,0,0,3,23,1
4820,UP80GR6977,car,C4,2024-03-23 11:59:22,2024-03-23 14:43:22,164,completed,11,59,5,1,0,0,0,3,23,0
4821,UP80FU2674,car,C5,2024-03-23 12:01:22,2024-03-23 13:09:22,68,completed,12,1,5,1,0,1,0,3,23,0
4822,UP80FM8517,bike,B2,2024-03-23 12:31:54,2024-03-23 13:11:54,40,completed,12,31,5,1,0,1,0,3,23,1
4823,UP80DK4598,car,C6,2024-03-23 12:08:31,2024-03-23 13:06:31,58,completed,12,8,5,1,0,1,0,3,23,0
4824,UP80FN1434,bike,B1,2024-03-23 13:50:19,2024-03-23 14:12:19,22,completed,13,50,5,1,0,1,0,3,23,1
4825,UP80TH6067,bike,B2,2024-03-23 13:44:09,2024-03-23 14:10:09,26,completed,13,44,5,1,0,1,0,3,23,1
4826,UP80SX2424,car,C3,2024-03-23 13:09:51,2024-03-23 14:08:51,59,completed,13,9,5,1,0,1,0,3,23,0
4827,UP80PE7211,car,C5,2024-03-23 14:05:56,2024-03-23 17:15:56,190,completed,14,5,5,1,0,0,0,3,23,0
4828,UP80UU6573,car,C3,2024-03-23 14:41:53,2024-03-23 16:07:53,86,completed,14,41,5,1,0,0,0,3,23,0
4829,UP80DK4598,car,C6,2024-03-23 14:01:43,2024-03-23 15:55:43,114,completed,14,1,5,1,0,0,0,3,23,0
4830,UP80WW7227,car,C7,2024-03-23 14:10:24,2024-03-23 15:16:24,66,completed,14,10,5,1,0,0,0,3,23,0
4831,UP80KQ8668,bike,B1,2024-03-23 14:38:23,2024-03-23 15:27:23,49,completed,14,38,5,1,0,0,0,3,23,1
4832,UP80FF2290,car,C1,2024-03-23 15:35:39,2024-03-23 18:47:39,192,completed,15,35,5,1,0,0,0,3,23,0
4833,UP80CL8433,car,C2,2024-03-23 16:53:21,2024-03-23 18:17:21,84,completed,16,53,5,1,0,0,0,3,23,0
4834,UP80FA6168,bike,B1,2024-03-23 16:04:29,2024-03-23 16:18:29,14,completed,16,4,5,1,0,0,0,3,23,1
4835,UP80SS2169,bike,B1,2024-03-23 16:36:43,2024-03-23 18:09:43,93,completed,16,36,5,1,0,0,0,3,23,1
4836,UP80GQ7543,car,C3,2024-03-23 17:21:13,2024-03-23 19:12:13,111,completed,17,21,5,1,0,0,1,3,23,0
4837,UP80RU2307,car,C4,2024-03-23 17:39:34,2024-03-23 18:24:34,45,completed,17,39,5,1,0,0,1,3,23,0
4838,UP80GQ7543,car,C5,2024-03-23 17:30:17,2024-03-23 18:41:17,71,completed,17,30,5,1,0,0,1,3,23,0
4839,UP80SX2424,car,C6,2024-03-23 17:49:20,2024-03-23 18:39:20,50,completed,17,49,5,1,0,0,1,3,23,0
4840,UP80BH6925,bike,B2,2024-03-23 17:39:16,2024-03-23 18:53:16,74,completed,17,39,5,1,0,0,1,3,23,1
4841,UP80QT9270,bike,B1,2024-03-23 18:19:14,2024-03-23 18:48:14,29,completed,18,19,5,1,0,0,1,3,23,1
4842,UP80HG6147,car,C1,2024-03-23 18:55:26,2024-03-23 20:21:26,86,completed,18,55,5,1,0,0,1,3,23,0
4843,UP80SJ7658,bike,B1,2024-03-23 18:46:00,2024-03-23 19:44:00,58,completed,18,46,5,1,0,0,1,3,23,1
4844,UP80VA3615,car,C2,2024-03-23 18:25:44,2024-03-23 18:51:44,26,completed,18,25,5,1,0,0,1,3,23,0
4845,UP80VA3615,car,C4,2024-03-23 18:23:37,2024-03-23 20:02:37,99,completed,18,23,5,1,0,0,1,3,23,0
4846,UP80NC1771,car,C5,2024-03-23 18:21:41,2024-03-23 19:53:41,92,completed,18,21,5,1,0,0,1,3,23,0
4847,UP80WW7227,car,C6,2024-03-23 18:49:18,2024-03-23 20:24:18,95,completed,18,49,5,1,0,0,1,3,23,0
4848,UP80SJ3547,car,C7,2024-03-23 18:16:44,2024-03-23 19:34:44,78,completed,18,16,5,1,0,0,1,3,23,0
4849,UP80NV4228,car,C2,2024-03-23 19:23:29,2024-03-23 20:28:29,65,completed,19,23,5,1,0,0,1,3,23,0
4850,UP80SS2169,bike,B2,2024-03-23 19:41:46,2024-03-23 20:41:46,60,completed,19,41,5,1,0,0,1,3,23,1
4851,UP80ML4501,bike,B3,2024-03-23 19:34:21,2024-03-23 20:07:21,33,completed,19,34,5,1,0,0,1,3,23,1
4852,UP80FA6168,bike,B4,2024-03-23 19:15:55,2024-03-23 20:44:55,89,completed,19,15,5,1,0,0,1,3,23,1
4853,UP80AT5315,car,C3,2024-03-23 19:22:35,2024-03-23 20:53:35,91,completed,19,22,5,1,0,0,1,3,23,0
4854,UP80SX5930,bike,B5,2024-03-23 19:38:19,2024-03-23 20:08:19,30,completed,19,38,5,1,0,0,1,3,23,1
4855,UP80SX2424,car,C7,2024-03-23 19:06:41,2024-03-23 21:00:41,114,completed,19,6,5,1,0,0,1,3,23,0
4856,UP80VA3615,car,C1,2024-03-23 21:58:16,2024-03-24 01:10:16,192,completed,21,58,5,1,0,0,0,3,23,0
4857,UP80SS2169,bike,B1,2024-03-23 22:26:10,2024-03-23 23:14:10,48,completed,22,26,5,1,0,0,0,3,23,1
4858,UP80LU5543,car,C2,2024-03-23 22:16:25,2024-03-24 00:21:25,125,completed,22,16,5,1,0,0,0,3,23,0
4859,UP80SX2424,car,C1,2024-03-24 08:50:41,2024-03-24 13:28:41,278,completed,8,50,6,1,1,0,0,3,24,0
4860,UP80LL5557,car,C2,2024-03-24 08:33:20,2024-03-24 13:46:20,313,completed,8,33,6,1,1,0,0,3,24,0
4861,UP80FA6168,bike,B1,2024-03-24 09:45:09,2024-03-24 12:07:09,142,completed,9,45,6,1,1,0,0,3,24,1
4862,UP80LV9702,bike,B2,2024-03-24 09:49:50,2024-03-24 12:36:50,167,completed,9,49,6,1,1,0,0,3,24,1
4863,UP80NZ7201,car,C3,2024-03-24 09:43:15,2024-03-24 14:43:15,300,completed,9,43,6,1,1,0,0,3,24,0
4864,UP80CA5658,bike,B3,2024-03-24 11:56:43,2024-03-24 12:38:43,42,completed,11,56,6,1,0,0,0,3,24,1
4865,UP80NC1771,car,C4,2024-03-24 11:26:02,2024-03-24 13:27:02,121,completed,11,26,6,1,0,0,0,3,24,0
4866,UP80CL5533,bike,B1,2024-03-24 12:49:05,2024-03-24 13:48:05,59,completed,12,49,6,1,0,1,0,3,24,1
4867,UP80UM5397,car,C5,2024-03-24 12:52:06,2024-03-24 13:46:06,54,completed,12,52,6,1,0,1,0,3,24,0
4868,UP80PA2343,car,C6,2024-03-24 12:29:58,2024-03-24 13:23:58,54,completed,12,29,6,1,0,1,0,3,24,0
4869,UP80FM8517,bike,B2,2024-03-24 13:19:39,2024-03-24 14:12:39,53,completed,13,19,6,1,0,1,0,3,24,1
4870,UP80XW2746,bike,B3,2024-03-24 13:45:49,2024-03-24 14:00:49,15,completed,13,45,6,1,0,1,0,3,24,1
4871,UP80GR6977,car,C1,2024-03-24 15:52:56,2024-03-24 17:41:56,109,completed,15,52,6,1,0,0,0,3,24,0
4872,UP80QA2535,bike,B1,2024-03-24 15:54:57,2024-03-24 17:13:57,79,completed,15,54,6,1,0,0,0,3,24,1
4873,UP80FA6168,bike,B2,2024-03-24 15:43:46,2024-03-24 16:49:46,66,completed,15,43,6,1,0,0,0,3,24,1
4874,UP80FD2679,bike,B2,2024-03-24 16:52:09,2024-03-24 17:35:09,43,completed,16,52,6,1,0,0,0,3,24,1
4875,UP80DD9830,car,C2,2024-03-24 16:54:21,2024-03-24 19:02:21,128,completed,16,54,6,1,0,0,0,3,24,0
4876,UP80BF8953,car,C3,2024-03-24 16:16:45,2024-03-24 18:35:45,139,completed,16,16,6,1,0,0,0,3,24,0
4877,UP80SF4262,car,C4,2024-03-24 17:32:55,2024-03-24 18:11:55,39,completed,17,32,6,1,0,0,1,3,24,0
4878,UP80NZ7201,car,C5,2024-03-24 17:08:43,2024-03-24 18:57:43,109,completed,17,8,6,1,0,0,1,3,24,0
4879,UP80CC6635,car,C1,2024-03-24 18:10:04,2024-03-24 19:20:04,70,completed,18,10,6,1,0,0,1,3,24,0
4880,UP80SC9797,car,C3,2024-03-24 18:59:06,2024-03-24 20:37:06,98,completed,18,59,6,1,0,0,1,3,24,0
4881,UP80XW5889,car,C4,2024-03-24 18:09:53,2024-03-24 19:59:53,110,completed,18,9,6,1,0,0,1,3,24,0
4882,UP80MJ5232,car,C5,2024-03-24 18:20:28,2024-03-24 19:24:28,64,completed,18,20,6,1,0,0,1,3,24,0
4883,UP80BH6925,bike,B1,2024-03-24 19:24:58,2024-03-24 20:39:58,75,completed,19,24,6,1,0,0,1,3,24,1
4884,UP80NZ1188,bike,B2,2024-03-24 19:18:59,2024-03-24 20:38:59,80,completed,19,18,6,1,0,0,1,3,24,1
4885,UP80DK4598,car,C1,2024-03-24 19:49:44,2024-03-24 21:30:44,101,completed,19,49,6,1,0,0,1,3,24,0
4886,UP80FU2674,car,C1,2024-03-24 21:32:01,2024-03-24 23:13:01,101,completed,21,32,6,1,0,0,0,3,24,0
4887,UP80SC9797,car,C2,2024-03-24 21:35:52,2024-03-24 23:58:52,143,completed,21,35,6,1,0,0,0,3,24,0
4888,UP80LL5557,car,C3,2024-03-24 22:46:27,2024-03-25 01:04:27,138,completed,22,46,6,1,0,0,0,3,24,0
4889,UP80EC8062,car,C1,2024-03-24 23:57:17,2024-03-25 01:26:17,89,completed,23,57,6,1,0,0,0,3,24,0
4890,UP80KB6155,car,C1,2024-03-25 00:56:52,2024-03-25 03:55:52,179,completed,0,56,0,0,0,0,0,3,25,0
4891,UP80FM8517,bike,B1,2024-03-25 00:54:19,2024-03-25 02:07:19,73,completed,0,54,0,0,0,0,0,3,25,1
4892,UP80PT9928,car,C1,2024-03-25 04:19:06,2024-03-25 07:01:06,162,completed,4,19,0,0,0,0,0,3,25,0
4893,UP80PS1750,bike,B1,2024-03-25 05:25:02,2024-03-25 06:36:02,71,completed,5,25,0,0,0,0,0,3,25,1
4894,UP80CL8433,car,C1,2024-03-25 07:50:58,2024-03-25 13:42:58,352,completed,7,50,0,0,1,0,0,3,25,0
4895,UP80GB4929,car,C2,2024-03-25 08:02:36,2024-03-25 13:51:36,349,completed,8,2,0,0,1,0,0,3,25,0
4896,UP80VA3615,car,C3,2024-03-25 08:19:08,2024-03-25 14:19:08,360,completed,8,19,0,0,1,0,0,3,25,0
4897,UP80QA2535,bike,B1,2024-03-25 08:45:38,2024-03-25 13:01:38,256,completed,8,45,0,0,1,0,0,3,25,1
4898,UP80LL5557,car,C4,2024-03-25 08:55:23,2024-03-25 15:10:23,375,completed,8,55,0,0,1,0,0,3,25,0
4899,UP80PP6138,bike,B2,2024-03-25 08:12:25,2024-03-25 11:13:25,181,completed,8,12,0,0,1,0,0,3,25,1
4900,UP80VA3615,car,C5,2024-03-25 09:00:29,2024-03-25 14:27:29,327,completed,9,0,0,0,1,0,0,3,25,0
4901,UP80ZU9317,car,C6,2024-03-25 09:21:59,2024-03-25 15:21:59,360,completed,9,21,0,0,1,0,0,3,25,0
4902,UP80JB6409,bike,B3,2024-03-25 09:46:08,2024-03-25 15:55:08,369,completed,9,46,0,0,1,0,0,3,25,1
4903,UP80DH1958,bike,B4,2024-03-25 10:10:25,2024-03-25 11:37:25,87,completed,10,10,0,0,0,0,0,3,25,1
4904,UP80DS4571,car,C7,2024-03-25 10:47:59,2024-03-25 13:24:59,157,completed,10,47,0,0,0,0,0,3,25,0
4905,UP80GR6977,car,C8,2024-03-25 11:45:32,2024-03-25 13:22:32,97,completed,11,45,0,0,0,0,0,3,25,0
4906,UP80NZ7201,car,C9,2024-03-25 12:53:59,2024-03-25 13:52:59,59,completed,12,53,0,0,0,1,0,3,25,0
4907,UP80KQ8668,bike,B1,2024-03-25 13:49:23,2024-03-25 14:38:23,49,completed,13,49,0,0,0,1,0,3,25,1
4908,UP80RA5506,car,C1,2024-03-25 13:53:39,2024-03-25 14:41:39,48,completed,13,53,0,0,0,1,0,3,25,0
4909,UP80QE5010,car,C2,2024-03-25 13:26:23,2024-03-25 14:39:23,73,completed,13,26,0,0,0,1,0,3,25,0
4910,UP80CL8433,car,C7,2024-03-25 13:21:58,2024-03-25 14:02:58,41,completed,13,21,0,0,0,1,0,3,25,0
4911,UP80SW1916,bike,B2,2024-03-25 13:13:49,2024-03-25 14:20:49,67,completed,13,13,0,0,0,1,0,3,25,1
4912,UP80PT9928,car,C8,2024-03-25 13:47:05,2024-03-25 15:15:05,88,completed,13,47,0,0,0,1,0,3,25,0
4913,UP80NZ7201,car,C7,2024-03-25 14:09:58,2024-03-25 16:39:58,150,completed,14,9,0,0,0,0,0,3,25,0
4914,UP80WD3621,bike,B2,2024-03-25 14:32:40,2024-03-25 15:58:40,86,completed,14,32,0,0,0,0,0,3,25,1
4915,UP80PS1750,bike,B4,2024-03-25 14:36:37,2024-03-25 15:28:37,52,completed,14,36,0,0,0,0,0,3,25,1
4916,UP80VL2040,car,C1,2024-03-25 15:38:29,2024-03-25 18:35:29,177,completed,15,38,0,0,0,0,0,3,25,0
4917,UP80FD2679,bike,B1,2024-03-25 15:05:54,2024-03-25 16:28:54,83,completed,15,5,0,0,0,0,0,3,25,1
4918,UP80KT2245,car,C2,2024-03-25 15:32:28,2024-03-25 18:06:28,154,completed,15,32,0,0,0,0,0,3,25,0
4919,UP80KB6155,car,C3,2024-03-25 15:19:04,2024-03-25 17:36:04,137,completed,15,19,0,0,0,0,0,3,25,0
4920,UP80PS1750,bike,B2,2024-03-25 16:25:16,2024-03-25 17:40:16,75,completed,16,25,0,0,0,0,0,3,25,1
4921,UP80AT5315,car,C4,2024-03-25 16:48:40,2024-03-25 18:35:40,107,completed,16,48,0,0,0,0,0,3,25,0
4922,UP80UU6573,car,C5,2024-03-25 17:24:35,2024-03-25 19:14:35,110,completed,17,24,0,0,0,0,1,3,25,0
4923,UP80BD7275,car,C6,2024-03-25 17:29:48,2024-03-25 18:15:48,46,completed,17,29,0,0,0,0,1,3,25,0
4924,UP80GR6977,car,C3,2024-03-25 17:54:03,2024-03-25 19:33:03,99,completed,17,54,0,0,0,0,1,3,25,0
4925,UP80AT5315,car,C7,2024-03-25 17:14:19,2024-03-25 18:54:19,100,completed,17,14,0,0,0,0,1,3,25,0
4926,UP80EC8062,car,C1,2024-03-25 18:40:42,2024-03-25 19:38:42,58,completed,18,40,0,0,0,0,1,3,25,0
4927,UP80RU2307,car,C2,2024-03-25 18:40:48,2024-03-25 20:30:48,110,completed,18,40,0,0,0,0,1,3,25,0
4928,UP80YE4457,bike,B1,2024-03-25 19:16:37,2024-03-25 20:35:37,79,completed,19,16,0,0,0,0,1,3,25,1
4929,UP80GT1027,car,C1,2024-03-25 19:53:46,2024-03-25 22:36:46,163,completed,19,53,0,0,0,0,1,3,25,0
4930,UP80JB6409,bike,B1,2024-03-25 20:57:16,2024-03-25 21:34:16,37,completed,20,57,0,0,0,0,0,3,25,1
4931,UP80SC9797,car,C2,2024-03-25 20:07:49,2024-03-25 21:57:49,110,completed,20,7,0,0,0,0,0,3,25,0
4932,UP80JZ3266,car,C3,2024-03-25 21:02:37,2024-03-25 23:50:37,168,completed,21,2,0,0,0,0,0,3,25,0
4933,UP80VA3615,car,C4,2024-03-25 21:46:51,2024-03-25 21:51:51,5,completed,21,46,0,0,0,0,0,3,25,0
4934,UP80AT5315,car,C1,2024-03-26 04:24:14,2024-03-26 05:52:14,88,completed,4,24,1,0,0,0,0,3,26,0
4935,UP80KS8699,car,C2,2024-03-26 05:11:56,2024-03-26 07:24:56,133,completed,5,11,1,0,0,0,0,3,26,0
4936,UP80JZ3266,car,C1,2024-03-26 06:50:05,2024-03-26 08:42:05,112,completed,6,50,1,0,0,0,0,3,26,0
4937,UP80WX3697,car,C3,2024-03-26 06:48:15,2024-03-26 09:24:15,156,completed,6,48,1,0,0,0,0,3,26,0
4938,UP80SX2424,car,C4,2024-03-26 07:11:11,2024-03-26 14:09:11,418,completed,7,11,1,0,1,0,0,3,26,0
4939,UP80CF4986,bike,B1,2024-03-26 07:26:34,2024-03-26 12:08:34,282,completed,7,26,1,0,1,0,0,3,26,1
4940,UP80RU2307,car,C2,2024-03-26 07:10:14,2024-03-26 12:45:14,335,completed,7,10,1,0,1,0,0,3,26,0
4941,UP80XW5889,car,C5,2024-03-26 08:03:50,2024-03-26 13:26:50,323,completed,8,3,1,0,1,0,0,3,26,0
4942,UP80FM8517,bike,B2,2024-03-26 08:17:24,2024-03-26 11:53:24,216,completed,8,17,1,0,1,0,0,3,26,1
4943,UP80NV3780,car,C1,2024-03-26 08:52:45,2024-03-26 12:23:45,211,completed,8,52,1,0,1,0,0,3,26,0
4944,UP80RA5506,car,C3,2024-03-26 09:45:14,2024-03-26 14:39:14,294,completed,9,45,1,0,1,0,0,3,26,0
4945,UP80SJ3547,car,C6,2024-03-26 09:25:39,2024-03-26 15:48:39,383,completed,9,25,1,0,1,0,0,3,26,0
4946,UP80SJ3547,car,C7,2024-03-26 09:56:25,2024-03-26 16:55:25,419,completed,9,56,1,0,1,0,0,3,26,0
4947,UP80KQ8668,bike,B3,2024-03-26 10:38:19,2024-03-26 11:37:19,59,completed,10,38,1,0,0,0,0,3,26,1
4948,UP80KB6155,car,C8,2024-03-26 10:53:03,2024-03-26 13:31:03,158,completed,10,53,1,0,0,0,0,3,26,0
4949,UP80UU6573,car,C9,2024-03-26 10:55:16,2024-03-26 12:29:16,94,completed,10,55,1,0,0,0,0,3,26,0
4950,UP80VA3615,car,C1,2024-03-26 12:49:21,2024-03-26 14:10:21,81,completed,12,49,1,0,0,1,0,3,26,0
4951,UP80FH7211,car,C2,2024-03-26 12:37:40,2024-03-26 13:40:40,63,completed,12,37,1,0,0,1,0,3,26,0
4952,UP80PP6138,bike,B1,2024-03-26 12:23:22,2024-03-26 12:56:22,33,completed,12,23,1,0,0,1,0,3,26,1
4953,UP80RU2307,car,C9,2024-03-26 12:33:51,2024-03-26 13:53:51,80,completed,12,33,1,0,0,1,0,3,26,0
4954,UP80FD2679,bike,B2,2024-03-26 12:19:08,2024-03-26 13:01:08,42,completed,12,19,1,0,0,1,0,3,26,1
4955,UP80LV9702,bike,B3,2024-03-26 12:30:35,2024-03-26 12:54:35,24,completed,12,30,1,0,0,1,0,3,26,1
4956,UP80QV8527,car,C10,2024-03-26 12:28:34,2024-03-26 13:19:34,51,completed,12,28,1,0,0,1,0,3,26,0
4957,UP80YU5673,bike,B4,2024-03-26 12:02:14,2024-03-26 12:52:14,50,completed,12,2,1,0,0,1,0,3,26,1
4958,UP80PT9928,car,C11,2024-03-26 13:04:58,2024-03-26 14:17:58,73,completed,13,4,1,0,0,1,0,3,26,0
4959,UP80UD6096,car,C5,2024-03-26 13:39:45,2024-03-26 14:22:45,43,completed,13,39,1,0,0,1,0,3,26,0
4960,UP80PJ6419,bike,B1,2024-03-26 13:13:37,2024-03-26 14:07:37,54,completed,13,13,1,0,0,1,0,3,26,1
4961,UP80CA6111,bike,B2,2024-03-26 13:08:34,2024-03-26 13:35:34,27,completed,13,8,1,0,0,1,0,3,26,1
4962,UP80NZ7201,car,C1,2024-03-26 14:58:56,2024-03-26 16:50:56,112,completed,14,58,1,0,0,0,0,3,26,0
4963,UP80WW7227,car,C2,2024-03-26 14:52:51,2024-03-26 17:14:51,142,completed,14,52,1,0,0,0,0,3,26,0
4964,UP80HG6147,car,C3,2024-03-26 14:36:23,2024-03-26 15:27:23,51,completed,14,36,1,0,0,0,0,3,26,0
4965,UP80CL8433,car,C4,2024-03-26 14:36:52,2024-03-26 16:09:52,93,completed,14,36,1,0,0,0,0,3,26,0
4966,UP80QV8527,car,C5,2024-03-26 14:27:00,2024-03-26 16:48:00,141,completed,14,27,1,0,0,0,0,3,26,0
4967,UP80WD3621,bike,B1,2024-03-26 15:34:35,2024-03-26 17:11:35,97,completed,15,34,1,0,0,0,0,3,26,1
4968,UP80VL2040,car,C3,2024-03-26 16:44:02,2024-03-26 18:44:02,120,completed,16,44,1,0,0,0,0,3,26,0
4969,UP80FU2674,car,C4,2024-03-26 16:19:21,2024-03-26 18:39:21,140,completed,16,19,1,0,0,0,0,3,26,0
4970,UP80GB4929,car,C6,2024-03-26 16:10:46,2024-03-26 18:01:46,111,completed,16,10,1,0,0,0,0,3,26,0
4971,UP80NT4613,car,C8,2024-03-26 16:00:05,2024-03-26 17:35:05,95,completed,16,0,1,0,0,0,0,3,26,0
4972,UP80NZ1188,bike,B1,2024-03-26 17:17:04,2024-03-26 18:50:04,93,completed,17,17,1,0,0,0,1,3,26,1
4973,UP80FN1434,bike,B2,2024-03-26 17:31:39,2024-03-26 19:35:39,124,completed,17,31,1,0,0,0,1,3,26,1
4974,UP80NC1771,car,C1,2024-03-26 17:25:26,2024-03-26 19:16:26,111,completed,17,25,1,0,0,0,1,3,26,0
4975,UP80XV2169,car,C2,2024-03-26 17:20:41,2024-03-26 19:05:41,105,completed,17,20,1,0,0,0,1,3,26,0
4976,UP80WW7227,car,C5,2024-03-26 17:43:43,2024-03-26 19:23:43,100,completed,17,43,1,0,0,0,1,3,26,0
4977,UP80NG1832,bike,B3,2024-03-26 18:17:10,2024-03-26 19:48:10,91,completed,18,17,1,0,0,0,1,3,26,1
4978,UP80JB6409,bike,B4,2024-03-26 18:30:34,2024-03-26 19:26:34,56,completed,18,30,1,0,0,0,1,3,26,1
4979,UP80NZ7201,car,C6,2024-03-26 18:18:47,2024-03-26 19:59:47,101,completed,18,18,1,0,0,0,1,3,26,0
4980,UP80PP6138,bike,B5,2024-03-26 18:23:32,2024-03-26 20:09:32,106,completed,18,23,1,0,0,0,1,3,26,1
4981,UP80BH6925,bike,B1,2024-03-26 18:57:15,2024-03-26 19:40:15,43,completed,18,57,1,0,0,0,1,3,26,1
4982,UP80PT9928,car,C3,2024-03-26 18:00:27,2024-03-26 19:58:27,118,completed,18,0,1,0,0,0,1,3,26,0
4983,UP80ZU9317,car,C4,2024-03-26 18:55:16,2024-03-26 20:34:16,99,completed,18,55,1,0,0,0,1,3,26,0
4984,UP80SC9797,car,C1,2024-03-26 19:31:04,2024-03-26 21:14:04,103,completed,19,31,1,0,0,0,1,3,26,0
4985,UP80GL8613,car,C2,2024-03-26 19:21:32,2024-03-26 20:48:32,87,completed,19,21,1,0,0,0,1,3,26,0
4986,UP80CA6111,bike,B4,2024-03-26 19:23:02,2024-03-26 20:35:02,72,completed,19,23,1,0,0,0,1,3,26,1
4987,UP80WD3621,bike,B6,2024-03-26 19:27:31,2024-03-26 20:39:31,72,completed,19,27,1,0,0,0,1,3,26,1
4988,UP80SJ3547,car,C5,2024-03-26 19:08:22,2024-03-26 20:31:22,83,completed,19,8,1,0,0,0,1,3,26,0
4989,UP80ZB4044,car,C7,2024-03-26 19:02:07,2024-03-26 19:46:07,44,completed,19,2,1,0,0,0,1,3,26,0
4990,UP80FU2674,car,C8,2024-03-26 19:08:15,2024-03-26 20:23:15,75,completed,19,8,1,0,0,0,1,3,26,0
4991,UP80SJ7658,bike,B2,2024-03-26 19:36:28,2024-03-26 20:07:28,31,completed,19,36,1,0,0,0,1,3,26,1
4992,UP80KQ8668,bike,B1,2024-03-26 19:48:30,2024-03-26 20:40:30,52,completed,19,48,1,0,0,0,1,3,26,1
4993,UP80JB6409,bike,B2,2024-03-26 20:10:37,2024-03-26 20:27:37,17,completed,20,10,1,0,0,0,0,3,26,1
4994,UP80WX3697,car,C2,2024-03-26 20:58:23,2024-03-26 22:37:23,99,completed,20,58,1,0,0,0,0,3,26,0
4995,UP80SL9548,car,C3,2024-03-26 21:04:27,2024-03-26 22:53:27,109,completed,21,4,1,0,0,0,0,3,26,0
4996,UP80KH8633,car,C1,2024-03-26 21:38:10,2024-03-26 23:24:10,106,completed,21,38,1,0,0,0,0,3,26,0
4997,UP80FR7528,car,C4,2024-03-26 22:21:53,2024-03-27 00:14:53,113,completed,22,21,1,0,0,0,0,3,26,0
4998,UP80DK4598,car,C1,2024-03-27 03:58:04,2024-03-27 05:39:04,101,completed,3,58,2,0,0,0,0,3,27,0
4999,UP80QM2832,bike,B1,2024-03-27 07:26:36,2024-03-27 12:27:36,301,completed,7,26,2,0,1,0,0,3,27,1
5000,UP80XW5889,car,C1,2024-03-27 07:33:17,2024-03-27 12:34:17,301,completed,7,33,2,0,1,0,0,3,27,0
5001,UP80DK4598,car,C2,2024-03-27 07:51:14,2024-03-27 11:37:14,226,completed,7,51,2,0,1,0,0,3,27,0
5002,UP80KY5033,car,C3,2024-03-27 08:17:28,2024-03-27 12:25:28,248,completed,8,17,2,0,1,0,0,3,27,0
5003,UP80RU2307,car,C4,2024-03-27 08:10:36,2024-03-27 15:27:36,437,completed,8,10,2,0,1,0,0,3,27,0
5004,UP80DD9830,car,C5,2024-03-27 08:41:48,2024-03-27 12:28:48,227,completed,8,41,2,0,1,0,0,3,27,0
5005,UP80MY5892,car,C6,2024-03-27 08:43:26,2024-03-27 15:08:26,385,completed,8,43,2,0,1,0,0,3,27,0
5006,UP80ZU9317,car,C7,2024-03-27 08:05:22,2024-03-27 12:20:22,255,completed,8,5,2,0,1,0,0,3,27,0
5007,UP80GQ7543,car,C8,2024-03-27 08:01:50,2024-03-27 14:05:50,364,completed,8,1,2,0,1,0,0,3,27,0
5008,UP80BJ3143,bike,B2,2024-03-27 08:19:29,2024-03-27 11:43:29,204,completed,8,19,2,0,1,0,0,3,27,1
5009,UP80NZ7201,car,C9,2024-03-27 08:25:20,2024-03-27 15:12:20,407,completed,8,25,2,0,1,0,0,3,27,0
5010,UP80JX5526,bike,B3,2024-03-27 08:36:02,2024-03-27 13:36:02,300,completed,8,36,2,0,1,0,0,3,27,1
5011,UP80NC1771,car,C10,2024-03-27 09:03:27,2024-03-27 13:23:27,260,completed,9,3,2,0,1,0,0,3,27,0
5012,UP80JZ3266,car,C11,2024-03-27 09:41:19,2024-03-27 16:47:19,426,completed,9,41,2,0,1,0,0,3,27,0
5013,UP80QE5010,car,C12,2024-03-27 09:32:31,2024-03-27 14:55:31,323,completed,9,32,2,0,1,0,0,3,27,0
5014,UP80FK5915,car,C13,2024-03-27 09:03:45,2024-03-27 16:23:45,440,completed,9,3,2,0,1,0,0,3,27,0
5015,UP80XW5889,car,C14,2024-03-27 09:41:15,2024-03-27 15:07:15,326,completed,9,41,2,0,1,0,0,3,27,0
5016,UP80GQ7543,car,C15,2024-03-27 10:45:47,2024-03-27 12:46:47,121,completed,10,45,2,0,0,0,0,3,27,0
5017,UP80SJ7658,bike,B4,2024-03-27 10:28:23,2024-03-27 11:59:23,91,completed,10,28,2,0,0,0,0,3,27,1
5018,UP80QZ4180,bike,B5,2024-03-27 10:12:19,2024-03-27 11:21:19,69,completed,10,12,2,0,0,0,0,3,27,1
5019,UP80GR6977,car,C16,2024-03-27 10:36:25,2024-03-27 12:24:25,108,completed,10,36,2,0,0,0,0,3,27,0
5020,UP80QV8527,car,C2,2024-03-27 11:49:42,2024-03-27 14:14:42,145,completed,11,49,2,0,0,0,0,3,27,0
5021,UP80KQ8668,bike,B2,2024-03-27 11:50:44,2024-03-27 12:27:44,37,completed,11,50,2,0,0,0,0,3,27,1
5022,UP80KQ8668,bike,B5,2024-03-27 11:21:29,2024-03-27 12:43:29,82,completed,11,21,2,0,0,0,0,3,27,1
5023,UP80FD2679,bike,B6,2024-03-27 11:06:57,2024-03-27 12:37:57,91,completed,11,6,2,0,0,0,0,3,27,1
5024,UP80BH6925,bike,B4,2024-03-27 12:21:15,2024-03-27 13:01:15,40,completed,12,21,2,0,0,1,0,3,27,1
5025,UP80LV9702,bike,B7,2024-03-27 12:03:11,2024-03-27 12:37:11,34,completed,12,3,2,0,0,1,0,3,27,1
5026,UP80PW3426,car,C7,2024-03-27 12:09:18,2024-03-27 13:44:18,95,completed,12,9,2,0,0,1,0,3,27,0
5027,UP80FA6168,bike,B8,2024-03-27 12:01:40,2024-03-27 12:56:40,55,completed,12,1,2,0,0,1,0,3,27,1
5028,UP80SW1916,bike,B9,2024-03-27 12:10:03,2024-03-27 13:20:03,70,completed,12,10,2,0,0,1,0,3,27,1
5029,UP80KR4185,car,C1,2024-03-27 13:02:20,2024-03-27 14:16:20,74,completed,13,2,2,0,0,1,0,3,27,0
5030,UP80FD2679,bike,B1,2024-03-27 13:08:20,2024-03-27 13:56:20,48,completed,13,8,2,0,0,1,0,3,27,1
5031,UP80SW1916,bike,B2,2024-03-27 13:31:45,2024-03-27 14:02:45,31,completed,13,31,2,0,0,1,0,3,27,1
5032,UP80GR6977,car,C3,2024-03-27 13:03:51,2024-03-27 14:38:51,95,completed,13,3,2,0,0,1,0,3,27,0
5033,UP80FU2674,car,C1,2024-03-27 14:40:44,2024-03-27 17:13:44,153,completed,14,40,2,0,0,0,0,3,27,0
5034,UP80DK4598,car,C2,2024-03-27 14:43:43,2024-03-27 17:30:43,167,completed,14,43,2,0,0,0,0,3,27,0
5035,UP80AT5315,car,C3,2024-03-27 14:25:19,2024-03-27 15:57:19,92,completed,14,25,2,0,0,0,0,3,27,0
5036,UP80QE5010,car,C5,2024-03-27 14:23:54,2024-03-27 15:56:54,93,completed,14,23,2,0,0,0,0,3,27,0
5037,UP80GW7932,bike,B1,2024-03-27 15:14:32,2024-03-27 17:09:32,115,completed,15,14,2,0,0,0,0,3,27,1
5038,UP80RU2307,car,C6,2024-03-27 15:04:37,2024-03-27 16:39:37,95,completed,15,4,2,0,0,0,0,3,27,0
5039,UP80QR3041,car,C4,2024-03-27 15:52:46,2024-03-27 18:22:46,150,completed,15,52,2,0,0,0,0,3,27,0
5040,UP80JN9785,bike,B2,2024-03-27 16:47:14,2024-03-27 17:48:14,61,completed,16,47,2,0,0,0,0,3,27,1
5041,UP80BF8953,car,C3,2024-03-27 16:39:16,2024-03-27 17:38:16,59,completed,16,39,2,0,0,0,0,3,27,0
5042,UP80QE5010,car,C5,2024-03-27 16:07:21,2024-03-27 17:12:21,65,completed,16,7,2,0,0,0,0,3,27,0
5043,UP80DB8784,car,C1,2024-03-27 17:22:31,2024-03-27 18:32:31,70,completed,17,22,2,0,0,0,1,3,27,0
5044,UP80GR6977,car,C2,2024-03-27 17:32:40,2024-03-27 19:10:40,98,completed,17,32,2,0,0,0,1,3,27,0
5045,UP80GQ7543,car,C5,2024-03-27 17:26:15,2024-03-27 19:18:15,112,completed,17,26,2,0,0,0,1,3,27,0
5046,UP80SC9797,car,C3,2024-03-27 17:54:54,2024-03-27 19:45:54,111,completed,17,54,2,0,0,0,1,3,27,0
5047,UP80CB9056,car,C6,2024-03-27 17:42:23,2024-03-27 18:48:23,66,completed,17,42,2,0,0,0,1,3,27,0
5048,UP80BD7275,car,C7,2024-03-27 17:00:55,2024-03-27 18:40:55,100,completed,17,0,2,0,0,0,1,3,27,0
5049,UP80DJ5374,bike,B1,2024-03-27 17:27:04,2024-03-27 18:54:04,87,completed,17,27,2,0,0,0,1,3,27,1
5050,UP80SW1916,bike,B2,2024-03-27 17:35:42,2024-03-27 19:07:42,92,completed,17,35,2,0,0,0,1,3,27,1
5051,UP80JZ3266,car,C8,2024-03-27 17:42:41,2024-03-27 19:00:41,78,completed,17,42,2,0,0,0,1,3,27,0
5052,UP80GQ7543,car,C9,2024-03-27 17:12:43,2024-03-27 18:44:43,92,completed,17,12,2,0,0,0,1,3,27,0
5053,UP80ZY4295,bike,B3,2024-03-27 17:01:58,2024-03-27 18:14:58,73,completed,17,1,2,0,0,0,1,3,27,1
5054,UP80DJ5374,bike,B4,2024-03-27 17:06:02,2024-03-27 17:47:02,41,completed,17,6,2,0,0,0,1,3,27,1
5055,UP80LL5557,car,C10,2024-03-27 17:48:48,2024-03-27 19:46:48,118,completed,17,48,2,0,0,0,1,3,27,0
5056,UP80KQ8668,bike,B3,2024-03-27 18:38:09,2024-03-27 19:20:09,42,completed,18,38,2,0,0,0,1,3,27,1
5057,UP80SC9797,car,C1,2024-03-27 18:33:32,2024-03-27 19:56:32,83,completed,18,33,2,0,0,0,1,3,27,0
5058,UP80VA3615,car,C4,2024-03-27 18:51:57,2024-03-27 20:16:57,85,completed,18,51,2,0,0,0,1,3,27,0
5059,UP80VA3615,car,C6,2024-03-27 18:24:15,2024-03-27 19:24:15,60,completed,18,24,2,0,0,0,1,3,27,0
5060,UP80SZ2612,car,C7,2024-03-27 18:45:34,2024-03-27 20:34:34,109,completed,18,45,2,0,0,0,1,3,27,0
5061,UP80DD9830,car,C9,2024-03-27 18:33:52,2024-03-27 20:11:52,98,completed,18,33,2,0,0,0,1,3,27,0
5062,UP80AT5315,car,C11,2024-03-27 18:22:40,2024-03-27 19:48:40,86,completed,18,22,2,0,0,0,1,3,27,0
5063,UP80KS8699,car,C12,2024-03-27 18:24:21,2024-03-27 19:06:21,42,completed,18,24,2,0,0,0,1,3,27,0
5064,UP80SX2424,car,C13,2024-03-27 18:24:30,2024-03-27 19:36:30,72,completed,18,24,2,0,0,0,1,3,27,0
5065,UP80ZG8827,bike,B1,2024-03-27 19:00:30,2024-03-27 19:28:30,28,completed,19,0,2,0,0,0,1,3,27,1
5066,UP80BZ1241,bike,B1,2024-03-27 19:46:40,2024-03-27 21:04:40,78,completed,19,46,2,0,0,0,1,3,27,1
5067,UP80KA8711,car,C2,2024-03-27 19:43:42,2024-03-27 20:32:42,49,completed,19,43,2,0,0,0,1,3,27,0
5068,UP80DJ5374,bike,B2,2024-03-27 19:29:13,2024-03-27 20:55:13,86,completed,19,29,2,0,0,0,1,3,27,1
5069,UP80FD2679,bike,B3,2024-03-27 19:01:29,2024-03-27 20:33:29,92,completed,19,1,2,0,0,0,1,3,27,1
5070,UP80NZ1188,bike,B4,2024-03-27 19:49:25,2024-03-27 20:59:25,70,completed,19,49,2,0,0,0,1,3,27,1
5071,UP80CL8433,car,C3,2024-03-27 19:48:38,2024-03-27 20:48:38,60,completed,19,48,2,0,0,0,1,3,27,0
5072,UP80BH6925,bike,B5,2024-03-27 19:22:18,2024-03-27 21:02:18,100,completed,19,22,2,0,0,0,1,3,27,1
5073,UP80XV1653,car,C5,2024-03-27 19:26:29,2024-03-27 20:38:29,72,completed,19,26,2,0,0,0,1,3,27,0
5074,UP80KQ8668,bike,B6,2024-03-27 19:02:27,2024-03-27 20:29:27,87,completed,19,2,2,0,0,0,1,3,27,1
5075,UP80FN1434,bike,B3,2024-03-27 20:46:26,2024-03-27 22:16:26,90,completed,20,46,2,0,0,0,0,3,27,1
5076,UP80GQ7543,car,C1,2024-03-27 20:31:57,2024-03-27 22:04:57,93,completed,20,31,2,0,0,0,0,3,27,0
5077,UP80SW1916,bike,B6,2024-03-27 20:19:22,2024-03-27 21:12:22,53,completed,20,19,2,0,0,0,0,3,27,1
5078,UP80SS2169,bike,B7,2024-03-27 20:52:25,2024-03-27 21:28:25,36,completed,20,52,2,0,0,0,0,3,27,1
5079,UP80TW3091,car,C2,2024-03-27 20:15:59,2024-03-27 23:08:59,173,completed,20,15,2,0,0,0,0,3,27,0
5080,UP80FU2674,car,C3,2024-03-27 20:28:13,2024-03-27 22:44:13,136,completed,20,28,2,0,0,0,0,3,27,0
5081,UP80SW1916,bike,B2,2024-03-27 21:01:46,2024-03-27 21:13:46,12,completed,21,1,2,0,0,0,0,3,27,1
5082,UP80YC3200,bike,B1,2024-03-27 21:27:21,2024-03-27 22:30:21,63,completed,21,27,2,0,0,0,0,3,27,1
5083,UP80WD3621,bike,B2,2024-03-27 21:15:49,2024-03-27 22:11:49,56,completed,21,15,2,0,0,0,0,3,27,1
5084,UP80VL2040,car,C4,2024-03-27 21:43:12,2024-03-27 23:46:12,123,completed,21,43,2,0,0,0,0,3,27,0
5085,UP80AT5315,car,C5,2024-03-27 21:44:35,2024-03-27 23:59:35,135,completed,21,44,2,0,0,0,0,3,27,0
5086,UP80WD3621,bike,B4,2024-03-27 21:06:23,2024-03-27 21:34:23,28,completed,21,6,2,0,0,0,0,3,27,1
5087,UP80LL5557,car,C6,2024-03-27 21:43:09,2024-03-28 00:19:09,156,completed,21,43,2,0,0,0,0,3,27,0
5088,UP80KB6155,car,C1,2024-03-28 05:22:06,2024-03-28 08:08:06,166,completed,5,22,3,0,0,0,0,3,28,0
5089,UP80JZ3266,car,C2,2024-03-28 06:10:09,2024-03-28 08:19:09,129,completed,6,10,3,0,0,0,0,3,28,0
5090,UP80RU2307,car,C3,2024-03-28 06:03:00,2024-03-28 07:07:00,64,completed,6,3,3,0,0,0,0,3,28,0
5091,UP80DJ5374,bike,B1,2024-03-28 07:02:08,2024-03-28 11:59:08,297,completed,7,2,3,0,1,0,0,3,28,1
5092,UP80FY8260,bike,B2,2024-03-28 08:29:28,2024-03-28 12:43:28,254,completed,8,29,3,0,1,0,0,3,28,1
5093,UP80FA6168,bike,B3,2024-03-28 08:11:23,2024-03-28 10:33:23,142,completed,8,11,3,0,1,0,0,3,28,1
5094,UP80NZ1188,bike,B4,2024-03-28 08:52:16,2024-03-28 12:40:16,228,completed,8,52,3,0,1,0,0,3,28,1
5095,UP80KQ8668,bike,B5,2024-03-28 09:54:40,2024-03-28 14:00:40,246,completed,9,54,3,0,1,0,0,3,28,1
5096,UP80SX2424,car,C1,2024-03-28 09:04:26,2024-03-28 14:57:26,353,completed,9,4,3,0,1,0,0,3,28,0
5097,UP80LY2188,car,C2,2024-03-28 09:45:34,2024-03-28 15:51:34,366,completed,9,45,3,0,1,0,0,3,28,0
5098,UP80GR6977,car,C3,2024-03-28 09:33:35,2024-03-28 16:03:35,390,completed,9,33,3,0,1,0,0,3,28,0
5099,UP80AT5315,car,C4,2024-03-28 10:31:40,2024-03-28 11:23:40,52,completed,10,31,3,0,0,0,0,3,28,0
5100,UP80WD3621,bike,B6,2024-03-28 10:26:05,2024-03-28 11:25:05,59,completed,10,26,3,0,0,0,0,3,28,1
5101,UP80UU6573,car,C5,2024-03-28 10:25:39,2024-03-28 12:54:39,149,completed,10,25,3,0,0,0,0,3,28,0
5102,UP80RA5506,car,C6,2024-03-28 10:18:19,2024-03-28 11:04:19,46,completed,10,18,3,0,0,0,0,3,28,0
5103,UP80XV1653,car,C6,2024-03-28 11:09:10,2024-03-28 13:01:10,112,completed,11,9,3,0,0,0,0,3,28,0
5104,UP80BF5345,bike,B3,2024-03-28 11:34:34,2024-03-28 12:35:34,61,completed,11,34,3,0,0,0,0,3,28,1
5105,UP80NC1771,car,C4,2024-03-28 11:46:04,2024-03-28 13:47:04,121,completed,11,46,3,0,0,0,0,3,28,0
5106,UP80FN1434,bike,B1,2024-03-28 12:23:02,2024-03-28 13:13:02,50,completed,12,23,3,0,0,1,0,3,28,1
5107,UP80TB6733,bike,B2,2024-03-28 12:53:53,2024-03-28 13:46:53,53,completed,12,53,3,0,0,1,0,3,28,1
5108,UP80VA3615,car,C4,2024-03-28 14:43:24,2024-03-28 16:47:24,124,completed,14,43,3,0,0,0,0,3,28,0
5109,UP80SL9548,car,C1,2024-03-28 14:58:16,2024-03-28 17:02:16,124,completed,14,58,3,0,0,0,0,3,28,0
5110,UP80FD2679,bike,B1,2024-03-28 14:26:00,2024-03-28 15:03:00,37,completed,14,26,3,0,0,0,0,3,28,1
5111,UP80BT2790,bike,B1,2024-03-28 16:16:29,2024-03-28 17:53:29,97,completed,16,16,3,0,0,0,0,3,28,1
5112,UP80CU2983,bike,B2,2024-03-28 16:47:07,2024-03-28 17:38:07,51,completed,16,47,3,0,0,0,0,3,28,1
5113,UP80QE5010,car,C2,2024-03-28 16:51:51,2024-03-28 19:13:51,142,completed,16,51,3,0,0,0,0,3,28,0
5114,UP80SS2169,bike,B3,2024-03-28 16:42:43,2024-03-28 17:37:43,55,completed,16,42,3,0,0,0,0,3,28,1
5115,UP80UU6573,car,C1,2024-03-28 17:46:31,2024-03-28 19:05:31,79,completed,17,46,3,0,0,0,1,3,28,0
5116,UP80PT9928,car,C3,2024-03-28 17:04:02,2024-03-28 18:15:02,71,completed,17,4,3,0,0,0,1,3,28,0
5117,UP80FN1434,bike,B2,2024-03-28 17:17:05,2024-03-28 18:19:05,62,completed,17,17,3,0,0,0,1,3,28,1
5118,UP80LL5557,car,C4,2024-03-28 17:54:54,2024-03-28 19:22:54,88,completed,17,54,3,0,0,0,1,3,28,0
5119,UP80JB6409,bike,B1,2024-03-28 17:19:00,2024-03-28 19:08:00,109,completed,17,19,3,0,0,0,1,3,28,1
5120,UP80VA3615,car,C5,2024-03-28 17:14:10,2024-03-28 18:22:10,68,completed,17,14,3,0,0,0,1,3,28,0
5121,UP80RA5506,car,C6,2024-03-28 17:28:55,2024-03-28 18:45:55,77,completed,17,28,3,0,0,0,1,3,28,0
5122,UP80CL8433,car,C7,2024-03-28 17:32:23,2024-03-28 19:32:23,120,completed,17,32,3,0,0,0,1,3,28,0
5123,UP80CY4848,car,C8,2024-03-28 17:47:17,2024-03-28 18:52:17,65,completed,17,47,3,0,0,0,1,3,28,0
5124,UP80BH6925,bike,B2,2024-03-28 18:52:32,2024-03-28 20:13:32,81,completed,18,52,3,0,0,0,1,3,28,1
5125,UP80WW7227,car,C3,2024-03-28 18:04:01,2024-03-28 19:44:01,100,completed,18,4,3,0,0,0,1,3,28,0
5126,UP80WD3621,bike,B3,2024-03-28 18:58:24,2024-03-28 19:51:24,53,completed,18,58,3,0,0,0,1,3,28,1
5127,UP80QE5010,car,C5,2024-03-28 18:08:48,2024-03-28 19:20:48,72,completed,18,8,3,0,0,0,1,3,28,0
5128,UP80GR6977,car,C6,2024-03-28 18:17:50,2024-03-28 19:18:50,61,completed,18,17,3,0,0,0,1,3,28,0
5129,UP80JZ3266,car,C8,2024-03-28 19:01:14,2024-03-28 20:26:14,85,completed,19,1,3,0,0,0,1,3,28,0
5130,UP80GY7906,bike,B1,2024-03-28 20:37:39,2024-03-28 22:26:39,109,completed,20,37,3,0,0,0,0,3,28,1
5131,UP80PS1750,bike,B2,2024-03-28 21:28:00,2024-03-28 22:43:00,75,completed,21,28,3,0,0,0,0,3,28,1
5132,UP80HF2419,bike,B3,2024-03-28 21:14:25,2024-03-28 22:40:25,86,completed,21,14,3,0,0,0,0,3,28,1
5133,UP80FM8517,bike,B4,2024-03-28 22:18:05,2024-03-28 23:42:05,84,completed,22,18,3,0,0,0,0,3,28,1
5134,UP80CC6635,car,C1,2024-03-28 23:53:24,2024-03-29 01:49:24,116,completed,23,53,3,0,0,0,0,3,28,0
5135,UP80TH6067,bike,B1,2024-03-28 23:27:48,2024-03-29 00:42:48,75,completed,23,27,3,0,0,0,0,3,28,1
5136,UP80RU2307,car,C1,2024-03-29 00:13:46,2024-03-29 02:27:46,134,completed,0,13,4,0,0,0,0,3,29,0
5137,UP80EB1043,car,C1,2024-03-29 06:58:00,2024-03-29 09:50:00,172,completed,6,58,4,0,0,0,0,3,29,0
5138,UP80KB6155,car,C2,2024-03-29 06:51:37,2024-03-29 09:09:37,138,completed,6,51,4,0,0,0,0,3,29,0
5139,UP80YC3200,bike,B1,2024-03-29 06:40:25,2024-03-29 07:47:25,67,completed,6,40,4,0,0,0,0,3,29,1
5140,UP80NC1771,car,C3,2024-03-29 07:47:39,2024-03-29 12:13:39,266,completed,7,47,4,0,1,0,0,3,29,0
5141,UP80GX3546,car,C4,2024-03-29 07:15:06,2024-03-29 15:12:06,477,completed,7,15,4,0,1,0,0,3,29,0
5142,UP80FU2674,car,C5,2024-03-29 07:48:27,2024-03-29 13:19:27,331,completed,7,48,4,0,1,0,0,3,29,0
5143,UP80FU2674,car,C6,2024-03-29 07:17:32,2024-03-29 13:52:32,395,completed,7,17,4,0,1,0,0,3,29,0
5144,UP80SW1916,bike,B1,2024-03-29 07:47:51,2024-03-29 11:29:51,222,completed,7,47,4,0,1,0,0,3,29,1
5145,UP80DK4598,car,C7,2024-03-29 07:54:33,2024-03-29 14:38:33,404,completed,7,54,4,0,1,0,0,3,29,0
5146,UP80HP8753,bike,B2,2024-03-29 08:39:09,2024-03-29 12:30:09,231,completed,8,39,4,0,1,0,0,3,29,1
5147,UP80PT9928,car,C8,2024-03-29 08:51:24,2024-03-29 14:49:24,358,completed,8,51,4,0,1,0,0,3,29,0
5148,UP80NZ7201,car,C9,2024-03-29 08:59:15,2024-03-29 15:23:15,384,completed,8,59,4,0,1,0,0,3,29,0
5149,UP80MY5892,car,C10,2024-03-29 08:50:07,2024-03-29 15:41:07,411,completed,8,50,4,0,1,0,0,3,29,0
5150,UP80FA6168,bike,B3,2024-03-29 08:59:02,2024-03-29 12:29:02,210,completed,8,59,4,0,1,0,0,3,29,1
5151,UP80WD3621,bike,B4,2024-03-29 08:23:35,2024-03-29 13:41:35,318,completed,8,23,4,0,1,0,0,3,29,1
5152,UP80VA3615,car,C11,2024-03-29 08:29:38,2024-03-29 13:08:38,279,completed,8,29,4,0,1,0,0,3,29,0
5153,UP80FM8517,bike,B5,2024-03-29 08:24:08,2024-03-29 11:58:08,214,completed,8,24,4,0,1,0,0,3,29,1
5154,UP80GL6279,car,C12,2024-03-29 08:39:12,2024-03-29 13:23:12,284,completed,8,39,4,0,1,0,0,3,29,0
5155,UP80FM8517,bike,B6,2024-03-29 08:48:16,2024-03-29 13:08:16,260,completed,8,48,4,0,1,0,0,3,29,1
5156,UP80LL5557,car,C2,2024-03-29 09:44:38,2024-03-29 17:01:38,437,completed,9,44,4,0,1,0,0,3,29,0
5157,UP80PF8800,bike,B7,2024-03-29 09:18:42,2024-03-29 12:45:42,207,completed,9,18,4,0,1,0,0,3,29,1
5158,UP80RU2307,car,C1,2024-03-29 09:54:55,2024-03-29 16:55:55,421,completed,9,54,4,0,1,0,0,3,29,0
5159,UP80LL5557,car,C13,2024-03-29 10:16:42,2024-03-29 11:57:42,101,completed,10,16,4,0,0,0,0,3,29,0
5160,UP80FU2674,car,C14,2024-03-29 10:25:47,2024-03-29 10:30:47,5,completed,10,25,4,0,0,0,0,3,29,0
5161,UP80QA2535,bike,B8,2024-03-29 10:23:20,2024-03-29 11:21:20,58,completed,10,23,4,0,0,0,0,3,29,1
5162,UP80DU9837,bike,B9,2024-03-29 10:11:24,2024-03-29 11:56:24,105,completed,10,11,4,0,0,0,0,3,29,1
5163,UP80VA3615,car,C15,2024-03-29 10:03:42,2024-03-29 11:29:42,86,completed,10,3,4,0,0,0,0,3,29,0
5164,UP80FN1434,bike,B10,2024-03-29 10:05:52,2024-03-29 10:43:52,38,completed,10,5,4,0,0,0,0,3,29,1
5165,UP80BD7275,car,C14,2024-03-29 11:26:04,2024-03-29 13:36:04,130,completed,11,26,4,0,0,0,0,3,29,0
5166,UP80AW3979,car,C3,2024-03-29 12:16:49,2024-03-29 13:30:49,74,completed,12,16,4,0,0,1,0,3,29,0
5167,UP80PT9928,car,C13,2024-03-29 12:32:05,2024-03-29 13:32:05,60,completed,12,32,4,0,0,1,0,3,29,0
5168,UP80SJ3547,car,C15,2024-03-29 12:43:47,2024-03-29 13:42:47,59,completed,12,43,4,0,0,1,0,3,29,0
5169,UP80SS2169,bike,B1,2024-03-29 12:41:48,2024-03-29 13:18:48,37,completed,12,41,4,0,0,1,0,3,29,1
5170,UP80UU6573,car,C3,2024-03-29 13:36:39,2024-03-29 14:19:39,43,completed,13,36,4,0,0,1,0,3,29,0
5171,UP80NZ7201,car,C5,2024-03-29 13:54:25,2024-03-29 14:47:25,53,completed,13,54,4,0,0,1,0,3,29,0
5172,UP80NZ1188,bike,B1,2024-03-29 13:03:16,2024-03-29 13:38:16,35,completed,13,3,4,0,0,1,0,3,29,1
5173,UP80NC1771,car,C6,2024-03-29 13:07:31,2024-03-29 14:21:31,74,completed,13,7,4,0,0,1,0,3,29,0
5174,UP80SX5930,bike,B2,2024-03-29 13:26:54,2024-03-29 14:07:54,41,completed,13,26,4,0,0,1,0,3,29,1
5175,UP80ZU9317,car,C3,2024-03-29 14:20:46,2024-03-29 17:36:46,196,completed,14,20,4,0,0,0,0,3,29,0
5176,UP80SJ3547,car,C5,2024-03-29 14:49:33,2024-03-29 18:19:33,210,completed,14,49,4,0,0,0,0,3,29,0
5177,UP80PT9928,car,C6,2024-03-29 15:01:26,2024-03-29 15:07:26,6,completed,15,1,4,0,0,0,0,3,29,0
5178,UP80KB6155,car,C4,2024-03-29 15:52:18,2024-03-29 17:33:18,101,completed,15,52,4,0,0,0,0,3,29,0
5179,UP80PS1750,bike,B1,2024-03-29 15:04:40,2024-03-29 16:25:40,81,completed,15,4,4,0,0,0,0,3,29,1
5180,UP80HJ5952,bike,B1,2024-03-29 16:26:16,2024-03-29 17:28:16,62,completed,16,26,4,0,0,0,0,3,29,1
5181,UP80GQ7543,car,C6,2024-03-29 16:40:27,2024-03-29 18:05:27,85,completed,16,40,4,0,0,0,0,3,29,0
5182,UP80DD9830,car,C7,2024-03-29 16:40:39,2024-03-29 18:38:39,118,completed,16,40,4,0,0,0,0,3,29,0
5183,UP80RA5506,car,C8,2024-03-29 16:54:29,2024-03-29 19:05:29,131,completed,16,54,4,0,0,0,0,3,29,0
5184,UP80CL8433,car,C9,2024-03-29 16:50:36,2024-03-29 18:30:36,100,completed,16,50,4,0,0,0,0,3,29,0
5185,UP80DK4598,car,C1,2024-03-29 17:46:14,2024-03-29 19:57:14,131,completed,17,46,4,0,0,0,1,3,29,0
5186,UP80KR4185,car,C2,2024-03-29 17:09:56,2024-03-29 19:28:56,139,completed,17,9,4,0,0,0,1,3,29,0
5187,UP80HG6147,car,C3,2024-03-29 17:51:29,2024-03-29 18:51:29,60,completed,17,51,4,0,0,0,1,3,29,0
5188,UP80XW5889,car,C4,2024-03-29 17:29:37,2024-03-29 19:26:37,117,completed,17,29,4,0,0,0,1,3,29,0
5189,UP80PA2343,car,C10,2024-03-29 17:36:20,2024-03-29 19:29:20,113,completed,17,36,4,0,0,0,1,3,29,0
5190,UP80WW7227,car,C11,2024-03-29 17:58:39,2024-03-29 19:17:39,79,completed,17,58,4,0,0,0,1,3,29,0
5191,UP80GR6977,car,C12,2024-03-29 17:16:19,2024-03-29 18:47:19,91,completed,17,16,4,0,0,0,1,3,29,0
5192,UP80SC9797,car,C13,2024-03-29 17:58:47,2024-03-29 19:05:47,67,completed,17,58,4,0,0,0,1,3,29,0
5193,UP80VA3615,car,C5,2024-03-29 18:27:32,2024-03-29 20:43:32,136,completed,18,27,4,0,0,0,1,3,29,0
5194,UP80WW7227,car,C6,2024-03-29 18:14:14,2024-03-29 20:07:14,113,completed,18,14,4,0,0,0,1,3,29,0
5195,UP80CM2133,car,C14,2024-03-29 18:01:38,2024-03-29 19:15:38,74,completed,18,1,4,0,0,0,1,3,29,0
5196,UP80SW1916,bike,B1,2024-03-29 18:05:53,2024-03-29 19:46:53,101,completed,18,5,4,0,0,0,1,3,29,1
5197,UP80QA2535,bike,B2,2024-03-29 18:38:43,2024-03-29 20:00:43,82,completed,18,38,4,0,0,0,1,3,29,1
5198,UP80WD3621,bike,B3,2024-03-29 18:44:56,2024-03-29 19:04:56,20,completed,18,44,4,0,0,0,1,3,29,1
5199,UP80FB1344,car,C7,2024-03-29 18:33:30,2024-03-29 20:16:30,103,completed,18,33,4,0,0,0,1,3,29,0
5200,UP80GR6977,car,C9,2024-03-29 18:06:44,2024-03-29 20:00:44,114,completed,18,6,4,0,0,0,1,3,29,0
5201,UP80VA3615,car,C15,2024-03-29 18:24:15,2024-03-29 19:00:15,36,completed,18,24,4,0,0,0,1,3,29,0
5202,UP80GX3546,car,C3,2024-03-29 19:25:25,2024-03-29 21:27:25,122,completed,19,25,4,0,0,0,1,3,29,0
5203,UP80SS2169,bike,B3,2024-03-29 19:09:12,2024-03-29 21:04:12,115,completed,19,9,4,0,0,0,1,3,29,1
5204,UP80XW5889,car,C8,2024-03-29 19:11:39,2024-03-29 21:04:39,113,completed,19,11,4,0,0,0,1,3,29,0
5205,UP80KH8633,car,C2,2024-03-29 19:37:36,2024-03-29 21:12:36,95,completed,19,37,4,0,0,0,1,3,29,0
5206,UP80ZU9317,car,C1,2024-03-29 19:58:50,2024-03-29 20:40:50,42,completed,19,58,4,0,0,0,1,3,29,0
5207,UP80CU2983,bike,B1,2024-03-29 20:53:22,2024-03-29 21:58:22,65,completed,20,53,4,0,0,0,0,3,29,1
5208,UP80LB6974,bike,B2,2024-03-29 20:36:41,2024-03-29 22:12:41,96,completed,20,36,4,0,0,0,0,3,29,1
5209,UP80PT9928,car,C1,2024-03-29 20:46:28,2024-03-29 23:26:28,160,completed,20,46,4,0,0,0,0,3,29,0
5210,UP80FJ9849,bike,B4,2024-03-29 20:13:25,2024-03-29 21:40:25,87,completed,20,13,4,0,0,0,0,3,29,1
5211,UP80LV9702,bike,B5,2024-03-29 20:00:13,2024-03-29 21:28:13,88,completed,20,0,4,0,0,0,0,3,29,1
5212,UP80FY8260,bike,B6,2024-03-29 20:41:29,2024-03-29 22:14:29,93,completed,20,41,4,0,0,0,0,3,29,1
5213,UP80UU6573,car,C4,2024-03-29 21:06:10,2024-03-29 22:45:10,99,completed,21,6,4,0,0,0,0,3,29,0
5214,UP80RA5506,car,C2,2024-03-29 21:13:13,2024-03-30 00:28:13,195,completed,21,13,4,0,0,0,0,3,29,0
5215,UP80RU2307,car,C3,2024-03-29 22:34:02,2024-03-30 02:09:02,215,completed,22,34,4,0,0,0,0,3,29,0
5216,UP80CC6635,car,C1,2024-03-29 23:44:09,2024-03-30 02:03:09,139,completed,23,44,4,0,0,0,0,3,29,0
5217,UP80DM3705,bike,B1,2024-03-30 00:01:23,2024-03-30 00:40:23,39,completed,0,1,5,1,0,0,0,3,30,1
5218,UP80KZ5345,car,C1,2024-03-30 07:49:16,2024-03-30 12:56:16,307,completed,7,49,5,1,1,0,0,3,30,0
5219,UP80RA5506,car,C2,2024-03-30 08:11:13,2024-03-30 13:29:13,318,completed,8,11,5,1,1,0,0,3,30,0
5220,UP80FU2674,car,C3,2024-03-30 08:08:15,2024-03-30 14:15:15,367,completed,8,8,5,1,1,0,0,3,30,0
5221,UP80NZ7201,car,C4,2024-03-30 09:33:14,2024-03-30 15:05:14,332,completed,9,33,5,1,1,0,0,3,30,0
5222,UP80NC1771,car,C5,2024-03-30 09:40:17,2024-03-30 13:33:17,233,completed,9,40,5,1,1,0,0,3,30,0
5223,UP80GQ7543,car,C6,2024-03-30 09:13:36,2024-03-30 15:46:36,393,completed,9,13,5,1,1,0,0,3,30,0
5224,UP80DD9830,car,C7,2024-03-30 10:01:55,2024-03-30 11:37:55,96,completed,10,1,5,1,0,0,0,3,30,0
5225,UP80GQ7543,car,C8,2024-03-30 10:14:07,2024-03-30 11:09:07,55,completed,10,14,5,1,0,0,0,3,30,0
5226,UP80BH6925,bike,B1,2024-03-30 11:43:19,2024-03-30 12:29:19,46,completed,11,43,5,1,0,0,0,3,30,1
5227,UP80WW7227,car,C7,2024-03-30 11:16:23,2024-03-30 12:50:23,94,completed,11,16,5,1,0,0,0,3,30,0
5228,UP80RA5506,car,C8,2024-03-30 11:25:16,2024-03-30 12:52:16,87,completed,11,25,5,1,0,0,0,3,30,0
5229,UP80DK4598,car,C9,2024-03-30 12:34:18,2024-03-30 13:24:18,50,completed,12,34,5,1,0,1,0,3,30,0
5230,UP80FU2674,car,C10,2024-03-30 12:06:31,2024-03-30 12:59:31,53,completed,12,6,5,1,0,1,0,3,30,0
5231,UP80NZ1188,bike,B1,2024-03-30 13:26:53,2024-03-30 14:05:53,39,completed,13,26,5,1,0,1,0,3,30,1
5232,UP80FD2679,bike,B2,2024-03-30 13:22:00,2024-03-30 14:05:00,43,completed,13,22,5,1,0,1,0,3,30,1
5233,UP80DD9830,car,C1,2024-03-30 14:51:26,2024-03-30 17:04:26,133,completed,14,51,5,1,0,0,0,3,30,0
5234,UP80DK4598,car,C2,2024-03-30 14:21:53,2024-03-30 16:34:53,133,completed,14,21,5,1,0,0,0,3,30,0
5235,UP80SJ3547,car,C3,2024-03-30 14:44:15,2024-03-30 15:49:15,65,completed,14,44,5,1,0,0,0,3,30,0
5236,UP80DJ2127,car,C4,2024-03-30 15:20:32,2024-03-30 15:47:32,27,completed,15,20,5,1,0,0,0,3,30,0
5237,UP80RU2307,car,C5,2024-03-30 15:41:28,2024-03-30 16:54:28,73,completed,15,41,5,1,0,0,0,3,30,0
5238,UP80AJ7624,bike,B1,2024-03-30 15:44:54,2024-03-30 17:24:54,100,completed,15,44,5,1,0,0,0,3,30,1
5239,UP80ET5530,car,C7,2024-03-30 15:11:21,2024-03-30 17:24:21,133,completed,15,11,5,1,0,0,0,3,30,0
5240,UP80LP3441,bike,B2,2024-03-30 16:05:07,2024-03-30 17:19:07,74,completed,16,5,5,1,0,0,0,3,30,1
5241,UP80GQ7543,car,C3,2024-03-30 16:20:20,2024-03-30 18:40:20,140,completed,16,20,5,1,0,0,0,3,30,0
5242,UP80SX2424,car,C2,2024-03-30 16:35:34,2024-03-30 17:39:34,64,completed,16,35,5,1,0,0,0,3,30,0
5243,UP80FD2679,bike,B3,2024-03-30 16:28:17,2024-03-30 17:52:17,84,completed,16,28,5,1,0,0,0,3,30,1
5244,UP80ZN7455,car,C1,2024-03-30 17:22:51,2024-03-30 18:24:51,62,completed,17,22,5,1,0,0,1,3,30,0
5245,UP80SC9797,car,C2,2024-03-30 17:48:37,2024-03-30 18:30:37,42,completed,17,48,5,1,0,0,1,3,30,0
5246,UP80FK5915,car,C4,2024-03-30 17:19:52,2024-03-30 19:05:52,106,completed,17,19,5,1,0,0,1,3,30,0
5247,UP80DK4598,car,C1,2024-03-30 18:57:14,2024-03-30 21:11:14,134,completed,18,57,5,1,0,0,1,3,30,0
5248,UP80TK7118,car,C2,2024-03-30 18:23:38,2024-03-30 19:27:38,64,completed,18,23,5,1,0,0,1,3,30,0
5249,UP80JZ3266,car,C3,2024-03-30 18:50:22,2024-03-30 20:00:22,70,completed,18,50,5,1,0,0,1,3,30,0
5250,UP80NZ7201,car,C5,2024-03-30 18:54:05,2024-03-30 20:57:05,123,completed,18,54,5,1,0,0,1,3,30,0
5251,UP80FD2679,bike,B1,2024-03-30 18:37:51,2024-03-30 19:33:51,56,completed,18,37,5,1,0,0,1,3,30,1
5252,UP80TH9379,car,C6,2024-03-30 18:09:28,2024-03-30 18:50:28,41,completed,18,9,5,1,0,0,1,3,30,0
5253,UP80KB6155,car,C2,2024-03-30 19:43:06,2024-03-30 21:59:06,136,completed,19,43,5,1,0,0,1,3,30,0
5254,UP80SX2424,car,C3,2024-03-30 20:22:33,2024-03-30 22:24:33,122,completed,20,22,5,1,0,0,0,3,30,0
5255,UP80CC6635,car,C4,2024-03-30 20:06:56,2024-03-30 22:02:56,116,completed,20,6,5,1,0,0,0,3,30,0
5256,UP80KB6155,car,C6,2024-03-30 20:45:33,2024-03-30 22:57:33,132,completed,20,45,5,1,0,0,0,3,30,0
5257,UP80NC1771,car,C1,2024-03-30 23:58:32,2024-03-31 00:42:32,44,completed,23,58,5,1,0,0,0,3,30,0
